event_idx,load_mw,critical_event,selector_time_ms,surrogate_time_ms,baseline_ctrl_ms,droop_ctrl_ms,proposed_ctrl_ms,nr_time_ms,cycle_time_ms,deadline_miss,surrogate_vm_pu,raw_vm_ref_pu,converged,base_vm_ref_pu,droop_vm_ref_pu,prop_vm_ref_pu,p_base_mw,p_droop_mw,p_prop_mw,actual_violation,base_violation,droop_violation,prop_violation
2,100.0,True,0.0005420006345957518,0.005541995051316917,0.00037500285543501377,0.0002500019036233425,0.0033329997677356005,4.061958999955095,4.072834002727177,False,0.99958,0.8940181450675031,True,0.8940181450675031,0.8940181450675031,0.8940181450675031,100.0,100.0,100.0,True,True,True,True
4,16.0,True,0.00029199873097240925,0.003334003849886358,0.000166997779160738,0.0002079978003166616,0.0007919952622614801,3.9419579989043996,3.947582998080179,False,0.9999328,0.8247175239706088,True,0.8247175239706088,0.8247175239706088,0.8247175239706088,16.0,16.0,16.0,True,True,True,True
5,245.0,True,0.0004999965312890708,0.004499997885432094,0.00033300602808594704,0.00033299875212833285,0.00037500285543501377,8.15316600346705,8.159749995684251,False,0.998971,0.9315108595533097,True,0.9609244451109185,0.9609244451109185,0.9609244451109185,100.0,100.0,100.0,False,False,False,False
6,5.0,True,0.0007500057108700275,0.004916997568216175,0.00033299875212833285,0.0004999965312890708,0.00037500285543501377,4.815916996449232,4.823374998522922,False,0.999979,1.0,True,1.0,1.0,1.0,5.0,5.0,5.0,False,False,False,False
31,51.67,True,0.000166997779160738,0.0022500025806948543,0.00012500095181167126,0.00012500095181167126,0.0005829933797940612,4.20016599673545,4.203791999316309,False,0.999782986,0.8054211541690639,True,0.8054211541690639,0.8054211541690639,0.8054211541690639,51.67,51.67,51.67,True,True,True,True
32,352.78,True,0.00029199873097240925,0.004958004865329713,0.00037500285543501377,0.0002500019036233425,0.0004160028765909374,7.975291999173351,7.982167000591289,False,0.998518324,0.9891003990169254,True,1.0,1.0,1.0,100.0,100.0,100.0,False,False,False,False
33,28.0,True,0.0007499984349124134,0.005957997927907854,0.0004159956006333232,0.00029199873097240925,0.0004999965312890708,4.159083000558894,4.167625003901776,False,0.9998824,0.9079862358306022,True,0.9079862358306022,0.9079862358306022,0.9079862358306022,28.0,28.0,28.0,False,False,False,False
36,254.0,True,0.0002090018824674189,0.002624998160172254,0.00012500095181167126,0.00012500095181167126,0.00033299875212833285,7.016415998805314,7.020292003289796,False,0.9989332,1.0,True,1.0,1.0,1.0,100.0,100.0,100.0,False,False,False,False
42,748.0,True,0.0002079978003166616,0.0024999972083605826,0.00012500095181167126,0.000166997779160738,0.000500003807246685,7.457040999724995,7.460875000106171,False,0.9968584,0.9705931802842371,True,1.0,1.0,1.0,100.0,100.0,100.0,False,False,False,False
47,30.0,True,0.0002500019036233425,0.0026669949875213206,0.00012500095181167126,0.00012499367585405707,0.0004999965312890708,3.998209002020303,4.0022909961408,False,0.999874,1.0,True,1.0,1.0,1.0,30.0,30.0,30.0,False,False,False,False
52,365.0,True,0.000166997779160738,0.0024999972083605826,0.00012500095181167126,0.00012499367585405707,0.0003749955794773996,7.460125001671258,7.463875001121778,False,0.998467,1.0,True,1.0,1.0,1.0,100.0,100.0,100.0,False,False,False,False
57,746.0,True,0.0002079978003166616,0.002791995939332992,0.00012500095181167126,8.300412446260452e-05,0.0004999965312890708,7.538584002759308,7.542749997810461,False,0.9968668,0.993578912097728,True,1.0,1.0,1.0,100.0,100.0,100.0,False,False,False,False
61,56.0,True,0.0007499984349124134,0.00654099858365953,0.00037500285543501377,0.0004579997039400041,0.0004579997039400041,3.885541002091486,3.8946250060689636,False,0.9997648,0.7880100847631112,True,0.7880100847631112,0.7880100847631112,0.7880100847631112,56.0,56.0,56.0,True,True,True,True
78,41.58,True,8.299684850499034e-05,0.0020000006770715117,8.299684850499034e-05,8.299684850499034e-05,0.0004160028765909374,3.966915995988529,3.9699169938103296,False,0.999825364,0.8427864202800116,True,0.8427864202800116,0.8427864202800116,0.8427864202800116,41.58,41.58,41.58,True,True,True,True
107,2.0,True,0.00012500095181167126,0.0018749997252598405,0.00012500095181167126,8.400093065574765e-05,0.000333995558321476,4.0353750009671785,4.03829100105213,False,0.9999916,0.8206461691732069,True,0.8206461691732069,0.8206461691732069,0.8206461691732069,2.0,2.0,2.0,True,True,True,True
108,300.0,True,0.0004159956006333232,0.004333000106271356,0.0002079978003166616,0.0002079978003166616,0.00033299875212833285,7.561999998870306,7.56800000090152,False,0.99874,0.8080797045411333,True,0.8940181450675031,0.8940181450675031,0.8940181450675031,100.0,100.0,100.0,True,True,True,True
109,2.0,True,0.0005830006557516754,0.004999994416721165,0.00029199873097240925,0.0002910019247792661,0.00037500285543501377,4.149624997808132,4.156666997005232,False,0.9999916,0.8580422038141771,True,0.8580422038141771,0.8580422038141771,0.8580422038141771,2.0,2.0,2.0,True,True,True,True
126,227.0,True,0.00012500095181167126,0.0022079984773881733,0.00012500095181167126,0.00016599369700998068,0.0004169996827840805,7.721707996097393,7.725167000899091,False,0.9990466,1.0,True,1.0,1.0,1.0,100.0,100.0,100.0,False,False,False,False
156,367.0,True,0.00012500095181167126,0.002082997525576502,0.00012500095181167126,0.00012500095181167126,0.0004999965312890708,7.318791998841334,7.322125005885027,False,0.9984586,1.0,True,1.0,1.0,1.0,100.0,100.0,100.0,False,False,False,False
158,16.0,True,0.00029199873097240925,0.00316700607072562,0.000166997779160738,0.00016600097296759486,0.00037500285543501377,3.6674579969258048,3.672124999866355,False,0.9999328,0.8885632317345776,True,0.8885632317345776,0.8885632317345776,0.8885632317345776,16.0,16.0,16.0,True,True,True,True
161,602.75,True,0.0005409965524449944,0.005708003300242126,0.0004160028765909374,0.00029199873097240925,0.0005420006345957518,8.146082996972837,8.15429200156359,False,0.99746845,0.8476880396298709,True,0.9797611294690362,0.9797611294690362,0.9797611294690362,100.0,100.0,100.0,True,False,False,False
162,187.0,True,0.000957996235229075,0.005791000148747116,0.00037500285543501377,0.0002500019036233425,0.0004169996827840805,7.751583005301654,7.759916996292304,False,0.9992146,1.0,True,1.0,1.0,1.0,100.0,100.0,100.0,False,False,False,False
169,253.0,True,0.0007080016075633466,0.006708003638777882,0.000500003807246685,0.00029199873097240925,0.0004580069798976183,7.929375002277084,7.938583999930415,False,0.9989374,1.0,True,1.0,1.0,1.0,100.0,100.0,100.0,False,False,False,False
170,461.25,True,0.00033299875212833285,0.005792004230897874,0.00029199873097240925,0.0002500019036233425,0.0004579997039400041,7.771208001940977,7.7789580027456395,False,0.99806275,1.0,True,1.0,1.0,1.0,100.0,100.0,100.0,False,False,False,False
173,408.0,True,0.00020800507627427578,0.003374996595084667,0.0002079978003166616,0.0002079978003166616,0.0004169996827840805,7.782000000588596,7.787000002281275,False,0.9982864,0.8042947073000856,True,0.9237376331502339,0.9237376331502339,0.9237376331502339,100.0,100.0,100.0,True,False,False,False
174,18.33,True,0.0004999965312890708,0.005000001692678779,0.0004160028765909374,0.00020800507627427578,0.00037500285543501377,4.053208998811897,4.060375002154615,False,0.999923014,0.8520604654083644,True,0.8520604654083644,0.8520604654083644,0.8520604654083644,18.33,18.33,18.33,True,True,True,True
183,548.67,True,0.000166997779160738,0.0024170003598555923,0.00012500095181167126,0.00012500095181167126,0.00033300602808594704,7.442791000357829,7.446333002008032,False,0.997695586,1.0,True,1.0,1.0,1.0,100.0,100.0,100.0,False,False,False,False
184,170.81,True,0.0004590037860907614,0.004499997885432094,0.00024999462766572833,0.0002079978003166616,0.0004579997039400041,8.221040996431839,8.227333004469983,False,0.999282598,0.75664122543663,True,0.8142143494265454,0.8142143494265454,0.8142143494265454,100.0,100.0,100.0,True,True,True,True
198,244.0,True,0.00012500095181167126,0.0020830048015341163,8.300412446260452e-05,0.00016600097296759486,0.00037500285543501377,7.223209002404474,7.226417001220398,False,0.9989752,1.0,True,1.0,1.0,1.0,100.0,100.0,100.0,False,False,False,False
209,380.67,True,0.000166997779160738,0.002291999408043921,0.00012500095181167126,8.400093065574765e-05,0.00033299875212833285,7.474999998521525,7.478499996068422,False,0.998401186,0.9264581102739293,True,0.9797611294690362,0.9797611294690362,0.9797611294690362,100.0,100.0,100.0,False,False,False,False
229,305.0,True,0.000166997779160738,0.0020420047803781927,8.400093065574765e-05,8.400093065574765e-05,0.0003749955794773996,7.23070800449932,7.233834003272932,False,0.998719,0.9892432271194284,True,1.0,1.0,1.0,100.0,100.0,100.0,False,False,False,False
230,42.0,True,0.00033299875212833285,0.004374996933620423,0.00037500285543501377,0.000166997779160738,0.00033400283427909017,3.5542080004233867,3.560416000254918,False,0.9998236,1.0,True,1.0,1.0,1.0,42.0,42.0,42.0,False,False,False,False
231,303.32,True,0.00037500285543501377,0.004082998202648014,0.00024999462766572833,0.00020800507627427578,0.000333995558321476,7.279666999238543,7.285374995262828,False,0.998726056,1.0,True,1.0,1.0,1.0,100.0,100.0,100.0,False,False,False,False
232,36.0,True,0.0004999965312890708,0.005207999492995441,0.0003749955794773996,0.0002090018824674189,0.00037500285543501377,3.534208000928629,3.541458005202003,False,0.9998488,1.0,True,1.0,1.0,1.0,36.0,36.0,36.0,False,False,False,False
258,339.0,True,0.00012500095181167126,0.0020419975044205785,8.299684850499034e-05,0.00012500095181167126,0.00033400283427909017,7.034750000457279,7.037875002424698,False,0.9985762,1.0,True,1.0,1.0,1.0,100.0,100.0,100.0,False,False,False,False
259,90.0,True,0.000500003807246685,0.005084002623334527,0.00029199873097240925,0.00033300602808594704,0.0003749955794773996,3.6616669967770576,3.668790996016469,False,0.999622,1.0,True,1.0,1.0,1.0,90.0,90.0,90.0,False,False,False,False
276,100.0,True,0.0005420006345957518,0.005166999471839517,0.0005420006345957518,0.00029099464882165194,0.0003749955794773996,3.850665998470504,3.858083000523038,False,0.99958,1.0,True,1.0,1.0,1.0,100.0,100.0,100.0,False,False,False,False
298,92.0,True,0.00033300602808594704,0.0030410010367631912,0.00020800507627427578,0.000166997779160738,0.000500003807246685,3.60129199543735,3.6059999983990565,False,0.9996136,1.0,True,1.0,1.0,1.0,92.0,92.0,92.0,False,False,False,False
306,36.0,True,0.00016600097296759486,0.002167005732189864,0.00012499367585405707,0.00012500095181167126,0.0003749955794773996,3.6504589952528477,3.653792002296541,False,0.9998488,1.0,True,1.0,1.0,1.0,36.0,36.0,36.0,False,False,False,False
313,19.0,True,0.0007499984349124134,0.006666996341664344,0.00037500285543501377,0.00033299875212833285,0.0004999965312890708,3.8875409954926,3.896832997270394,False,0.9999202,1.0,True,1.0,1.0,1.0,19.0,19.0,19.0,False,False,False,False
337,778.13,True,0.000166997779160738,0.0021660016500391066,8.299684850499034e-05,8.299684850499034e-05,0.0003749955794773996,7.312917005037889,7.3163330016541295,False,0.996731854,0.9869088894776398,True,1.0,1.0,1.0,100.0,100.0,100.0,False,False,False,False
349,272.0,True,0.00012500095181167126,0.0020000006770715117,0.00012500095181167126,0.00016600097296759486,0.00037500285543501377,7.401582995953504,7.404625001072418,False,0.9988576,1.0,True,1.0,1.0,1.0,100.0,100.0,100.0,False,False,False,False
364,295.31,True,0.00016600097296759486,0.0020420047803781927,0.00012500095181167126,0.00020800507627427578,0.000500003807246685,7.503332999476697,7.506874993850943,False,0.998759698,0.8112134754939658,True,0.8940181450675031,0.8940181450675031,0.8940181450675031,100.0,100.0,100.0,True,True,True,True
371,355.0,True,0.0002079978003166616,0.002291999408043921,8.400093065574765e-05,0.00012500095181167126,0.00037500285543501377,7.054459005303215,7.0579170060227625,False,0.998509,1.0,True,1.0,1.0,1.0,100.0,100.0,100.0,False,False,False,False
372,133.0,True,0.0004160028765909374,0.004374996933620423,0.0002500019036233425,0.0002079978003166616,0.00033299875212833285,7.180375003372319,7.186582995927893,False,0.9994414,0.847793460862923,True,0.8610658335900354,0.8610658335900354,0.8610658335900354,100.0,100.0,100.0,True,True,True,True
376,333.25,True,0.00012500095181167126,0.002416003553662449,0.00012500095181167126,0.00012500095181167126,0.0002910019247792661,6.67799999791896,6.681541999569163,False,0.99860035,1.0,True,1.0,1.0,1.0,100.0,100.0,100.0,False,False,False,False
381,849.24,True,0.00045899651013314724,0.0070829992182552814,0.0004579997039400041,0.00033299875212833285,0.0004579997039400041,7.1191669994732365,7.128583005396649,False,0.996433192,0.9591334558737863,True,1.0,1.0,1.0,100.0,100.0,100.0,False,False,False,False
382,30.3,True,0.0006669943104498088,0.005125002644490451,0.00037500285543501377,0.00029099464882165194,0.0004169996827840805,3.7919999958830886,3.799457997956779,False,0.99987274,1.0,True,1.0,1.0,1.0,30.3,30.3,30.3,False,False,False,False
398,339.0,True,0.000166997779160738,0.0024170003598555923,0.00012499367585405707,0.00016700505511835217,0.0004579997039400041,8.708582994586322,8.712250004464295,False,0.9985762,1.0,True,1.0,1.0,1.0,100.0,100.0,100.0,False,False,False,False
412,228.0,True,0.0002090018824674189,0.0025839981390163302,0.00012500095181167126,0.00016700505511835217,0.0004169996827840805,8.058957995672245,8.062833003350534,False,0.9990424,0.990718291339143,True,0.9992122092123257,0.9992122092123257,0.9992122092123257,100.0,100.0,100.0,False,False,False,False
434,362.0,True,0.00012500095181167126,0.0020000006770715117,8.400093065574765e-05,0.00016700505511835217,0.0005829933797940612,6.815250002546236,6.818499998189509,False,0.9984796,1.0,True,1.0,1.0,1.0,100.0,100.0,100.0,False,False,False,False
435,82.0,True,0.000500003807246685,0.0038330035749822855,0.0002500019036233425,0.0002500019036233425,0.00033299875212833285,3.930040998966433,3.93587500002468,False,0.9996556,1.0,True,1.0,1.0,1.0,82.0,82.0,82.0,False,False,False,False
436,592.17,True,0.00037500285543501377,0.006624999514315277,0.00033299875212833285,0.0002079978003166616,0.0002910019247792661,6.891707998875063,6.90004199714167,False,0.997512886,0.9752311446877452,True,1.0,1.0,1.0,100.0,100.0,100.0,False,False,False,False
437,4.0,True,0.000500003807246685,0.004499997885432094,0.00029199873097240925,0.0002090018824674189,0.00037500285543501377,3.4055830037686974,3.4119170013582334,False,0.9999832,0.9895570341561575,True,0.9895570341561575,0.9895570341561575,0.9895570341561575,4.0,4.0,4.0,False,False,False,False
449,230.0,True,0.00012500095181167126,0.0021659943740814924,8.299684850499034e-05,8.299684850499034e-05,0.00029199873097240925,7.75324999995064,7.756334001896903,False,0.999034,0.8380935975941414,True,0.8880973597911049,0.8880973597911049,0.8880973597911049,100.0,100.0,100.0,True,True,True,True
466,40.0,True,0.00024999462766572833,0.0027909991331398487,0.00016600097296759486,0.00012500095181167126,0.00037500285543501377,3.6887079986627214,3.6927919936715625,False,0.999832,0.8814964007410335,True,0.8814964007410335,0.8814964007410335,0.8814964007410335,40.0,40.0,40.0,True,True,True,True
472,905.11,True,0.00016600097296759486,0.0022500025806948543,0.00012500095181167126,0.00012500095181167126,0.00033300602808594704,7.606125000165775,7.609540996782016,False,0.996198538,0.7573719401051124,True,0.9999196673918644,0.9999196673918644,0.9999196673918644,100.0,100.0,100.0,True,False,False,False
473,295.04,True,0.0004590037860907614,0.005541995051316917,0.0003749955794773996,0.0002090018824674189,0.0006249974831007421,7.284624996827915,7.292374997632578,False,0.998760832,0.8492549749597207,True,0.9146170005538099,0.9146170005538099,0.9146170005538099,100.0,100.0,100.0,True,False,False,False
479,276.33,True,0.00016700505511835217,0.002083994331769645,0.00012500095181167126,0.00012499367585405707,0.0004579997039400041,7.266874999913853,7.270208996487781,False,0.998839414,0.9505628652643572,True,0.9797611294690362,0.9797611294690362,0.9797611294690362,100.0,100.0,100.0,False,False,False,False
483,927.86,True,0.00016600097296759486,0.002291999408043921,0.00012500095181167126,0.00012500095181167126,0.00033299875212833285,7.361750002019107,7.365249999566004,False,0.996102988,0.9618821481669906,True,1.0,1.0,1.0,100.0,100.0,100.0,False,False,False,False
484,124.33,True,0.0007080016075633466,0.00583400105824694,0.00033400283427909017,0.0002500019036233425,0.00037500285543501377,7.288707995030563,7.2970420005731285,False,0.999477814,1.0,True,1.0,1.0,1.0,100.0,100.0,100.0,False,False,False,False
486,62.0,True,0.0007500057108700275,0.007208996976260096,0.0004169996827840805,0.00037500285543501377,0.0005420006345957518,4.1372090054210275,4.147083993302658,False,0.9997396,1.0,True,1.0,1.0,1.0,62.0,62.0,62.0,False,False,False,False
493,87.5,True,0.000166997779160738,0.0026670022634789348,0.00012500095181167126,0.000166997779160738,0.0005830006557516754,4.3867919957847334,4.390999994939193,False,0.9996325,0.8211190029906736,True,0.8211190029906736,0.8211190029906736,0.8211190029906736,87.5,87.5,87.5,True,True,True,True
518,57.0,True,0.00016600097296759486,0.002291999408043921,8.299684850499034e-05,0.00016600097296759486,0.0004169996827840805,3.832000002148561,3.8355419965228066,False,0.9997606,1.0,True,1.0,1.0,1.0,57.0,57.0,57.0,False,False,False,False
528,290.0,True,0.00029199873097240925,0.003249995643272996,0.0002079978003166616,0.000166997779160738,0.0004159956006333232,7.469249998393934,7.474083002307452,False,0.998782,0.9910160519113393,True,1.0,1.0,1.0,100.0,100.0,100.0,False,False,False,False
556,46.24,True,0.0013339958968572319,0.015082994650583714,0.000957996235229075,0.0007499984349124134,0.0010829971870407462,5.945874996541534,5.966415999864694,False,0.999805792,1.0,True,1.0,1.0,1.0,46.24,46.24,46.24,False,False,False,False
592,352.0,True,0.00029200600693002343,0.01383299968438223,0.000166997779160738,0.00020800507627427578,0.000500003807246685,28.170833000331186,28.186584000650328,True,0.9985216,0.8192431914375616,True,0.9146170005538099,0.9146170005538099,0.9146170005538099,100.0,100.0,100.0,True,False,False,False
598,349.0,True,0.00024999462766572833,0.00325000291923061,0.00020800507627427578,0.00012499367585405707,0.0005420006345957518,7.312542002182454,7.317499999771826,False,0.9985342,1.0,True,1.0,1.0,1.0,100.0,100.0,100.0,False,False,False,False
600,180.0,True,0.0008330025593750179,0.009542003681417555,0.00037500285543501377,0.0004160028765909374,0.0005420006345957518,7.367999998677988,7.380290997389238,False,0.999244,1.0,True,1.0,1.0,1.0,100.0,100.0,100.0,False,False,False,False
625,50.0,True,0.0006659975042566657,0.005708003300242126,0.0004170069587416947,0.000333995558321476,0.000500003807246685,4.256375003024004,4.264541996235494,False,0.99979,0.7923682930271392,True,0.7923682930271392,0.7923682930271392,0.7923682930271392,50.0,50.0,50.0,True,True,True,True
650,35.0,True,0.00012500095181167126,0.0019170038285665214,0.00012500095181167126,0.00012500095181167126,0.0004579997039400041,3.960707996156998,3.9638750022277236,False,0.999853,1.0,True,1.0,1.0,1.0,35.0,35.0,35.0,False,False,False,False
658,1046.62,True,0.00016600097296759486,0.0023329994291998446,0.00012499367585405707,0.00016600097296759486,0.00033299875212833285,7.727083000645507,7.730583005468361,False,0.995604196,0.9210892960875928,True,1.0,1.0,1.0,100.0,100.0,100.0,False,False,False,False
662,433.33,True,0.0003749955794773996,0.005249996320344508,0.00033400283427909017,0.00037500285543501377,0.00037500285543501377,7.832000002963468,7.8392499999608845,False,0.998180014,0.7404988372910782,True,0.9146170005538099,0.9146170005538099,0.9146170005538099,100.0,100.0,100.0,True,False,False,False
665,396.95,True,0.00016700505511835217,0.0026669949875213206,0.00016600097296759486,0.00012500095181167126,0.0002910019247792661,7.781416999932844,7.7853330003563315,False,0.99833281,0.9221813965158775,True,0.9797611294690362,0.9797611294690362,0.9797611294690362,100.0,100.0,100.0,False,False,False,False
666,396.95,True,0.0004169996827840805,0.005166002665646374,0.0004169996827840805,0.0002079978003166616,0.00037500285543501377,7.224833003419917,7.2319999962928705,False,0.99833281,0.983447426977578,True,1.0,1.0,1.0,100.0,100.0,100.0,False,False,False,False
667,101.63,True,0.0004579997039400041,0.004958004865329713,0.0002079978003166616,0.000166997779160738,0.00029199873097240925,7.873916001699399,7.880500001192559,False,0.999573154,0.9233507962116279,True,0.9237376331502339,0.9237376331502339,0.9237376331502339,100.0,100.0,100.0,False,False,False,False
669,57.0,True,0.0004590037860907614,0.005542002327274531,0.00037500285543501377,0.00024999462766572833,0.0004169996827840805,3.7584589954349212,3.766207999433391,False,0.9997606,1.0,True,1.0,1.0,1.0,57.0,57.0,57.0,False,False,False,False
693,35.0,True,0.00012500095181167126,0.0022079984773881733,8.300412446260452e-05,0.00012500095181167126,0.0004999965312890708,3.748540999367833,3.7520420009968802,False,0.999853,1.0,True,1.0,1.0,1.0,35.0,35.0,35.0,False,False,False,False
708,308.06,True,8.300412446260452e-05,0.002125001628883183,0.00012500095181167126,0.00012500095181167126,0.00033299875212833285,7.685791999392677,7.688958998187445,False,0.998706148,0.802420215115845,True,0.8940181450675031,0.8940181450675031,0.8940181450675031,100.0,100.0,100.0,True,True,True,True
710,40.0,True,0.0002910019247792661,0.0030000010156072676,0.00016599369700998068,0.00012500095181167126,0.0004169996827840805,3.5803330029011704,3.5847920007654466,False,0.999832,1.0,True,1.0,1.0,1.0,40.0,40.0,40.0,False,False,False,False
712,291.5,True,0.00020800507627427578,0.003207998815923929,8.299684850499034e-05,0.00016600097296759486,0.000333995558321476,7.5081670001964085,7.512582997151185,False,0.9987757,0.7463238883704356,True,0.8684136752395771,0.8684136752395771,0.8684136752395771,100.0,100.0,100.0,True,True,True,True
714,392.28,True,0.000166997779160738,0.0029579969123005867,0.00012500095181167126,0.00012499367585405707,0.0002500019036233425,7.053916997392662,7.0580000028712675,False,0.998352424,1.0,True,1.0,1.0,1.0,100.0,100.0,100.0,False,False,False,False
716,5.0,True,0.0004160028765909374,0.004707995685748756,0.00033299875212833285,0.0002500019036233425,0.00033300602808594704,3.462375003437046,3.4689590029302053,False,0.999979,1.0,True,1.0,1.0,1.0,5.0,5.0,5.0,False,False,False,False
725,42.0,True,0.00016700505511835217,0.0023329994291998446,0.00012500095181167126,8.400093065574765e-05,0.00037500285543501377,3.681707996292971,3.685208001115825,False,0.9998236,1.0,True,1.0,1.0,1.0,42.0,42.0,42.0,False,False,False,False
758,2.0,True,0.00012500095181167126,0.0020000006770715117,8.299684850499034e-05,8.400093065574765e-05,0.00033400283427909017,3.5727499998756684,3.57566599996062,False,0.9999916,0.9441907622464331,True,0.9441907622464331,0.9441907622464331,0.9441907622464331,2.0,2.0,2.0,False,False,False,False
764,350.0,True,0.00012500095181167126,0.002291999408043921,0.00012500095181167126,0.00012500095181167126,0.00037500285543501377,7.506416004616767,7.5098330053151585,False,0.99853,0.7365329530360667,True,0.8880973597911049,0.8880973597911049,0.8880973597911049,100.0,100.0,100.0,True,True,True,True
765,22.0,True,0.0004579997039400041,0.00470800296170637,0.00033299875212833285,0.00024999462766572833,0.00037500285543501377,3.659624999272637,3.666374999738764,False,0.9999076,0.9777760758212206,True,0.9777760758212206,0.9777760758212206,0.9777760758212206,22.0,22.0,22.0,False,False,False,False
773,350.0,True,0.00012500095181167126,0.0022080057533457875,8.300412446260452e-05,0.00016600097296759486,0.00033299875212833285,7.312291003472637,7.315625000046566,False,0.99853,1.0,True,1.0,1.0,1.0,100.0,100.0,100.0,False,False,False,False
774,143.0,True,0.0004160028765909374,0.0045000051613897085,0.00024999462766572833,0.0002079978003166616,0.0003749955794773996,8.191250002710149,8.197707997169346,False,0.9993994,1.0,True,1.0,1.0,1.0,100.0,100.0,100.0,False,False,False,False
814,40.0,True,0.0004579997039400041,0.006291003955993801,0.0004169996827840805,0.00033300602808594704,0.0004579997039400041,4.22166600037599,4.230250000546221,False,0.999832,0.799121529512174,True,0.799121529512174,0.799121529512174,0.799121529512174,40.0,40.0,40.0,True,True,True,True
819,24.0,True,0.00024999462766572833,0.002458000381011516,0.000166997779160738,0.00016600097296759486,0.0004169996827840805,4.368000001704786,4.372000003058929,False,0.9998992,0.8498937880708479,True,0.8498937880708479,0.8498937880708479,0.8498937880708479,24.0,24.0,24.0,True,True,True,True
825,306.43,True,0.00016600097296759486,0.0023329994291998446,0.000166997779160738,0.00016700505511835217,0.00037500285543501377,8.029875003558118,8.033541998884175,False,0.998712994,0.8035948188844475,True,0.8940181450675031,0.8940181450675031,0.8940181450675031,100.0,100.0,100.0,True,True,True,True
827,27.0,True,0.0005420006345957518,0.005666996003128588,0.00029099464882165194,0.0002079978003166616,0.0003749955794773996,4.16916699759895,4.1768750015762635,False,0.9998866,0.8071228200637292,True,0.8071228200637292,0.8071228200637292,0.8071228200637292,27.0,27.0,27.0,True,True,True,True
851,5.0,True,0.00016600097296759486,0.002291999408043921,8.400093065574765e-05,8.300412446260452e-05,0.00029199873097240925,4.347791997133754,4.351083000074141,False,0.999979,0.8191306823715253,True,0.8191306823715253,0.8191306823715253,0.8191306823715253,5.0,5.0,5.0,True,True,True,True
870,330.0,True,0.00012499367585405707,0.0022079984773881733,0.00012499367585405707,0.00012500095181167126,0.00029199873097240925,7.951292005600408,7.954542001243681,False,0.998614,0.7847311070550361,True,0.8940181450675031,0.8940181450675031,0.8940181450675031,100.0,100.0,100.0,True,True,True,True
885,15.0,True,0.00016600097296759486,0.0022090025595389307,0.00012500095181167126,8.300412446260452e-05,0.00029199873097240925,4.075083001225721,4.078291996847838,False,0.999937,0.9341660235474473,True,0.9341660235474473,0.9341660235474473,0.9341660235474473,15.0,15.0,15.0,False,False,False,False
892,15.0,True,0.0007089984137564898,0.011542004358489066,0.00045899651013314724,0.00033400283427909017,0.0004169996827840805,4.110375004529487,4.124500002944842,False,0.999937,0.9256272632279797,True,0.9256272632279797,0.9256272632279797,0.9256272632279797,15.0,15.0,15.0,False,False,False,False
908,400.0,True,0.00016600097296759486,0.002291999408043921,0.00012500095181167126,0.00012500095181167126,0.00033299875212833285,7.7692919949186035,7.772832999762613,False,0.99832,1.0,True,1.0,1.0,1.0,100.0,100.0,100.0,False,False,False,False
909,2.0,True,0.0004159956006333232,0.005000001692678779,0.00033299875212833285,0.0002079978003166616,0.0003749955794773996,3.887915998348035,3.8948750006966293,False,0.9999916,0.9577539573233717,True,0.9577539573233717,0.9577539573233717,0.9577539573233717,2.0,2.0,2.0,False,False,False,False
912,394.38,True,0.00016600097296759486,0.002749999111983925,0.00012500095181167126,0.000166997779160738,0.00029199873097240925,8.07008300034795,8.0741250058054,False,0.998343604,0.7884346808673878,True,0.9146170005538099,0.9146170005538099,0.9146170005538099,100.0,100.0,100.0,True,False,False,False
913,30.0,True,0.000500003807246685,0.005207999492995441,0.00033299875212833285,0.0002500019036233425,0.0004999965312890708,4.048499999043997,4.05595799384173,False,0.999874,0.9538980534048115,True,0.9538980534048115,0.9538980534048115,0.9538980534048115,30.0,30.0,30.0,False,False,False,False
920,356.47,True,0.000166997779160738,0.002459004463162273,8.400093065574765e-05,0.00012500095181167126,0.0003749955794773996,7.992999999260064,7.99662500503473,False,0.998502826,0.7552874996340425,True,0.8940181450675031,0.8940181450675031,0.8940181450675031,100.0,100.0,100.0,True,True,True,True
922,36.82,True,0.0006249974831007421,0.005917005182709545,0.00045899651013314724,0.00029200600693002343,0.0004160028765909374,4.1125410061795264,4.121042002225295,False,0.999845356,1.0,True,1.0,1.0,1.0,36.82,36.82,36.82,False,False,False,False
929,2.0,True,0.00020800507627427578,0.0023750035325065255,0.00016600097296759486,0.00012500095181167126,0.0005409965524449944,3.797582998231519,3.801459002716001,False,0.9999916,1.0,True,1.0,1.0,1.0,2.0,2.0,2.0,False,False,False,False
936,2.0,True,0.000667001586407423,0.005500005499925464,0.00037500285543501377,0.0002910019247792661,0.0004579997039400041,3.8251250007306226,3.8329579983837903,False,0.9999916,0.8206461691732069,True,0.8206461691732069,0.8206461691732069,0.8206461691732069,2.0,2.0,2.0,True,True,True,True
945,300.0,True,0.00012500095181167126,0.0022500025806948543,0.00012500095181167126,0.00016700505511835217,0.00033299875212833285,8.339082996826619,8.342374996573199,False,0.99874,0.728647699471437,True,0.8684136752395771,0.8684136752395771,0.8684136752395771,100.0,100.0,100.0,True,True,True,True
946,8.0,True,0.00037500285543501377,0.004624998837243766,0.0003749955794773996,0.00016600097296759486,0.00037500285543501377,3.6855829966953024,3.692082995257806,False,0.9999664,1.0,True,1.0,1.0,1.0,8.0,8.0,8.0,False,False,False,False
947,320.0,True,0.00045899651013314724,0.005374997272156179,0.00029199873097240925,0.0002079978003166616,0.0004159956006333232,7.643874996574596,7.651208004972432,False,0.998656,0.9926159180328024,True,1.0,1.0,1.0,100.0,100.0,100.0,False,False,False,False
948,9.0,True,0.0006660047802142799,0.005750000127591193,0.00037500285543501377,0.00016600097296759486,0.0004169996827840805,3.5978749947389588,3.6059580015717074,False,0.9999622,1.0,True,1.0,1.0,1.0,9.0,9.0,9.0,False,False,False,False
956,37.33,True,0.000500003807246685,0.005458998202811927,0.0003749955794773996,0.0002910019247792661,0.00033299875212833285,3.523000006680377,3.5305409983266145,False,0.999843214,1.0,True,1.0,1.0,1.0,37.33,37.33,37.33,False,False,False,False
958,10.0,True,0.0005420006345957518,0.005207999492995441,0.0003749955794773996,0.0002079978003166616,0.00037500285543501377,3.734458005055785,3.741708002053201,False,0.999958,0.8275837425985146,True,0.8275837425985146,0.8275837425985146,0.8275837425985146,10.0,10.0,10.0,True,True,True,True
960,252.0,True,0.00024999462766572833,0.003207998815923929,0.0002079978003166616,0.00016600097296759486,0.00029199873097240925,7.393875006528106,7.398583002213854,False,0.9989416,0.7733763827728372,True,0.8610658335900354,0.8610658335900354,0.8610658335900354,100.0,100.0,100.0,True,True,True,True
982,350.0,True,0.00012500095181167126,0.002125001628883183,8.300412446260452e-05,0.00012500095181167126,0.00033300602808594704,7.207916998595465,7.211333002487663,False,0.99853,0.8692783298285994,True,0.9401831759410586,0.9401831759410586,0.9401831759410586,100.0,100.0,100.0,True,False,False,False
1021,255.88,True,0.00016600097296759486,0.0020000006770715117,0.00012500095181167126,8.399365469813347e-05,0.00033400283427909017,7.1232080008485354,7.126332995539997,False,0.998925304,0.991163184694867,True,1.0,1.0,1.0,100.0,100.0,100.0,False,False,False,False
1023,300.0,True,0.0002500019036233425,0.002958004188258201,0.00012500095181167126,0.00020800507627427578,0.00033299875212833285,6.869208998978138,6.8734160013264045,False,0.99874,1.0,True,1.0,1.0,1.0,100.0,100.0,100.0,False,False,False,False
1024,50.0,True,0.00033299875212833285,0.004082998202648014,0.0002079978003166616,0.00016599369700998068,0.00033299875212833285,3.4262920016772114,3.431832999922335,False,0.99979,0.9857336984164164,True,0.9857336984164164,0.9857336984164164,0.9857336984164164,50.0,50.0,50.0,False,False,False,False
1025,350.0,True,0.0002079978003166616,0.003916997229680419,0.0002079978003166616,0.00020800507627427578,0.00029199873097240925,6.941958003153559,6.947290996322408,False,0.99853,0.9794279764963956,True,1.0,1.0,1.0,100.0,100.0,100.0,False,False,False,False
1027,350.0,True,0.00016600097296759486,0.0029170041671022773,0.0002079978003166616,0.000166997779160738,0.00033300602808594704,6.7527079954743385,6.756791997759137,False,0.99853,1.0,True,1.0,1.0,1.0,100.0,100.0,100.0,False,False,False,False
1028,15.0,True,0.000333995558321476,0.0038750004023313522,0.0002500019036233425,0.000166997779160738,0.00029099464882165194,3.49429200286977,3.4996249960386194,False,0.999937,0.9561289707815596,True,0.9561289707815596,0.9561289707815596,0.9561289707815596,15.0,15.0,15.0,False,False,False,False
1033,300.0,True,0.00020800507627427578,0.0023329994291998446,8.299684850499034e-05,0.00012500095181167126,0.00033299875212833285,7.12829200347187,7.131667000066955,False,0.99874,1.0,True,1.0,1.0,1.0,100.0,100.0,100.0,False,False,False,False
1036,53.0,True,0.0005420006345957518,0.005541995051316917,0.0003749955794773996,0.0002500019036233425,0.0004169996827840805,3.8234999956330284,3.831125002761837,False,0.9997774,0.7902208856976235,True,0.7902208856976235,0.7902208856976235,0.7902208856976235,53.0,53.0,53.0,True,True,True,True
1039,357.0,True,0.0002079978003166616,0.0028750000637955964,0.00012500095181167126,0.000166997779160738,0.00033400283427909017,7.496165999327786,7.500291998439934,False,0.9985006,0.754525453470122,True,0.8940181450675031,0.8940181450675031,0.8940181450675031,100.0,100.0,100.0,True,True,True,True
1044,279.0,True,0.000166997779160738,0.002583001332823187,0.00016599369700998068,0.00012500095181167126,0.00033299875212833285,7.253458003106061,7.257290999405086,False,0.9988282,1.0,True,1.0,1.0,1.0,100.0,100.0,100.0,False,False,False,False
1062,318.0,True,0.000166997779160738,0.002625005436129868,0.00012500095181167126,0.00012500095181167126,0.00033299875212833285,7.330917003855575,7.334707996051293,False,0.9986644,0.8812300559868321,True,0.9401831759410586,0.9401831759410586,0.9401831759410586,100.0,100.0,100.0,True,False,False,False
1064,25.94,True,0.00024999462766572833,0.0030410010367631912,0.00012500095181167126,0.0002079978003166616,0.00033299875212833285,3.508290996251162,3.512791001412552,False,0.999891052,1.0,True,1.0,1.0,1.0,25.94,25.94,25.94,False,False,False,False
1068,276.67,True,0.00012500095181167126,0.002624998160172254,8.299684850499034e-05,0.000166997779160738,0.0002500019036233425,7.102250005118549,7.105917000444606,False,0.998837986,1.0,True,1.0,1.0,1.0,100.0,100.0,100.0,False,False,False,False
1086,30.0,True,0.0002079978003166616,0.002625005436129868,0.00016600097296759486,0.00016700505511835217,0.0003749955794773996,3.8800000038463622,3.8839590051793493,False,0.999874,0.9126091579742966,True,0.9126091579742966,0.9126091579742966,0.9126091579742966,30.0,30.0,30.0,False,False,False,False
1091,10.0,True,0.000166997779160738,0.002415996277704835,0.00012499367585405707,0.00016600097296759486,0.00029199873097240925,3.581458004191518,3.585040998586919,False,0.999958,1.0,True,1.0,1.0,1.0,10.0,10.0,10.0,False,False,False,False
1092,250.0,True,0.0004160028765909374,0.003749999450519681,0.00016600097296759486,0.00016700505511835217,0.000333995558321476,7.466707997082267,7.471999997505918,False,0.99895,1.0,True,1.0,1.0,1.0,100.0,100.0,100.0,False,False,False,False
1093,567.44,True,0.0002079978003166616,0.0038750004023313522,0.0002090018824674189,0.000166997779160738,0.00037500285543501377,7.093916996382177,7.0992910041240975,False,0.997616752,0.9858836198499772,True,1.0,1.0,1.0,100.0,100.0,100.0,False,False,False,False
1094,200.0,True,0.00033400283427909017,0.003958004526793957,0.00029199873097240925,0.00016700505511835217,0.00029199873097240925,7.49987499875715,7.5054580011055805,False,0.99916,1.0,True,1.0,1.0,1.0,100.0,100.0,100.0,False,False,False,False
1101,19.0,True,0.000166997779160738,0.002416003553662449,0.0002090018824674189,0.000166997779160738,0.00037500285543501377,3.6446250014705583,3.648375000921078,False,0.9999202,1.0,True,1.0,1.0,1.0,19.0,19.0,19.0,False,False,False,False
1114,348.0,True,0.000166997779160738,0.0021669984562322497,0.00012500095181167126,0.00012500095181167126,0.00029199873097240925,7.137207998312078,7.14045900531346,False,0.9985384,0.9748792515828822,True,0.9992122092123257,0.9992122092123257,0.9992122092123257,100.0,100.0,100.0,False,False,False,False
1115,100.0,True,0.0003749955794773996,0.004209003236610442,0.0002500019036233425,0.00020800507627427578,0.00037500285543501377,3.700540997670032,3.7064589996589348,False,0.99958,0.8880973597911049,True,0.8880973597911049,0.8880973597911049,0.8880973597911049,100.0,100.0,100.0,True,True,True,True
1173,230.0,True,0.00012500095181167126,0.0020000006770715117,8.299684850499034e-05,0.00012499367585405707,0.00033400283427909017,7.2943330014823005,7.29733299522195,False,0.999034,0.9592742728182566,True,0.9797611294690362,0.9797611294690362,0.9797611294690362,100.0,100.0,100.0,False,False,False,False
1177,2.0,True,0.00037500285543501377,0.004665998858399689,0.0002910019247792661,0.0002079978003166616,0.00033299875212833285,3.5645410025608726,3.5709590010810643,False,0.9999916,0.9142834947819306,True,0.9142834947819306,0.9142834947819306,0.9142834947819306,2.0,2.0,2.0,False,False,False,False
1200,9.0,True,8.299684850499034e-05,0.0019169965526089072,4.200410330668092e-05,8.300412446260452e-05,0.00033299875212833285,3.6076670003239997,3.6104999962844886,False,0.9999622,1.0,True,1.0,1.0,1.0,9.0,9.0,9.0,False,False,False,False
1212,300.0,True,0.00016700505511835217,0.0022500025806948543,0.00012500095181167126,0.00012499367585405707,0.00029199873097240925,6.982124999922235,6.985500003793277,False,0.99874,1.0,True,1.0,1.0,1.0,100.0,100.0,100.0,False,False,False,False
1239,16.83,True,0.00012500095181167126,0.001958003849722445,8.300412446260452e-05,8.399365469813347e-05,0.00033400283427909017,3.394207997189369,3.3970840013353154,False,0.999929314,1.0,True,1.0,1.0,1.0,16.83,16.83,16.83,False,False,False,False
1241,455.83,True,0.0002079978003166616,0.0026669949875213206,0.00012500095181167126,0.00012499367585405707,0.00029199873097240925,7.125874995836057,7.129708006686997,False,0.998085514,1.0,True,1.0,1.0,1.0,100.0,100.0,100.0,False,False,False,False
1242,100.0,True,0.0005419933586381376,0.004916997568216175,0.00029099464882165194,0.0002079978003166616,0.00037500285543501377,3.47558299836237,3.4824579997803085,False,0.99958,1.0,True,1.0,1.0,1.0,100.0,100.0,100.0,False,False,False,False
1248,79.0,True,0.0005410038284026086,0.00516599538968876,0.00033299875212833285,0.00029200600693002343,0.0003749955794773996,3.7652500031981617,3.7725000001955777,False,0.9996682,0.894295469490765,True,0.894295469490765,0.894295469490765,0.894295469490765,79.0,79.0,79.0,True,True,True,True
1261,611.18,True,0.000166997779160738,0.001959000655915588,0.00012500095181167126,0.00012500095181167126,0.0002910019247792661,7.001916004810482,7.004958999459632,False,0.997433044,1.0,True,1.0,1.0,1.0,100.0,100.0,100.0,False,False,False,False
1262,22.0,True,0.00037500285543501377,0.0041669991333037615,0.0002500019036233425,0.000166997779160738,0.0004169996827840805,3.4752919964375906,3.4810830038622953,False,0.9999076,1.0,True,1.0,1.0,1.0,22.0,22.0,22.0,False,False,False,False
1286,141.85,True,0.0004579997039400041,0.004750007065013051,0.00033299875212833285,0.0002079978003166616,0.00033299875212833285,6.90250000479864,6.909083000209648,False,0.99940423,1.0,True,1.0,1.0,1.0,100.0,100.0,100.0,False,False,False,False
1301,412.14,True,0.00012500095181167126,0.002125001628883183,8.400093065574765e-05,0.00012500095181167126,0.0002500019036233425,6.797374997404404,6.800499999371823,False,0.998269012,1.0,True,1.0,1.0,1.0,100.0,100.0,100.0,False,False,False,False
1302,17.0,True,0.00033299875212833285,0.0041669991333037615,0.00024999462766572833,0.0002079978003166616,0.00029099464882165194,3.594916997826658,3.600750002078712,False,0.9999286,1.0,True,1.0,1.0,1.0,17.0,17.0,17.0,False,False,False,False
1371,252.0,True,0.00012500095181167126,0.001915999746415764,0.00012500095181167126,8.299684850499034e-05,0.0003749955794773996,7.174999998824205,7.178042003943119,False,0.9989416,0.8673303810685759,True,0.9146170005538099,0.9146170005538099,0.9146170005538099,100.0,100.0,100.0,True,False,False,False
1379,361.0,True,0.00016700505511835217,0.002124994352925569,0.00012500095181167126,0.00012500095181167126,0.00033299875212833285,7.095125001796987,7.098208996467292,False,0.9984838,1.0,True,1.0,1.0,1.0,100.0,100.0,100.0,False,False,False,False
1383,2.0,True,0.00012500095181167126,0.0026670022634789348,0.00016600097296759486,0.00012500095181167126,0.00037500285543501377,3.5731250027311035,3.5768749949056655,False,0.9999916,1.0,True,1.0,1.0,1.0,2.0,2.0,2.0,False,False,False,False
1393,350.0,True,0.00012500095181167126,0.0022080057533457875,8.300412446260452e-05,0.00012500095181167126,0.00029199873097240925,6.9627920020138845,6.9660419976571575,False,0.99853,1.0,True,1.0,1.0,1.0,100.0,100.0,100.0,False,False,False,False
1394,50.0,True,0.0004169996827840805,0.004125002305954695,0.0002500019036233425,0.00012500095181167126,0.00033299875212833285,3.5323330012033693,3.538040997227654,False,0.99979,0.9266105352642037,True,0.9266105352642037,0.9266105352642037,0.9266105352642037,50.0,50.0,50.0,False,False,False,False
1396,350.0,True,0.00016700505511835217,0.002916996891144663,0.00016600097296759486,0.000166997779160738,0.00033400283427909017,7.236040997668169,7.24025000090478,False,0.99853,0.820465779306441,True,0.9146170005538099,0.9146170005538099,0.9146170005538099,100.0,100.0,100.0,True,False,False,False
1402,350.0,True,0.00012500095181167126,0.0022500025806948543,0.00012500095181167126,0.000166997779160738,0.00029099464882165194,7.007583000813611,7.0109160005813465,False,0.99853,1.0,True,1.0,1.0,1.0,100.0,100.0,100.0,False,False,False,False
1403,50.0,True,0.000333995558321476,0.0034999975468963385,0.00020800507627427578,0.00016600097296759486,0.0003749955794773996,3.403916001843754,3.409042001294438,False,0.99979,1.0,True,1.0,1.0,1.0,50.0,50.0,50.0,False,False,False,False
1408,13.0,True,0.0002500019036233425,0.002624998160172254,0.00016700505511835217,0.00012499367585405707,0.00037500285543501377,3.473208998912014,3.4770830025081523,False,0.9999454,1.0,True,1.0,1.0,1.0,13.0,13.0,13.0,False,False,False,False
1413,16.0,True,0.0005830006557516754,0.005665999196935445,0.00033300602808594704,0.0002500019036233425,0.00037500285543501377,3.743708999536466,3.7514170035137795,False,0.9999328,0.9159597513403219,True,0.9159597513403219,0.9159597513403219,0.9159597513403219,16.0,16.0,16.0,False,False,False,False
1425,276.0,True,0.00012500095181167126,0.0022500025806948543,0.00012500095181167126,0.000166997779160738,0.0002910019247792661,8.130040994728915,8.133415998599958,False,0.9988408,1.0,True,1.0,1.0,1.0,100.0,100.0,100.0,False,False,False,False
1426,52.0,True,0.0004579997039400041,0.004417001036927104,0.00033300602808594704,0.00016600097296759486,0.0003749955794773996,4.01945900375722,4.025750000437256,False,0.9997816,1.0,True,1.0,1.0,1.0,52.0,52.0,52.0,False,False,False,False
1429,330.0,True,0.0002090018824674189,0.002749999111983925,0.00012500095181167126,0.00012499367585405707,0.00033299875212833285,7.4799579961108975,7.483916997443885,False,0.998614,1.0,True,1.0,1.0,1.0,100.0,100.0,100.0,False,False,False,False
1430,120.0,True,0.0004169996827840805,0.004375004209578037,0.00024999462766572833,0.0002500019036233425,0.00033299875212833285,7.939832998090424,7.94595800107345,False,0.999496,0.8610569365777251,True,0.8684136752395771,0.8684136752395771,0.8684136752395771,100.0,100.0,100.0,True,True,True,True
1432,350.0,True,0.0002500019036233425,0.0032910029403865337,0.0002079978003166616,0.00016700505511835217,0.00037500285543501377,7.90683400555281,7.911584005341865,False,0.99853,0.820465779306441,True,0.9146170005538099,0.9146170005538099,0.9146170005538099,100.0,100.0,100.0,True,False,False,False
1434,100.0,True,0.0007080016075633466,0.005708003300242126,0.0004160028765909374,0.00029200600693002343,0.0004169996827840805,3.8828749966342,3.891000000294298,False,0.99958,1.0,True,1.0,1.0,1.0,100.0,100.0,100.0,False,False,False,False
1438,24.0,True,0.0006249974831007421,0.005707996024284512,0.0004579997039400041,0.00024999462766572833,0.0004590037860907614,3.990542005340103,3.99866600491805,False,0.9998992,0.9140585648655909,True,0.9140585648655909,0.9140585648655909,0.9140585648655909,24.0,24.0,24.0,False,False,False,False
1451,300.0,True,0.00012500095181167126,0.0023329994291998446,8.299684850499034e-05,8.299684850499034e-05,0.00029199873097240925,7.430457997543272,7.4337919941172,False,0.99874,1.0,True,1.0,1.0,1.0,100.0,100.0,100.0,False,False,False,False
1453,13.65,True,0.00033299875212833285,0.00316700607072562,0.0002079978003166616,0.00016600097296759486,0.00033299875212833285,3.740000000107102,3.7447080030688085,False,0.99994267,1.0,True,1.0,1.0,1.0,13.65,13.65,13.65,False,False,False,False
1460,10.0,True,0.0004999965312890708,0.004999994416721165,0.00033299875212833285,0.0002910019247792661,0.0003749955794773996,3.6835840001003817,3.690708996145986,False,0.999958,0.9429393246398016,True,0.9429393246398016,0.9429393246398016,0.9429393246398016,10.0,10.0,10.0,False,False,False,False
1461,350.0,True,0.00024999462766572833,0.004333000106271356,0.0002500019036233425,0.0002500019036233425,0.00033299875212833285,8.089584000117611,8.09545800439082,False,0.99853,0.7822987015435436,True,0.8995365401683191,0.8995365401683191,0.8995365401683191,100.0,100.0,100.0,True,True,True,True
1463,100.0,True,0.0004999965312890708,0.004624998837243766,0.0002910019247792661,0.0002079978003166616,0.0004169996827840805,3.7374590028775856,3.744000001461245,False,0.99958,0.8995365401683191,True,0.8995365401683191,0.8995365401683191,0.8995365401683191,100.0,100.0,100.0,True,True,True,True
1467,400.0,True,0.000166997779160738,0.0024999972083605826,0.00012500095181167126,0.00012500095181167126,0.0003749955794773996,7.357499998761341,7.361250005487818,False,0.99832,1.0,True,1.0,1.0,1.0,100.0,100.0,100.0,False,False,False,False
1481,832.0,True,0.00016700505511835217,0.002124994352925569,0.00012500095181167126,0.00016600097296759486,0.00037500285543501377,7.253124997077975,7.256417004100513,False,0.9965056,0.9576843582534819,True,1.0,1.0,1.0,100.0,100.0,100.0,False,False,False,False
1487,5.0,True,0.00016600097296759486,0.0023749962565489113,0.00012500095181167126,0.00012500095181167126,0.0003749955794773996,3.9085410026018508,3.912042004230898,False,0.999979,0.9358517782690904,True,0.9358517782690904,0.9358517782690904,0.9358517782690904,5.0,5.0,5.0,False,False,False,False
1491,274.0,True,0.0002500019036233425,0.0026670022634789348,0.00012500095181167126,0.00012500095181167126,0.00029200600693002343,7.206458001746796,7.2102920021279715,False,0.9988492,0.932652440281663,True,0.9667758969914794,0.9667758969914794,0.9667758969914794,100.0,100.0,100.0,False,False,False,False
1514,35.0,True,0.000500003807246685,0.00541700137546286,0.00037500285543501377,0.0002500019036233425,0.0004169996827840805,3.7042920012027025,3.711874996952247,False,0.999853,1.0,True,1.0,1.0,1.0,35.0,35.0,35.0,False,False,False,False
1526,500.0,True,0.00012500095181167126,0.002124994352925569,8.299684850499034e-05,8.299684850499034e-05,0.00029199873097240925,7.211875003122259,7.215042001917027,False,0.9979,1.0,True,1.0,1.0,1.0,100.0,100.0,100.0,False,False,False,False
1527,35.0,True,0.0004999965312890708,0.0049579975893720984,0.00029200600693002343,0.00020899460650980473,0.00033400283427909017,3.540124998835381,3.5470000002533197,False,0.999853,1.0,True,1.0,1.0,1.0,35.0,35.0,35.0,False,False,False,False
1539,294.22,True,0.00012500095181167126,0.002291999408043921,0.00012500095181167126,0.00012500095181167126,0.00033299875212833285,6.901665998157114,6.905041998834349,False,0.998764276,1.0,True,1.0,1.0,1.0,100.0,100.0,100.0,False,False,False,False
1541,71.31,True,0.00024999462766572833,0.0028329959604889154,0.0002079978003166616,0.00012500095181167126,0.00033400283427909017,3.4835420010495,3.4878750011557713,False,0.999700498,1.0,True,1.0,1.0,1.0,71.31,71.31,71.31,False,False,False,False
1566,310.0,True,8.400093065574765e-05,0.0018749997252598405,8.300412446260452e-05,0.00016600097296759486,0.00033400283427909017,7.34687500516884,7.349790997977834,False,0.998698,0.8840314776697026,True,0.9401831759410586,0.9401831759410586,0.9401831759410586,100.0,100.0,100.0,True,False,False,False
1567,41.14,True,0.0002910019247792661,0.003417000698391348,0.0002090018824674189,0.00012500095181167126,0.00029199873097240925,3.6592500036931597,3.664042000309564,False,0.999827212,0.8429718436446432,True,0.8429718436446432,0.8429718436446432,0.8429718436446432,41.14,41.14,41.14,True,True,True,True
1590,229.12,True,0.00012499367585405707,0.0017920028767548501,8.399365469813347e-05,8.400093065574765e-05,0.00029199873097240925,7.106249999196734,7.109042002412025,False,0.999037696,0.8385274941571805,True,0.8880973597911049,0.8880973597911049,0.8880973597911049,100.0,100.0,100.0,True,True,True,True
1592,4.0,True,0.00024999462766572833,0.002749999111983925,0.00016600097296759486,0.00016700505511835217,0.00033299875212833285,3.495291995932348,3.499291000480298,False,0.9999832,0.8857041744871201,True,0.8857041744871201,0.8857041744871201,0.8857041744871201,4.0,4.0,4.0,True,True,True,True
1603,250.0,True,0.0005420006345957518,0.008042006811592728,0.000333995558321476,0.0002090018824674189,0.000333995558321476,7.517417005146854,7.527457994001452,False,0.99895,0.792040145205902,True,0.8684136752395771,0.8684136752395771,0.8684136752395771,100.0,100.0,100.0,True,True,True,True
1606,11.0,True,0.0002079978003166616,0.002792003215290606,0.00012500095181167126,0.000166997779160738,0.00033299875212833285,4.011334000097122,4.015459002403077,False,0.9999538,0.8771183735368768,True,0.8771183735368768,0.8771183735368768,0.8771183735368768,11.0,11.0,11.0,True,True,True,True
1614,286.0,True,0.0002090018824674189,0.0023339962353929877,0.00012500095181167126,0.00012500095181167126,0.0003749955794773996,7.54354200034868,7.547207998868544,False,0.9987988,0.9857374432913295,True,0.9999196673918644,0.9999196673918644,0.9999196673918644,100.0,100.0,100.0,False,False,False,False
1615,16.0,True,0.00033299875212833285,0.0039590013329871,0.00020800507627427578,0.00016600097296759486,0.00037500285543501377,3.5646250034915283,3.5702499953913502,False,0.9999328,0.9888991619728932,True,0.9888991619728932,0.9888991619728932,0.9888991619728932,16.0,16.0,16.0,False,False,False,False
1623,25.0,True,0.0006249974831007421,0.005292000423651189,0.00033400283427909017,0.0002090018824674189,0.0003749955794773996,4.14466700021876,4.152041998167988,False,0.999895,0.8495065465541048,True,0.8495065465541048,0.8495065465541048,0.8495065465541048,25.0,25.0,25.0,True,True,True,True
1641,261.0,True,0.0002090018824674189,0.00224999530473724,0.00016700505511835217,0.00012500095181167126,0.0004160028765909374,7.634916000824887,7.63845800247509,False,0.9989038,0.8487948212204806,True,0.9047710926081675,0.9047710926081675,0.9047710926081675,100.0,100.0,100.0,True,False,False,False
1656,347.5,True,0.000166997779160738,0.0023339962353929877,4.1996827349066734e-05,0.00012500095181167126,0.00029199873097240925,7.082207994244527,7.085625002218876,False,0.9985405,1.0,True,1.0,1.0,1.0,100.0,100.0,100.0,False,False,False,False
1657,55.86,True,0.0002910019247792661,0.004082998202648014,0.00020800507627427578,0.000166997779160738,0.00029200600693002343,3.509042006044183,3.5145839938195422,False,0.999765388,1.0,True,1.0,1.0,1.0,55.86,55.86,55.86,False,False,False,False
1687,351.0,True,0.00012500095181167126,0.0019169965526089072,8.300412446260452e-05,8.300412446260452e-05,0.00029199873097240925,7.186249997175764,7.189166994066909,False,0.9985258,1.0,True,1.0,1.0,1.0,100.0,100.0,100.0,False,False,False,False
1696,44.12,True,0.000166997779160738,0.002167005732189864,8.399365469813347e-05,0.00012500095181167126,0.00033299875212833285,3.4237910003867,3.427042000112124,False,0.999814696,1.0,True,1.0,1.0,1.0,44.12,44.12,44.12,False,False,False,False
1699,575.0,True,0.00016600097296759486,0.0025420013116672635,0.000166997779160738,0.00012500095181167126,0.0002910019247792661,6.7934160033473745,6.797041998652276,False,0.997585,1.0,True,1.0,1.0,1.0,100.0,100.0,100.0,False,False,False,False
1700,88.29,True,0.00029199873097240925,0.003459004801698029,0.00020899460650980473,0.00012500095181167126,0.00029199873097240925,3.3747909983503632,3.3795829949667677,False,0.999629182,1.0,True,1.0,1.0,1.0,88.29,88.29,88.29,False,False,False,False
1723,103.0,True,0.0005830006557516754,0.005166002665646374,0.00037500285543501377,0.00033300602808594704,0.00037500285543501377,7.848749999538995,7.85616700159153,False,0.9995674,1.0,True,1.0,1.0,1.0,100.0,100.0,100.0,False,False,False,False
1727,510.41,True,0.000166997779160738,0.003417000698391348,0.0002090018824674189,0.000166997779160738,0.00033299875212833285,7.541291000961792,7.546125001681503,False,0.997856278,1.0,True,1.0,1.0,1.0,100.0,100.0,100.0,False,False,False,False
1729,57.0,True,0.0005830006557516754,0.00541700137546286,0.0004160028765909374,0.00037500285543501377,0.00033300602808594704,4.3345410012989305,4.342250002082437,False,0.9997606,0.9849279540245924,True,0.9849279540245924,0.9849279540245924,0.9849279540245924,57.0,57.0,57.0,False,False,False,False
1738,20.0,True,0.0005420006345957518,0.005832996976096183,0.00033299875212833285,0.00033299875212833285,0.00033299875212833285,3.83700000384124,3.8450409992947243,False,0.999916,0.8874190652591485,True,0.8874190652591485,0.8874190652591485,0.8874190652591485,20.0,20.0,20.0,True,True,True,True
1744,4.0,True,0.0006659975042566657,0.005333000444807112,0.00033299875212833285,0.0002910019247792661,0.0004169996827840805,3.955209002015181,3.962834001868032,False,0.9999832,0.819638749971018,True,0.819638749971018,0.819638749971018,0.819638749971018,4.0,4.0,4.0,True,True,True,True
1763,733.8,True,0.00016700505511835217,0.0023749962565489113,0.000166997779160738,0.00016600097296759486,0.00045899651013314724,7.200291001936421,7.2040000013657846,False,0.99691804,0.9935482558673332,True,1.0,1.0,1.0,100.0,100.0,100.0,False,False,False,False
1764,72.83,True,0.0005830006557516754,0.00508299854118377,0.00037500285543501377,0.0002079978003166616,0.00037500285543501377,3.6377920041559264,3.644832999270875,False,0.999694114,0.9016290609336022,True,0.9016290609336022,0.9016290609336022,0.9016290609336022,72.83,72.83,72.83,False,False,False,False
1797,400.0,True,0.00033300602808594704,0.0047909998102113605,0.00029200600693002343,0.00029199873097240925,0.00037500285543501377,7.550208996690344,7.556834003480617,False,0.99832,0.7399335040450926,True,0.9047710926081675,0.9047710926081675,0.9047710926081675,100.0,100.0,100.0,True,False,False,False
1799,12.0,True,0.0002500019036233425,0.0031659947126172483,0.000166997779160738,0.000166997779160738,0.00033299875212833285,3.5412500001257285,3.5457499980111606,False,0.9999496,0.9346753690358468,True,0.9346753690358468,0.9346753690358468,0.9346753690358468,12.0,12.0,12.0,False,False,False,False
1802,290.0,True,0.000166997779160738,0.0025420013116672635,0.00012500095181167126,0.00012499367585405707,0.0002910019247792661,6.787500002246816,6.79133299854584,False,0.998782,1.0,True,1.0,1.0,1.0,100.0,100.0,100.0,False,False,False,False
1817,63.0,True,0.000667001586407423,0.006207999831531197,0.0003749955794773996,0.0003749955794773996,0.0005830006557516754,3.9444999929401092,3.953457999159582,False,0.9997354,0.8595383564688189,True,0.8595383564688189,0.8595383564688189,0.8595383564688189,63.0,63.0,63.0,True,True,True,True
1819,333.0,True,0.00029199873097240925,0.003291999746579677,0.00012500095181167126,0.00016599369700998068,0.0004169996827840805,7.549959002062678,7.554625000921078,False,0.9986014,0.7819689161867351,True,0.8940181450675031,0.8940181450675031,0.8940181450675031,100.0,100.0,100.0,True,True,True,True
1820,93.42,True,0.0005830006557516754,0.06845800089649856,0.00037500285543501377,0.0004169996827840805,0.00033300602808594704,3.9074169981176965,3.978166998422239,False,0.999607636,0.9252853433967191,True,0.9252853433967191,0.9252853433967191,0.9252853433967191,93.42,93.42,93.42,False,False,False,False
1823,299.0,True,0.0007080016075633466,0.006207999831531197,0.00033400283427909017,0.00029199873097240925,0.0004159956006333232,7.184791000327095,7.193416000518482,False,0.9987442,0.9457902675331996,True,0.9797611294690362,0.9797611294690362,0.9797611294690362,100.0,100.0,100.0,False,False,False,False
1825,316.0,True,0.0009170034900307655,0.006709000444971025,0.000500003807246685,0.00045899651013314724,0.0004579997039400041,7.712416001595557,7.722000002104323,False,0.9986728,0.8392097750284013,True,0.9146170005538099,0.9146170005538099,0.9146170005538099,100.0,100.0,100.0,True,False,False,False
1826,23.0,True,0.000500003807246685,0.004958004865329713,0.00033300602808594704,0.0002910019247792661,0.00033299875212833285,4.277042004105169,4.284000002371613,False,0.9999034,0.8502794763872856,True,0.8502794763872856,0.8502794763872856,0.8502794763872856,23.0,23.0,23.0,True,True,True,True
1827,259.0,True,0.0004590037860907614,0.004333000106271356,0.00029199873097240925,0.0002090018824674189,0.0003749955794773996,7.440500005031936,7.446750001690816,False,0.9989122,0.9870946883667311,True,0.9992122092123257,0.9992122092123257,0.9992122092123257,100.0,100.0,100.0,False,False,False,False
1849,50.42,True,0.0006249974831007421,0.006333000783342868,0.00033299875212833285,0.0003749955794773996,0.0004579997039400041,3.7141659995540977,3.722917004779447,False,0.999788236,0.9500855452466695,True,0.9500855452466695,0.9500855452466695,0.9500855452466695,50.42,50.42,50.42,False,False,False,False
1850,318.0,True,0.0004169996827840805,0.004666995664592832,0.00037500285543501377,0.0002079978003166616,0.0004169996827840805,7.200583997473586,7.2072909970302135,False,0.9986644,0.9927923082841075,True,1.0,1.0,1.0,100.0,100.0,100.0,False,False,False,False
1852,23.0,True,0.00029199873097240925,0.0030000010156072676,0.0002079978003166616,0.00016600097296759486,0.0004169996827840805,3.573124995455146,3.5776670047198422,False,0.9999034,0.9325677101135234,True,0.9325677101135234,0.9325677101135234,0.9325677101135234,23.0,23.0,23.0,False,False,False,False
1876,221.77,True,0.00012500095181167126,0.0018749997252598405,8.399365469813347e-05,0.00012500095181167126,0.00029199873097240925,7.478833002096508,7.481749998987652,False,0.999068566,0.7992251656878119,True,0.8610658335900354,0.8610658335900354,0.8610658335900354,100.0,100.0,100.0,True,True,True,True
1889,357.25,True,0.0002079978003166616,0.0026669949875213206,0.00016600097296759486,0.000166997779160738,0.00037500285543501377,6.994249997660518,6.998208002187312,False,0.99849955,1.0,True,1.0,1.0,1.0,100.0,100.0,100.0,False,False,False,False
1891,1082.29,True,0.00012499367585405707,0.0028329959604889154,0.00012500095181167126,0.00016600097296759486,0.00037500285543501377,7.322499994188547,7.326540995563846,False,0.995454382,0.9165322546795862,True,1.0,1.0,1.0,100.0,100.0,100.0,False,False,False,False
1892,283.33,True,0.0004579997039400041,0.005041998520027846,0.00029199873097240925,0.0002090018824674189,0.000333995558321476,7.189749994722661,7.196625003416557,False,0.998810014,0.9491463466348498,True,0.9797611294690362,0.9797611294690362,0.9797611294690362,100.0,100.0,100.0,False,False,False,False
1903,100.0,True,0.0005420006345957518,0.005416994099505246,0.0004160028765909374,0.00037500285543501377,0.0004579997039400041,4.2173330002697185,4.22512499790173,False,0.99958,0.8142143494265454,True,0.8142143494265454,0.8142143494265454,0.8142143494265454,100.0,100.0,100.0,True,True,True,True
1914,500.38,True,0.00012500095181167126,0.0022500025806948543,0.00012500095181167126,8.300412446260452e-05,0.0003749955794773996,7.988333003595471,7.991833001142368,False,0.997898404,0.9581994196888832,True,1.0,1.0,1.0,100.0,100.0,100.0,False,False,False,False
1918,20.0,True,0.0002910019247792661,0.003291999746579677,0.0002090018824674189,0.000166997779160738,0.00037500285543501377,4.0291659970534965,4.033958997752052,False,0.999916,0.8227545831795195,True,0.8227545831795195,0.8227545831795195,0.8227545831795195,20.0,20.0,20.0,True,True,True,True
1925,217.0,True,0.0005830006557516754,0.005416994099505246,0.0003749955794773996,0.00033400283427909017,0.00037500285543501377,7.222584004921373,7.230166003864724,False,0.9990886,1.0,True,1.0,1.0,1.0,100.0,100.0,100.0,False,False,False,False
1929,354.08,True,0.000166997779160738,0.002625005436129868,8.299684850499034e-05,0.000166997779160738,0.0004169996827840805,7.257666999066714,7.2615419994690455,False,0.998512864,1.0,True,1.0,1.0,1.0,100.0,100.0,100.0,False,False,False,False
1946,244.0,True,0.000166997779160738,0.002125001628883183,8.300412446260452e-05,0.00016600097296759486,0.00029200600693002343,7.177792002039496,7.18100000085542,False,0.9989752,1.0,True,1.0,1.0,1.0,100.0,100.0,100.0,False,False,False,False
1953,242.31,True,0.00016600097296759486,0.002291999408043921,0.00012500095181167126,0.00012499367585405707,0.00029200600693002343,7.624833997397218,7.628291998116765,False,0.998982298,0.9909125086755836,True,0.9999196673918644,0.9999196673918644,0.9999196673918644,100.0,100.0,100.0,False,False,False,False
1967,30.0,True,0.00029199873097240925,0.002958004188258201,0.00016600097296759486,0.00012500095181167126,0.00033299875212833285,3.761207997740712,3.7654999978258274,False,0.999874,0.8779553054769057,True,0.8779553054769057,0.8779553054769057,0.8779553054769057,30.0,30.0,30.0,True,True,True,True
1972,32.5,True,0.00016600097296759486,0.0023750035325065255,0.00016600097296759486,0.00012500095181167126,0.0003749955794773996,3.768333997868467,3.771957999560982,False,0.9998635,0.9119991574336085,True,0.9119991574336085,0.9119991574336085,0.9119991574336085,32.5,32.5,32.5,False,False,False,False
1986,315.59,True,0.00016600097296759486,0.0020420047803781927,8.300412446260452e-05,0.00012500095181167126,0.000333995558321476,7.45574999746168,7.45883300260175,False,0.998674522,0.8820812429155925,True,0.9401831759410586,0.9401831759410586,0.9401831759410586,100.0,100.0,100.0,True,False,False,False
2003,349.0,True,0.00012500095181167126,0.001958003849722445,8.300412446260452e-05,8.399365469813347e-05,0.00029200600693002343,7.039333999273367,7.04220800253097,False,0.9985342,1.0,True,1.0,1.0,1.0,100.0,100.0,100.0,False,False,False,False
2004,45.0,True,0.0002910019247792661,0.003916000423487276,0.0002079978003166616,0.00012500095181167126,0.00033299875212833285,3.671833001135383,3.6772500025108457,False,0.999811,0.8863312620447115,True,0.8863312620447115,0.8863312620447115,0.8863312620447115,45.0,45.0,45.0,True,True,True,True
2014,36.0,True,0.000166997779160738,0.002291999408043921,8.300412446260452e-05,0.00012500095181167126,0.00037500285543501377,3.860750002786517,3.8642919971607625,False,0.9998488,0.9297415334645703,True,0.9297415334645703,0.9297415334645703,0.9297415334645703,36.0,36.0,36.0,False,False,False,False
2019,100.0,True,0.0005830006557516754,0.0048340007197111845,0.000333995558321476,0.0002090018824674189,0.00037500285543501377,3.5040829970967025,3.51099999534199,False,0.99958,1.0,True,1.0,1.0,1.0,100.0,100.0,100.0,False,False,False,False
2025,47.69,True,0.00029200600693002343,0.0032089956221170723,0.000166997779160738,0.00012500095181167126,0.00037500285543501377,3.4382080048089847,3.4429160004947335,False,0.999799702,1.0,True,1.0,1.0,1.0,47.69,47.69,47.69,False,False,False,False
2032,300.0,True,0.00012500095181167126,0.0023329994291998446,0.000166997779160738,0.00012500095181167126,0.00033299875212833285,7.150083998567425,7.153625003411435,False,0.99874,0.9943538526960641,True,1.0,1.0,1.0,100.0,100.0,100.0,False,False,False,False
2045,300.0,True,0.000166997779160738,0.002082997525576502,8.299684850499034e-05,8.299684850499034e-05,0.00033299875212833285,7.146415999159217,7.149457997002173,False,0.99874,0.8469630449541075,True,0.9146170005538099,0.9146170005538099,0.9146170005538099,100.0,100.0,100.0,True,False,False,False
2050,70.0,True,0.0005420006345957518,0.005374997272156179,0.0004169996827840805,0.00024999462766572833,0.00037500285543501377,3.8547919975826517,3.862374993332196,False,0.999706,0.8569185317160787,True,0.8569185317160787,0.8569185317160787,0.8569185317160787,70.0,70.0,70.0,True,True,True,True
2066,3.0,True,0.00012500095181167126,0.001958003849722445,8.300412446260452e-05,8.300412446260452e-05,0.00033299875212833285,3.4892499970737845,3.492165997158736,False,0.9999874,1.0,True,1.0,1.0,1.0,3.0,3.0,3.0,False,False,False,False
2076,645.0,True,0.00012500095181167126,0.0020830048015341163,8.300412446260452e-05,0.00012500095181167126,0.00033300602808594704,7.041374999971595,7.044582998787519,False,0.997291,0.9345056056991901,True,1.0,1.0,1.0,100.0,100.0,100.0,False,False,False,False
2077,219.0,True,0.0004169996827840805,0.0040000013541430235,0.0002079978003166616,0.00016700505511835217,0.000333995558321476,7.055834001221228,7.061500000418164,False,0.9990802,1.0,True,1.0,1.0,1.0,100.0,100.0,100.0,False,False,False,False
2087,124.0,True,0.0006659975042566657,0.005292000423651189,0.0004169996827840805,0.00020800507627427578,0.0004169996827840805,7.733250000455882,7.7409169971360825,False,0.9994792,0.7991751431656582,True,0.8142143494265454,0.8142143494265454,0.8142143494265454,100.0,100.0,100.0,True,True,True,True
2106,16.75,True,0.000166997779160738,0.002082997525576502,0.00016600097296759486,0.000166997779160738,0.00037500285543501377,3.7578330011456273,3.7612500018440187,False,0.99992965,0.875320122011758,True,0.875320122011758,0.875320122011758,0.875320122011758,16.75,16.75,16.75,True,True,True,True
2119,26.5,True,0.000790998456068337,0.005665999196935445,0.0004160028765909374,0.00029199873097240925,0.0004169996827840805,3.889500003424473,3.8978340016910806,False,0.9998887,1.0,True,1.0,1.0,1.0,26.5,26.5,26.5,False,False,False,False
2157,378.58,True,0.00012500095181167126,0.0021660016500391066,0.00012500095181167126,8.300412446260452e-05,0.0004159956006333232,8.392791998630855,8.396125005674548,False,0.998409964,0.7706573276682038,True,0.9047710926081675,0.9047710926081675,0.9047710926081675,100.0,100.0,100.0,True,False,False,False
2158,128.83,True,0.0005830006557516754,0.005750000127591193,0.0003749955794773996,0.0002500019036233425,0.0004579997039400041,8.826416997180786,8.834499996737577,False,0.999458914,0.7240526453234436,True,0.7680093342580133,0.7680093342580133,0.7680093342580133,100.0,100.0,100.0,True,True,True,True
2160,324.0,True,0.00033299875212833285,0.0034580007195472717,0.000166997779160738,0.0002079978003166616,0.00033299875212833285,7.977207998919766,7.982208000612445,False,0.9986392,0.8351041524656302,True,0.9146170005538099,0.9146170005538099,0.9146170005538099,100.0,100.0,100.0,True,False,False,False
2165,222.0,True,0.0002079978003166616,0.0028750000637955964,0.00016700505511835217,0.00012500095181167126,0.0004169996827840805,7.362333999481052,7.366500001808163,False,0.9990676000000001,1.0,True,1.0,1.0,1.0,100.0,100.0,100.0,False,False,False,False
2167,358.0,True,0.0004160028765909374,0.005292000423651189,0.0004579997039400041,0.0002500019036233425,0.0004169996827840805,7.2028329959721304,7.210249998024665,False,0.9984964,1.0,True,1.0,1.0,1.0,100.0,100.0,100.0,False,False,False,False
2173,9.0,True,0.0002500019036233425,0.002291999408043921,0.000166997779160738,0.00016600097296759486,0.00033299875212833285,4.0434580005239695,4.047041999001522,False,0.9999622,0.8170684173746579,True,0.8170684173746579,0.8170684173746579,0.8170684173746579,9.0,9.0,9.0,True,True,True,True
2185,403.74,True,0.00012500095181167126,0.0024999972083605826,8.300412446260452e-05,0.00016600097296759486,0.00033300602808594704,7.175708000431769,7.179374995757826,False,0.998304292,1.0,True,1.0,1.0,1.0,100.0,100.0,100.0,False,False,False,False
2187,376.73,True,0.0004159956006333232,0.005665999196935445,0.00037500285543501377,0.000333995558321476,0.0004169996827840805,7.402374998491723,7.4102090002270415,False,0.998417734,1.0,True,1.0,1.0,1.0,100.0,100.0,100.0,False,False,False,False
2195,464.17,True,0.00016600097296759486,0.0022079984773881733,0.00012500095181167126,0.00012500095181167126,0.0003749955794773996,7.193333003669977,7.1967500043683685,False,0.998050486,1.0,True,1.0,1.0,1.0,100.0,100.0,100.0,False,False,False,False
2196,464.17,True,0.00033299875212833285,0.005000001692678779,0.0002500019036233425,0.00024999462766572833,0.0004590037860907614,7.233000003907364,7.2398750053253025,False,0.998050486,0.9730080393728521,True,1.0,1.0,1.0,100.0,100.0,100.0,False,False,False,False
2197,100.0,True,0.0004579997039400041,0.004832996637560427,0.00029199873097240925,0.0002090018824674189,0.000333995558321476,3.5321670002304018,3.5387499956414104,False,0.99958,1.0,True,1.0,1.0,1.0,100.0,100.0,100.0,False,False,False,False
2204,57.0,True,0.0004999965312890708,0.004582994733937085,0.00029199873097240925,0.0002090018824674189,0.000333995558321476,3.778167003474664,3.784582993830554,False,0.9997606,0.7872582202382257,True,0.7872582202382257,0.7872582202382257,0.7872582202382257,57.0,57.0,57.0,True,True,True,True
2211,300.0,True,0.00016600097296759486,0.0023750035325065255,0.00012500095181167126,0.00012500095181167126,0.00029200600693002343,6.998500000918284,7.00199999846518,False,0.99874,1.0,True,1.0,1.0,1.0,100.0,100.0,100.0,False,False,False,False
2212,24.0,True,0.0004169996827840805,0.0049579975893720984,0.00020800507627427578,0.00037500285543501377,0.0003749955794773996,3.4215419946121983,3.428292002354283,False,0.9998992,1.0,True,1.0,1.0,1.0,24.0,24.0,24.0,False,False,False,False
2230,250.0,True,0.00012500095181167126,0.002125001628883183,4.200410330668092e-05,0.00012499367585405707,0.00029199873097240925,7.255874996189959,7.259042002260685,False,0.99895,0.8681019388504699,True,0.9146170005538099,0.9146170005538099,0.9146170005538099,100.0,100.0,100.0,True,False,False,False
2234,346.0,True,0.00012500095181167126,0.0024999972083605826,0.00012500095181167126,0.00012500095181167126,0.000333995558321476,6.930832998477854,6.934416000149213,False,0.9985468,0.935070001540467,True,0.9797611294690362,0.9797611294690362,0.9797611294690362,100.0,100.0,100.0,False,False,False,False
2237,232.76,True,0.00033299875212833285,0.0038330035749822855,0.0002500019036233425,0.000166997779160738,0.000333995558321476,6.753875000867993,6.7592920022434555,False,0.999022408,1.0,True,1.0,1.0,1.0,100.0,100.0,100.0,False,False,False,False
2254,108.0,True,0.0005839974619448185,0.0056249991757795215,0.00037500285543501377,0.0002500019036233425,0.0004169996827840805,7.5917089998256415,7.599542004754767,False,0.9995464,0.9125692431862293,True,0.9146170005538099,0.9146170005538099,0.9146170005538099,100.0,100.0,100.0,False,False,False,False
2257,400.0,True,0.000166997779160738,0.002624998160172254,0.00012500095181167126,0.0002079978003166616,0.0002910019247792661,7.121541995729785,7.125334006559569,False,0.99832,0.921362387009714,True,0.9797611294690362,0.9797611294690362,0.9797611294690362,100.0,100.0,100.0,False,False,False,False
2258,400.0,True,0.00020800507627427578,0.00404199818149209,0.00029200600693002343,0.00016600097296759486,0.00029200600693002343,7.752459001494572,7.757999999739695,False,0.99832,0.7833335500676637,True,0.9146170005538099,0.9146170005538099,0.9146170005538099,100.0,100.0,100.0,True,False,False,False
2259,80.0,True,0.0004579997039400041,0.004958004865329713,0.0002500019036233425,0.00016600097296759486,0.00033299875212833285,3.5489590009092353,3.5556250004447065,False,0.999664,1.0,True,1.0,1.0,1.0,80.0,80.0,80.0,False,False,False,False
2261,80.0,True,0.0007499984349124134,0.005916997906751931,0.00033400283427909017,0.00033400283427909017,0.0004579997039400041,3.6000420004711486,3.608416998758912,False,0.999664,1.0,True,1.0,1.0,1.0,80.0,80.0,80.0,False,False,False,False
2267,225.0,True,0.0006659975042566657,0.005540998245123774,0.0003749955794773996,0.00029199873097240925,0.0004170069587416947,7.244874999742024,7.252666997374035,False,0.999055,0.8489253860390551,True,0.8940181450675031,0.8940181450675031,0.8940181450675031,100.0,100.0,100.0,True,True,True,True
2269,720.08,True,0.0002079978003166616,0.0031669987947680056,0.000166997779160738,0.0002079978003166616,0.00033299875212833285,6.907499999215361,6.912084005307406,False,0.996975664,0.9953019688954517,True,1.0,1.0,1.0,100.0,100.0,100.0,False,False,False,False
2270,418.0,True,0.0002500019036233425,0.00404199818149209,0.00020800507627427578,0.0002079978003166616,0.00029099464882165194,7.063125005515758,7.068667000567075,False,0.9982444,1.0,True,1.0,1.0,1.0,100.0,100.0,100.0,False,False,False,False
2271,9.0,True,0.000500003807246685,0.005292000423651189,0.00033299875212833285,0.00020800507627427578,0.0002910019247792661,3.447125003731344,3.4542499997769482,False,0.9999622,0.9892843682072977,True,0.9892843682072977,0.9892843682072977,0.9892843682072977,9.0,9.0,9.0,False,False,False,False
2277,50.0,True,0.0004590037860907614,0.005040994437877089,0.00033300602808594704,0.0002079978003166616,0.00033299875212833285,3.610625004512258,3.6176669964333996,False,0.99979,1.0,True,1.0,1.0,1.0,50.0,50.0,50.0,False,False,False,False
2281,35.2,True,0.0007080016075633466,0.008791997970547527,0.0004159956006333232,0.0002500019036233425,0.0004160028765909374,3.6429999963729642,3.6540840010275133,False,0.99985216,0.8693169875383663,True,0.8693169875383663,0.8693169875383663,0.8693169875383663,35.2,35.2,35.2,True,True,True,True
2288,24.42,True,0.0006659975042566657,0.006041002052370459,0.0004579997039400041,0.00029199873097240925,0.0004169996827840805,3.873582994856406,3.882042001350783,False,0.999897436,1.0,True,1.0,1.0,1.0,24.42,24.42,24.42,False,False,False,False
2309,56.67,True,0.000667001586407423,0.005333000444807112,0.000500003807246685,0.0002910019247792661,0.0004169996827840805,3.603042001486756,3.610875006415881,False,0.999761986,1.0,True,1.0,1.0,1.0,56.67,56.67,56.67,False,False,False,False
2320,315.08,True,0.00016700505511835217,0.002291999408043921,0.00012500095181167126,0.00012500095181167126,0.00033299875212833285,7.449249998899177,7.452666002791375,False,0.998676664,1.0,True,1.0,1.0,1.0,100.0,100.0,100.0,False,False,False,False
2321,19.0,True,0.0004999965312890708,0.005583999154623598,0.00033299875212833285,0.0002079978003166616,0.0003749955794773996,3.847582993330434,3.8552499972865917,False,0.9999202,0.8116871556400473,True,0.8116871556400473,0.8116871556400473,0.8116871556400473,19.0,19.0,19.0,True,True,True,True
2356,83.82,True,0.0005420006345957518,0.005458998202811927,0.0004169996827840805,0.0003749955794773996,0.0004590037860907614,3.656000000773929,3.663791998405941,False,0.999647956,0.9636163611780869,True,0.9636163611780869,0.9636163611780869,0.9636163611780869,83.82,83.82,83.82,False,False,False,False
2361,7.86,True,0.0006250047590583563,0.005708003300242126,0.00037500285543501377,0.00033299875212833285,0.0004579997039400041,3.727916999196168,3.7358749978011474,False,0.999966988,0.9893467172069011,True,0.9893467172069011,0.9893467172069011,0.9893467172069011,7.86,7.86,7.86,False,False,False,False
2364,340.5,True,0.000166997779160738,0.002791995939332992,0.00016600097296759486,0.00012500095181167126,0.00033300602808594704,7.461250002961606,7.465250004315749,False,0.9985699,0.9156565761816671,True,0.9667758969914794,0.9667758969914794,0.9667758969914794,100.0,100.0,100.0,False,False,False,False
2365,119.97,True,0.0004579997039400041,0.005041998520027846,0.00037500285543501377,0.0002500019036233425,0.00033400283427909017,7.242041996505577,7.249082998896483,False,0.999496126,1.0,True,1.0,1.0,1.0,100.0,100.0,100.0,False,False,False,False
2376,8.57,True,0.0008749993867240846,0.006333000783342868,0.0005409965524449944,0.00033299875212833285,0.0005830006557516754,3.835625000647269,3.8449159983429126,False,0.999964006,1.0,True,1.0,1.0,1.0,8.57,8.57,8.57,False,False,False,False
2383,528.57,True,0.000166997779160738,0.0023749962565489113,0.00012500095181167126,0.00012500095181167126,0.00029199873097240925,7.09320799796842,7.096666995494161,False,0.997780006,1.0,True,1.0,1.0,1.0,100.0,100.0,100.0,False,False,False,False
2392,27.0,True,0.00012500095181167126,0.001957996573764831,0.00012500095181167126,0.00012500095181167126,0.0004159956006333232,3.532082999299746,3.535208001267165,False,0.9998866,1.0,True,1.0,1.0,1.0,27.0,27.0,27.0,False,False,False,False
2395,256.32,True,0.0004999965312890708,0.00541700137546286,0.00037500285543501377,0.0004169996827840805,0.0004579997039400041,6.896415994560812,6.904000001668464,False,0.998923456,1.0,True,1.0,1.0,1.0,100.0,100.0,100.0,False,False,False,False
2396,1.0,True,0.00045899651013314724,0.004458001058083028,0.00029199873097240925,0.00020800507627427578,0.00037500285543501377,3.56399999873247,3.570332999515813,False,0.9999958,0.9365165417091369,True,0.9365165417091369,0.9365165417091369,0.9365165417091369,1.0,1.0,1.0,False,False,False,False
2401,262.0,True,0.00020800507627427578,0.0023329994291998446,0.00012499367585405707,0.00016600097296759486,0.000333995558321476,7.468124997103587,7.47166699875379,False,0.9988996,1.0,True,1.0,1.0,1.0,100.0,100.0,100.0,False,False,False,False
2402,6.0,True,0.0004999965312890708,0.00441699376096949,0.00033299875212833285,0.0002079978003166616,0.00033299875212833285,3.83466700441204,3.840959005174227,False,0.9999748,0.818619656586353,True,0.818619656586353,0.818619656586353,0.818619656586353,6.0,6.0,6.0,True,True,True,True
2408,31.0,True,0.0002500019036233425,0.0024170003598555923,0.00012500095181167126,0.00012500095181167126,0.00029199873097240925,3.553290996933356,3.5569169995142147,False,0.9998698,1.0,True,1.0,1.0,1.0,31.0,31.0,31.0,False,False,False,False
2415,84.0,True,0.0004590037860907614,0.0049579975893720984,0.0004169996827840805,0.0004169996827840805,0.0004160028765909374,3.8424159938585944,3.849707994959317,False,0.9996472,0.918601213330745,True,0.918601213330745,0.918601213330745,0.918601213330745,84.0,84.0,84.0,False,False,False,False
2417,548.21,True,0.0002090018824674189,0.0030419978429563344,0.00016600097296759486,0.000166997779160738,0.00029199873097240925,7.284790997800883,7.28920799883781,False,0.997697518,0.9480763255105661,True,1.0,1.0,1.0,100.0,100.0,100.0,False,False,False,False
2420,399.42,True,0.0002079978003166616,0.00291600008495152,0.0002079978003166616,0.00016700505511835217,0.000333995558321476,7.380499999271706,7.384750002529472,False,0.998322436,1.0,True,1.0,1.0,1.0,100.0,100.0,100.0,False,False,False,False
2431,424.0,True,0.00016700505511835217,0.0023749962565489113,8.400093065574765e-05,0.00012500095181167126,0.00029199873097240925,7.16183400072623,7.165249997342471,False,0.9982192,0.9797253198903731,True,1.0,1.0,1.0,100.0,100.0,100.0,False,False,False,False
2442,15.0,True,0.0007080016075633466,0.005875001079402864,0.0004160028765909374,0.00029199873097240925,0.0004590037860907614,3.603500001190696,3.6118749994784594,False,0.999937,1.0,True,1.0,1.0,1.0,15.0,15.0,15.0,False,False,False,False
2444,311.5,True,0.000667001586407423,0.005541995051316917,0.0004169996827840805,0.0002500019036233425,0.00037500285543501377,7.41008399927523,7.418041001074016,False,0.9986917,1.0,True,1.0,1.0,1.0,100.0,100.0,100.0,False,False,False,False
2445,21.71,True,0.0005420006345957518,0.005166999471839517,0.0004169996827840805,0.00024999462766572833,0.00033400283427909017,3.5522499965736642,3.5595830049715005,False,0.999908818,1.0,True,1.0,1.0,1.0,21.71,21.71,21.71,False,False,False,False
2453,11.0,True,0.00016700505511835217,0.002291999408043921,0.00012500095181167126,0.00012500095181167126,0.0002910019247792661,3.551124995283317,3.5546250001061708,False,0.9999538,1.0,True,1.0,1.0,1.0,11.0,11.0,11.0,False,False,False,False
2454,971.84,True,0.00029099464882165194,0.0034580007195472717,0.0002079978003166616,0.00016700505511835217,0.00033299875212833285,7.411250000586733,7.416166998154949,False,0.995918272,0.9428865451116013,True,1.0,1.0,1.0,100.0,100.0,100.0,False,False,False,False
2455,412.0,True,0.0002500019036233425,0.004708999767899513,0.0002500019036233425,0.0002500019036233425,0.00037500285543501377,7.015499999397434,7.021915997029282,False,0.9982696,0.966494294325772,True,0.9999196673918644,0.9999196673918644,0.9999196673918644,100.0,100.0,100.0,False,False,False,False
2461,25.0,True,0.0005829933797940612,0.005333997251000255,0.00029199873097240925,0.00029199873097240925,0.00037500285543501377,3.7105830051586963,3.7181250008870848,False,0.999895,0.913818413555922,True,0.913818413555922,0.913818413555922,0.913818413555922,25.0,25.0,25.0,False,False,False,False
2468,436.0,True,0.00012500095181167126,0.0024170003598555923,0.00012500095181167126,8.299684850499034e-05,0.00033299875212833285,8.108916998025961,8.112374998745508,False,0.9981688,0.7348751123083043,True,0.9146170005538099,0.9146170005538099,0.9146170005538099,100.0,100.0,100.0,True,False,False,False
2469,194.0,True,0.00037500285543501377,0.004417001036927104,0.00020800507627427578,0.00020800507627427578,0.000333995558321476,7.247624998854008,7.253707997733727,False,0.9991852,1.0,True,1.0,1.0,1.0,100.0,100.0,100.0,False,False,False,False
2530,1.0,True,0.000166997779160738,0.0020840016077272594,8.400093065574765e-05,0.00012500095181167126,0.00037500285543501377,3.6989579966757447,3.7020000017946586,False,0.9999958,0.8985263683823191,True,0.8985263683823191,0.8985263683823191,0.8985263683823191,1.0,1.0,1.0,True,True,True,True
2553,21.0,True,0.000500003807246685,0.00508299854118377,0.0004160028765909374,0.0002500019036233425,0.00033300602808594704,3.7915829962003045,3.7987499963492155,False,0.9999118,0.8739685621973495,True,0.8739685621973495,0.8739685621973495,0.8739685621973495,21.0,21.0,21.0,True,True,True,True
2561,273.0,True,0.00020800507627427578,0.0022500025806948543,0.00012500095181167126,0.00012500095181167126,0.00037500285543501377,7.2386669999104924,7.242207997478545,False,0.9988534,1.0,True,1.0,1.0,1.0,100.0,100.0,100.0,False,False,False,False
2564,379.83,True,0.00016700505511835217,0.002749999111983925,0.00012500095181167126,0.000166997779160738,0.00033300602808594704,7.501250001951121,7.505250003305264,False,0.998404714,0.7692499242418585,True,0.9047710926081675,0.9047710926081675,0.9047710926081675,100.0,100.0,100.0,True,False,False,False
2565,9.25,True,0.0004999965312890708,0.004499997885432094,0.0002910019247792661,0.0002079978003166616,0.00033299875212833285,3.529333000187762,3.5357500019017607,False,0.99996115,0.884226247022389,True,0.884226247022389,0.884226247022389,0.884226247022389,9.25,9.25,9.25,True,True,True,True
2570,586.0,True,0.00016700505511835217,0.002958004188258201,0.000166997779160738,0.00012500095181167126,0.00033400283427909017,7.07687499379972,7.081124997057486,False,0.9975388,1.0,True,1.0,1.0,1.0,100.0,100.0,100.0,False,False,False,False
2571,320.83,True,0.000500003807246685,0.005207999492995441,0.00024999462766572833,0.0002079978003166616,0.0003749955794773996,7.094583001162391,7.10166699718684,False,0.998652514,0.9119572116122678,True,0.9609244451109185,0.9609244451109185,0.9609244451109185,100.0,100.0,100.0,False,False,False,False
2572,30.0,True,0.0004160028765909374,0.00462500611320138,0.0002500019036233425,0.0002500019036233425,0.00033300602808594704,3.430582997680176,3.4370000066701323,False,0.999874,1.0,True,1.0,1.0,1.0,30.0,30.0,30.0,False,False,False,False
2582,441.87,True,0.0002090018824674189,0.002124994352925569,8.299684850499034e-05,8.299684850499034e-05,0.00029199873097240925,68.9107910002349,68.91408299998147,True,0.998144146,0.7178448239794868,True,0.9146170005538099,0.9146170005538099,0.9146170005538099,100.0,100.0,100.0,True,False,False,False
2583,98.6,True,0.0007500057108700275,0.007167000148911029,0.00037500285543501377,0.00029199873097240925,0.0004579997039400041,4.123958002310246,4.1337080037919804,False,0.99958588,0.914971468214565,True,0.914971468214565,0.914971468214565,0.914971468214565,98.6,98.6,98.6,False,False,False,False
2592,27.0,True,0.0006250047590583563,0.005374997272156179,0.0004579997039400041,0.00029199873097240925,0.0004590037860907614,3.5976670042145997,3.6053750009159558,False,0.9998866,0.9133364179346903,True,0.9133364179346903,0.9133364179346903,0.9133364179346903,27.0,27.0,27.0,False,False,False,False
2593,239.0,True,0.0004579997039400041,0.0045000051613897085,0.0002500019036233425,0.0002090018824674189,0.0004169996827840805,7.2682090030866675,7.274582996615209,False,0.9989962,0.7856080633841008,True,0.8610658335900354,0.8610658335900354,0.8610658335900354,100.0,100.0,100.0,True,True,True,True
2596,25.0,True,0.0005409965524449944,0.005041001713834703,0.00033299875212833285,0.0002500019036233425,0.0004169996827840805,3.6012500058859587,3.6084590028622188,False,0.999895,0.8495065465541048,True,0.8495065465541048,0.8495065465541048,0.8495065465541048,25.0,25.0,25.0,True,True,True,True
2600,58.0,True,0.0002090018824674189,0.002458997187204659,0.00012500095181167126,0.00020800507627427578,0.00029199873097240925,3.6364999978104606,3.6402499972609803,False,0.9997564,0.7864985625585682,True,0.7864985625585682,0.7864985625585682,0.7864985625585682,58.0,58.0,58.0,True,True,True,True
2604,169.0,True,0.0004579997039400041,0.005000001692678779,0.00033299875212833285,0.0002079978003166616,0.0004169996827840805,7.11316700471798,7.120166999811772,False,0.9992902,0.9992424432663712,True,1.0,1.0,1.0,100.0,100.0,100.0,False,False,False,False
2623,314.0,True,0.00012500095181167126,0.0019160070223733783,8.299684850499034e-05,8.299684850499034e-05,0.0003749955794773996,7.242583997140173,7.245500004501082,False,0.9986812,1.0,True,1.0,1.0,1.0,100.0,100.0,100.0,False,False,False,False
2624,50.0,True,0.0005409965524449944,0.005207999492995441,0.00029199873097240925,0.0002090018824674189,0.00037500285543501377,3.913750006176997,3.9209169990499504,False,0.99979,0.8848228643109061,True,0.8848228643109061,0.8848228643109061,0.8848228643109061,50.0,50.0,50.0,True,True,True,True
2626,30.0,True,0.0004999965312890708,0.005166999471839517,0.000333995558321476,0.00029200600693002343,0.0004579997039400041,3.6442909986362793,3.651541999715846,False,0.999874,0.9720258864629975,True,0.9720258864629975,0.9720258864629975,0.9720258864629975,30.0,30.0,30.0,False,False,False,False
2629,535.4,True,0.000166997779160738,0.002791995939332992,0.00016600097296759486,0.000166997779160738,0.00029199873097240925,7.027291998383589,7.0314580007107,False,0.99775132,1.0,True,1.0,1.0,1.0,100.0,100.0,100.0,False,False,False,False
2666,365.0,True,0.00012499367585405707,0.0020410006982274354,8.300412446260452e-05,0.00012500095181167126,0.0004579997039400041,7.391416002064943,7.39462499768706,False,0.998467,1.0,True,1.0,1.0,1.0,100.0,100.0,100.0,False,False,False,False
2709,5.0,True,0.00024999462766572833,0.0033329997677356005,0.000166997779160738,0.00020800507627427578,0.0004169996827840805,3.612542001064867,3.617499998654239,False,0.999979,1.0,True,1.0,1.0,1.0,5.0,5.0,5.0,False,False,False,False
2721,347.0,True,0.000333995558321476,0.004207999154459685,0.0002500019036233425,0.00020800507627427578,0.00033299875212833285,7.3277080009575,7.3334999979124404,False,0.9985426,0.7674246728639613,True,0.8940181450675031,0.8940181450675031,0.8940181450675031,100.0,100.0,100.0,True,True,True,True
2732,306.0,True,0.000166997779160738,0.0025000044843181968,0.000166997779160738,0.00012500095181167126,0.0004999965312890708,7.182708999607712,7.186625000031199,False,0.9987148,1.0,True,1.0,1.0,1.0,100.0,100.0,100.0,False,False,False,False
2733,440.69,True,0.0002910019247792661,0.003999994078185409,0.00024999462766572833,0.00016600097296759486,0.00029099464882165194,6.8643340055132285,6.869875003758352,False,0.998149102,1.0,True,1.0,1.0,1.0,100.0,100.0,100.0,False,False,False,False
2735,310.24,True,0.0005409965524449944,0.004916997568216175,0.0002910019247792661,0.0002079978003166616,0.0003749955794773996,7.303375001356471,7.310333996429108,False,0.998696992,1.0,True,1.0,1.0,1.0,100.0,100.0,100.0,False,False,False,False
2739,432.25,True,0.00016599369700998068,0.0030410010367631912,0.000166997779160738,0.00012500095181167126,0.0004579997039400041,6.806249999499414,6.810708000557497,False,0.99818455,1.0,True,1.0,1.0,1.0,100.0,100.0,100.0,False,False,False,False
2740,123.13,True,0.0004169996827840805,0.004583002009894699,0.00037500285543501377,0.0002090018824674189,0.000333995558321476,6.922250002389774,6.928708004124928,False,0.999482854,1.0,True,1.0,1.0,1.0,100.0,100.0,100.0,False,False,False,False
2748,180.0,True,0.0005839974619448185,0.004917004844173789,0.00029199873097240925,0.0002090018824674189,0.0003749955794773996,6.893124998896383,6.900208005390596,False,0.999244,0.9987824510546545,True,1.0,1.0,1.0,100.0,100.0,100.0,False,False,False,False
2759,400.0,True,0.00012500095181167126,0.0022500025806948543,0.00012500095181167126,8.400093065574765e-05,0.0003749955794773996,7.302458005142398,7.305792001716327,False,0.99832,1.0,True,1.0,1.0,1.0,100.0,100.0,100.0,False,False,False,False
2768,400.0,True,0.00012500095181167126,0.0022909953258931637,8.400093065574765e-05,8.400093065574765e-05,0.000333995558321476,7.013375005044509,7.016625000687782,False,0.99832,1.0,True,1.0,1.0,1.0,100.0,100.0,100.0,False,False,False,False
2770,41.0,True,0.0002090018824674189,0.002792003215290606,0.00012500095181167126,0.00012500095181167126,0.0004159956006333232,3.357333996973466,3.3614999993005767,False,0.9998278,1.0,True,1.0,1.0,1.0,41.0,41.0,41.0,False,False,False,False
2782,463.85,True,0.00012500095181167126,0.0021660016500391066,8.300412446260452e-05,8.300412446260452e-05,0.0002500019036233425,6.945417000679299,6.948541005840525,False,0.99805183,0.9730634553051329,True,1.0,1.0,1.0,100.0,100.0,100.0,False,False,False,False
2783,33.0,True,0.0004169996827840805,0.004832996637560427,0.0002500019036233425,0.0002500019036233425,0.0004159956006333232,3.717125000548549,3.72379100008402,False,0.9998614,0.8463396940801053,True,0.8463396940801053,0.8463396940801053,0.8463396940801053,33.0,33.0,33.0,True,True,True,True
2793,466.7,True,0.000166997779160738,0.0022090025595389307,8.399365469813347e-05,8.400093065574765e-05,0.00033400283427909017,7.220500003313646,7.223791995784268,False,0.99803986,1.0,True,1.0,1.0,1.0,100.0,100.0,100.0,False,False,False,False
2794,82.0,True,0.0004579997039400041,0.004958994395565242,0.0002500019036233425,0.0002500019036233425,0.0003749955794773996,3.751750002265908,3.7586250036838464,False,0.9996556,1.0,True,1.0,1.0,1.0,82.0,82.0,82.0,False,False,False,False
2799,1.0,True,0.0002079978003166616,0.002582994056865573,0.00012500095181167126,0.00012500095181167126,0.00033400283427909017,3.5207079999963753,3.5244170067016967,False,0.9999958,1.0,True,1.0,1.0,1.0,1.0,1.0,1.0,False,False,False,False
2811,387.75,True,0.00012500095181167126,0.002334003511350602,0.00012499367585405707,0.00012500095181167126,0.0004579997039400041,6.929457995283883,6.932916003279388,False,0.99837145,0.9990106382132196,True,1.0,1.0,1.0,100.0,100.0,100.0,False,False,False,False
2850,39.67,True,0.0004590037860907614,0.005500005499925464,0.00037500285543501377,0.0002079978003166616,0.0004169996827840805,3.72212499496527,3.729707997990772,False,0.999833386,0.9371529277828062,True,0.9371529277828062,0.9371529277828062,0.9371529277828062,39.67,39.67,39.67,False,False,False,False
2893,31.0,True,8.300412446260452e-05,0.0020830048015341163,8.299684850499034e-05,0.00012500095181167126,0.0005840047379024327,3.7016249989392236,3.704875001858454,False,0.9998698,1.0,True,1.0,1.0,1.0,31.0,31.0,31.0,False,False,False,False
2908,303.0,True,0.00012500095181167126,0.0022500025806948543,8.400093065574765e-05,8.399365469813347e-05,0.00033299875212833285,7.191040996985976,7.194292003987357,False,0.9987274,1.0,True,1.0,1.0,1.0,100.0,100.0,100.0,False,False,False,False
2909,79.6,True,0.0003749955794773996,0.004334004188422114,0.00024999462766572833,0.0002079978003166616,0.00029199873097240925,3.5737919970415533,3.579666998120956,False,0.99966568,1.0,True,1.0,1.0,1.0,79.6,79.6,79.6,False,False,False,False
2911,360.33,True,0.000166997779160738,0.0033329997677356005,0.000166997779160738,0.00012500095181167126,0.00029199873097240925,7.0253329977276735,7.029958003840875,False,0.998486614,0.9315884453839176,True,0.9797611294690362,0.9797611294690362,0.9797611294690362,100.0,100.0,100.0,False,False,False,False
2912,462.0,True,0.00029199873097240925,0.003917004505638033,0.0002500019036233425,0.000166997779160738,0.00029099464882165194,6.895624996104743,6.90108300477732,False,0.9980596,0.9655361583766696,True,1.0,1.0,1.0,100.0,100.0,100.0,False,False,False,False
2929,95.0,True,0.00012500095181167126,0.002167005732189864,8.299684850499034e-05,0.00012500095181167126,0.000333995558321476,3.9854580027167685,3.988750002463348,False,0.999601,0.7492228922200066,True,0.7492228922200066,0.7492228922200066,0.7492228922200066,95.0,95.0,95.0,True,True,True,True
2944,61.0,True,0.0004999965312890708,0.004832996637560427,0.0003749955794773996,0.0002500019036233425,0.0004169996827840805,3.7302500059013255,3.7371250000433065,False,0.9997438,1.0,True,1.0,1.0,1.0,61.0,61.0,61.0,False,False,False,False
2985,83.0,True,0.0006250047590583563,0.00549999822396785,0.0003749955794773996,0.0002090018824674189,0.0004579997039400041,3.686792006192263,3.6946249965694733,False,0.9996514,1.0,True,1.0,1.0,1.0,83.0,83.0,83.0,False,False,False,False
3003,765.91,True,0.000166997779160738,0.0020420047803781927,0.00012500095181167126,8.400093065574765e-05,0.00033400283427909017,7.317791998502798,7.320999997318722,False,0.996783178,0.9829229402365001,True,1.0,1.0,1.0,100.0,100.0,100.0,False,False,False,False
3004,573.17,True,0.00029199873097240925,0.00508299854118377,0.00037500285543501377,0.0002079978003166616,0.00029199873097240925,7.0728749997215346,7.079667004290968,False,0.997592686,0.9421370735987221,True,1.0,1.0,1.0,100.0,100.0,100.0,False,False,False,False
3007,324.0,True,0.00024999462766572833,0.002916996891144663,0.000166997779160738,0.00012500095181167126,0.00037500285543501377,7.044375000987202,7.048792002024129,False,0.9986392,1.0,True,1.0,1.0,1.0,100.0,100.0,100.0,False,False,False,False
3008,41.0,True,0.00037500285543501377,0.003999994078185409,0.0002079978003166616,0.00016700505511835217,0.0004169996827840805,3.3988330033025704,3.4045000065816566,False,0.9998278,1.0,True,1.0,1.0,1.0,41.0,41.0,41.0,False,False,False,False
3019,236.68,True,0.00012500095181167126,0.0021660016500391066,0.00012500095181167126,0.00012500095181167126,0.00029099464882165194,7.152541002142243,7.155708000937011,False,0.999005944,0.9985292695197683,True,1.0,1.0,1.0,100.0,100.0,100.0,False,False,False,False
3023,290.0,True,0.0002090018824674189,0.002458997187204659,0.00012500095181167126,0.00012500095181167126,0.00029199873097240925,7.315791997825727,7.319459000427742,False,0.998782,0.9852352621815025,True,0.9999196673918644,0.9999196673918644,0.9999196673918644,100.0,100.0,100.0,False,False,False,False
3024,48.0,True,0.0004159956006333232,0.004333000106271356,0.0002910019247792661,0.000166997779160738,0.00033400283427909017,3.701834000821691,3.7079169997014105,False,0.9997984,0.864932137651661,True,0.864932137651661,0.864932137651661,0.864932137651661,48.0,48.0,48.0,True,True,True,True
3025,387.0,True,0.00020899460650980473,0.0038750004023313522,0.0002500019036233425,0.0002079978003166616,0.00033299875212833285,7.185875001596287,7.191249998868443,False,0.9983746,1.0,True,1.0,1.0,1.0,100.0,100.0,100.0,False,False,False,False
3034,274.0,True,0.00016700505511835217,0.0022500025806948543,8.400093065574765e-05,0.00012500095181167126,0.00033299875212833285,6.824750002124347,6.828083001892082,False,0.9988492,1.0,True,1.0,1.0,1.0,100.0,100.0,100.0,False,False,False,False
3042,1011.79,True,0.00012500095181167126,0.0022090025595389307,0.00012500095181167126,0.00012500095181167126,0.00033299875212833285,7.131874997867271,7.135167004889809,False,0.995750482,0.9379934037892222,True,1.0,1.0,1.0,100.0,100.0,100.0,False,False,False,False
3043,235.0,True,0.00037500285543501377,0.0035420016502030194,0.0002500019036233425,0.00012500095181167126,0.00029199873097240925,7.247458001074847,7.252499999594875,False,0.999013,1.0,True,1.0,1.0,1.0,100.0,100.0,100.0,False,False,False,False
3091,283.75,True,0.00012500095181167126,0.0020830048015341163,0.00012500095181167126,0.00012500095181167126,0.0004999965312890708,7.0819589964230545,7.085249999363441,False,0.99880825,1.0,True,1.0,1.0,1.0,100.0,100.0,100.0,False,False,False,False
3110,263.0,True,0.00012500095181167126,0.0021669984562322497,4.200410330668092e-05,8.299684850499034e-05,0.00037500285543501377,7.2915830023703165,7.2948329980135895,False,0.9988954,0.8629876980973159,True,0.9146170005538099,0.9146170005538099,0.9146170005538099,100.0,100.0,100.0,True,False,False,False
3117,4.0,True,0.000166997779160738,0.002291999408043921,8.299684850499034e-05,0.00012500095181167126,0.00033299875212833285,3.6270829950808547,3.630459003034048,False,0.9999832,1.0,True,1.0,1.0,1.0,4.0,4.0,4.0,False,False,False,False
3128,102.0,True,0.0005830006557516754,0.004916997568216175,0.00037500285543501377,0.0002500019036233425,0.0004999965312890708,7.609250002133194,7.616458002303261,False,0.9995716,0.8130577185727519,True,0.8142143494265454,0.8142143494265454,0.8142143494265454,100.0,100.0,100.0,True,True,True,True
3142,305.0,True,0.00012500095181167126,0.002125001628883183,0.00012500095181167126,8.400093065574765e-05,0.00033400283427909017,7.248333000461571,7.2515830033808015,False,0.998719,1.0,True,1.0,1.0,1.0,100.0,100.0,100.0,False,False,False,False
3144,346.0,True,0.00020899460650980473,0.0030420051189139485,0.00012500095181167126,0.000166997779160738,0.00037500285543501377,6.787250000343192,6.791457999497652,False,0.9985468,1.0,True,1.0,1.0,1.0,100.0,100.0,100.0,False,False,False,False
3145,25.68,True,0.00037500285543501377,0.0041669991333037615,0.0002090018824674189,0.0002079978003166616,0.0003749955794773996,4.065167006046977,4.0709999957471155,False,0.999892144,1.0,True,1.0,1.0,1.0,25.68,25.68,25.68,False,False,False,False
3155,269.0,True,0.00012500095181167126,0.0022080057533457875,0.00012500095181167126,8.400093065574765e-05,0.000333995558321476,7.3200410042773,7.323374993575271,False,0.9988702,0.827061070570541,True,0.8940181450675031,0.8940181450675031,0.8940181450675031,100.0,100.0,100.0,True,True,True,True
3158,118.0,True,0.0007499984349124134,0.005416004569269717,0.00033299875212833285,0.00024999462766572833,0.0004999965312890708,7.350791995122563,7.3586669968790375,False,0.9995044,1.0,True,1.0,1.0,1.0,100.0,100.0,100.0,False,False,False,False
3160,349.0,True,0.0002079978003166616,0.0032080060918815434,0.000166997779160738,0.00020800507627427578,0.0004169996827840805,7.0607919988106005,7.065458004944958,False,0.9985342,1.0,True,1.0,1.0,1.0,100.0,100.0,100.0,False,False,False,False
3220,25.0,True,0.0004999965312890708,0.004666995664592832,0.00029199873097240925,0.000166997779160738,0.0004159956006333232,3.613749999203719,3.6204589996486902,False,0.999895,1.0,True,1.0,1.0,1.0,25.0,25.0,25.0,False,False,False,False
3232,530.0,True,0.00016600097296759486,0.00224999530473724,0.00012499367585405707,8.299684850499034e-05,0.00033299875212833285,7.6972919996478595,7.700582995312288,False,0.997774,0.7415815861618162,True,0.9401831759410586,0.9401831759410586,0.9401831759410586,100.0,100.0,100.0,True,False,False,False
3233,106.0,True,0.00037500285543501377,0.003917004505638033,0.00020899460650980473,0.00016700505511835217,0.00037500285543501377,7.262499995704275,7.268084002134856,False,0.9995548,0.9223068528092474,True,0.9237376331502339,0.9237376331502339,0.9237376331502339,100.0,100.0,100.0,False,False,False,False
3236,915.29,True,0.000166997779160738,0.002459004463162273,0.00012500095181167126,0.000166997779160738,0.0002500019036233425,7.18054200115148,7.184208996477537,False,0.996155782,0.8249346127179883,True,1.0,1.0,1.0,100.0,100.0,100.0,True,False,False,False
3237,103.0,True,0.0005410038284026086,0.005249996320344508,0.00029200600693002343,0.00020899460650980473,0.00033400283427909017,6.95866699970793,6.965874999877997,False,0.9995674,1.0,True,1.0,1.0,1.0,100.0,100.0,100.0,False,False,False,False
3244,300.0,True,0.000166997779160738,0.002459004463162273,0.00012499367585405707,0.000166997779160738,0.00033400283427909017,6.981500002439134,6.985125000937842,False,0.99874,0.9898464939102337,True,1.0,1.0,1.0,100.0,100.0,100.0,False,False,False,False
3254,379.0,True,0.00016599369700998068,0.002291999408043921,0.00012500095181167126,0.00016700505511835217,0.000333995558321476,7.036332994175609,7.039791998977307,False,0.9984082,1.0,True,1.0,1.0,1.0,100.0,100.0,100.0,False,False,False,False
3265,34.0,True,0.00016600097296759486,0.0021669984562322497,0.00012500095181167126,8.300412446260452e-05,0.0005420006345957518,3.633125001215376,3.6365830019349232,False,0.9998572,1.0,True,1.0,1.0,1.0,34.0,34.0,34.0,False,False,False,False
3293,42.67,True,0.0002500019036233425,0.003083005140069872,0.0002079978003166616,0.00016600097296759486,0.0004579997039400041,3.767415997572243,3.771958996367175,False,0.999820786,0.880678980907434,True,0.880678980907434,0.880678980907434,0.880678980907434,42.67,42.67,42.67,True,True,True,True
3295,61.0,True,0.0004579997039400041,0.004916997568216175,0.00033300602808594704,0.00029199873097240925,0.0004169996827840805,3.5131659969920292,3.5201659993617795,False,0.9997438,1.0,True,1.0,1.0,1.0,61.0,61.0,61.0,False,False,False,False
3348,37.0,True,0.0006249974831007421,0.005375004548113793,0.0003749955794773996,0.00024999462766572833,0.0004579997039400041,3.6700830023619346,3.677707994938828,False,0.9998446,0.9108919824563411,True,0.9108919824563411,0.9108919824563411,0.9108919824563411,37.0,37.0,37.0,False,False,False,False
3377,300.0,True,0.00012500095181167126,0.002082997525576502,0.00012500095181167126,0.00012500095181167126,0.00033299875212833285,7.432541999150999,7.435583000187762,False,0.99874,1.0,True,1.0,1.0,1.0,100.0,100.0,100.0,False,False,False,False
3379,78.52,True,0.000166997779160738,0.003082997864112258,0.00016600097296759486,0.00012500095181167126,0.00033299875212833285,3.5785830041277222,3.5828750042128377,False,0.999670216,0.9104867151604344,True,0.9104867151604344,0.9104867151604344,0.9104867151604344,78.52,78.52,78.52,False,False,False,False
3381,19.14,True,0.0005830006557516754,0.00470800296170637,0.00033299875212833285,0.00024999462766572833,0.0004169996827840805,3.5890829967684112,3.595833004510496,False,0.999919612,0.9101915697871156,True,0.9101915697871156,0.9101915697871156,0.9101915697871156,19.14,19.14,19.14,False,False,False,False
3393,15.0,True,0.000166997779160738,0.002291999408043921,0.00012500095181167126,0.00012500095181167126,0.00033299875212833285,3.820999998424668,3.824249994067941,False,0.999937,0.9561289707815596,True,0.9561289707815596,0.9561289707815596,0.9561289707815596,15.0,15.0,15.0,False,False,False,False
3434,341.0,True,0.00012500095181167126,0.001957996573764831,8.299684850499034e-05,4.1996827349066734e-05,0.00029199873097240925,6.712333000905346,6.715290997817647,False,0.9985678,1.0,True,1.0,1.0,1.0,100.0,100.0,100.0,False,False,False,False
3435,1.0,True,0.0004579997039400041,0.004083005478605628,0.0002079978003166616,0.000166997779160738,0.0004590037860907614,3.6627090012189,3.668625002319459,False,0.9999958,0.9443458235982389,True,0.9443458235982389,0.9443458235982389,0.9443458235982389,1.0,1.0,1.0,False,False,False,False
3456,275.0,True,0.00016600097296759486,0.0018330028979107738,8.300412446260452e-05,8.300412446260452e-05,0.00029199873097240925,6.844749994343147,6.847624994406942,False,0.998845,1.0,True,1.0,1.0,1.0,100.0,100.0,100.0,False,False,False,False
3466,300.0,True,0.00012500095181167126,0.002167005732189864,0.00012499367585405707,0.00012500095181167126,0.0002910019247792661,7.0477909976034425,7.050917003653012,False,0.99874,0.8193286861932594,True,0.8995365401683191,0.8995365401683191,0.8995365401683191,100.0,100.0,100.0,True,True,True,True
3469,1.0,True,0.0002079978003166616,0.002582994056865573,0.00012500095181167126,0.00012500095181167126,0.00029199873097240925,3.8075830016168766,3.8113330010673963,False,0.9999958,0.8583967891146739,True,0.8583967891146739,0.8583967891146739,0.8583967891146739,1.0,1.0,1.0,True,True,True,True
3474,294.33,True,0.00016700505511835217,0.0023750035325065255,0.00012500095181167126,0.00012500095181167126,0.00037500285543501377,6.8653330017696135,6.8688750034198165,False,0.998763814,0.9905244931629809,True,1.0,1.0,1.0,100.0,100.0,100.0,False,False,False,False
3475,48.0,True,0.0004159956006333232,0.0041669991333037615,0.00020800507627427578,0.00029199873097240925,0.00033400283427909017,3.584124999179039,3.590041997085791,False,0.9997984,0.9505450847165579,True,0.9505450847165579,0.9505450847165579,0.9505450847165579,48.0,48.0,48.0,False,False,False,False
3506,366.0,True,0.00033299875212833285,0.005583002348430455,0.00037500285543501377,0.00029199873097240925,0.0004579997039400041,7.354125002166256,7.362290998571552,False,0.9984628,0.7393989390466577,True,0.8940181450675031,0.8940181450675031,0.8940181450675031,100.0,100.0,100.0,True,True,True,True
3512,30.0,True,0.0005409965524449944,0.004583002009894699,0.00037500285543501377,0.0002910019247792661,0.00037500285543501377,3.63445800030604,3.641249997599516,False,0.999874,1.0,True,1.0,1.0,1.0,30.0,30.0,30.0,False,False,False,False
3519,17.0,True,0.0002079978003166616,0.002291999408043921,8.300412446260452e-05,0.00012500095181167126,0.00033299875212833285,3.802999999606982,3.806417000305373,False,0.9999286,0.9157240295248587,True,0.9157240295248587,0.9157240295248587,0.9157240295248587,17.0,17.0,17.0,False,False,False,False
3529,430.63,True,0.0002079978003166616,0.002334003511350602,8.400093065574765e-05,0.00012499367585405707,0.0002500019036233425,7.218708997243084,7.222084001114126,False,0.998191354,0.9998649633678447,True,1.0,1.0,1.0,100.0,100.0,100.0,False,False,False,False
3533,589.0,True,0.00033299875212833285,0.005666996003128588,0.0003749955794773996,0.00029099464882165194,0.0004169996827840805,7.261333004862536,7.269041998370085,False,0.9975262,1.0,True,1.0,1.0,1.0,100.0,100.0,100.0,False,False,False,False
3534,211.0,True,0.000500003807246685,0.004916997568216175,0.00033400283427909017,0.0002090018824674189,0.0003749955794773996,7.060083000396844,7.067083002766594,False,0.9991138,1.0,True,1.0,1.0,1.0,100.0,100.0,100.0,False,False,False,False
3540,681.0,True,0.00016700505511835217,0.0025420013116672635,8.299684850499034e-05,0.00016600097296759486,0.00033299875212833285,7.03425000392599,7.037959003355354,False,0.9971398,0.9904646317361554,True,1.0,1.0,1.0,100.0,100.0,100.0,False,False,False,False
3541,52.0,True,0.0004590037860907614,0.005250003596302122,0.00033299875212833285,0.0002079978003166616,0.00033300602808594704,3.4398749994579703,3.4470419996068813,False,0.9997816,1.0,True,1.0,1.0,1.0,52.0,52.0,52.0,False,False,False,False
3542,670.0,True,0.00033299875212833285,0.004499997885432094,0.0002500019036233425,0.0002079978003166616,0.00033299875212833285,6.787416998122353,6.793458000174724,False,0.997186,0.9884461385109129,True,1.0,1.0,1.0,100.0,100.0,100.0,False,False,False,False
3543,78.33,True,0.0004590037860907614,0.004375004209578037,0.0002910019247792661,0.0002500019036233425,0.0002500019036233425,3.5822499994537793,3.5883750024368055,False,0.999671014,1.0,True,1.0,1.0,1.0,78.33,78.33,78.33,False,False,False,False
3552,13.5,True,0.0007080016075633466,0.0056249991757795215,0.0004159956006333232,0.00029199873097240925,0.00045899651013314724,3.663084004074335,3.6710420026793145,False,0.9999433,1.0,True,1.0,1.0,1.0,13.5,13.5,13.5,False,False,False,False
3553,250.0,True,0.0004169996827840805,0.004584006092045456,0.00024999462766572833,0.0002079978003166616,0.00033299875212833285,7.00387499819044,7.01025000307709,False,0.99895,1.0,True,1.0,1.0,1.0,100.0,100.0,100.0,False,False,False,False
3562,272.0,True,0.00016600097296759486,0.0022500025806948543,8.300412446260452e-05,0.00012500095181167126,0.00029199873097240925,7.092167004884686,7.095417000527959,False,0.9988576,1.0,True,1.0,1.0,1.0,100.0,100.0,100.0,False,False,False,False
3582,39.0,True,0.00029199873097240925,0.0031249946914613247,0.0002090018824674189,0.00012499367585405707,0.0004579997039400041,3.5312500040163286,3.5359579997020774,False,0.9998362,1.0,True,1.0,1.0,1.0,39.0,39.0,39.0,False,False,False,False
3583,277.0,True,0.00033299875212833285,0.0037080026231706142,0.0002500019036233425,0.00020800507627427578,0.0002910019247792661,7.004792001680471,7.010084002104122,False,0.9988366,1.0,True,1.0,1.0,1.0,100.0,100.0,100.0,False,False,False,False
3615,129.0,True,0.0006249974831007421,0.005665999196935445,0.00037500285543501377,0.0002500019036233425,0.0004169996827840805,7.4429590022191405,7.450915996741969,False,0.9994582,0.885121851171716,True,0.8940181450675031,0.8940181450675031,0.8940181450675031,100.0,100.0,100.0,True,True,True,True
3620,712.5,True,0.0004579997039400041,0.005459005478769541,0.00037500285543501377,0.0002090018824674189,0.0004169996827840805,7.000208999670576,7.0077080017654225,False,0.9970075,0.9975037675187448,True,1.0,1.0,1.0,100.0,100.0,100.0,False,False,False,False
3621,143.33,True,0.0005830006557516754,0.004832996637560427,0.00029099464882165194,0.0002079978003166616,0.00033300602808594704,7.003291997534689,7.010166998952627,False,0.999398014,1.0,True,1.0,1.0,1.0,100.0,100.0,100.0,False,False,False,False
3636,564.43,True,0.00012500095181167126,0.0022079984773881733,8.300412446260452e-05,8.300412446260452e-05,0.0004160028765909374,7.050082997011486,7.053417000861373,False,0.997629394,1.0,True,1.0,1.0,1.0,100.0,100.0,100.0,False,False,False,False
3637,165.91,True,0.0004169996827840805,0.004082998202648014,0.0002500019036233425,0.000166997779160738,0.0004590037860907614,6.741291996149812,6.747208004526328,False,0.999303178,1.0,True,1.0,1.0,1.0,100.0,100.0,100.0,False,False,False,False
3646,345.13,True,0.00016600097296759486,0.0022500025806948543,0.00012500095181167126,8.400093065574765e-05,0.00029199873097240925,7.526834000600502,7.530207993113436,False,0.998550454,0.8007287956781816,True,0.9047710926081675,0.9047710926081675,0.9047710926081675,100.0,100.0,100.0,True,False,False,False
3647,50.0,True,0.0006250047590583563,0.006458001735154539,0.00037500285543501377,0.00020800507627427578,0.00033299875212833285,3.6810409947065637,3.6895829980494455,False,0.99979,1.0,True,1.0,1.0,1.0,50.0,50.0,50.0,False,False,False,False
3655,929.82,True,0.00012500095181167126,0.0023329994291998446,4.1996827349066734e-05,0.00012500095181167126,0.0003749955794773996,7.276874996023253,7.2803329967428,False,0.996094756,0.9325360612355725,True,1.0,1.0,1.0,100.0,100.0,100.0,False,False,False,False
3656,281.34,True,0.000500003807246685,0.005000001692678779,0.0002500019036233425,0.0002500019036233425,0.0004169996827840805,7.264291001774836,7.271082999068312,False,0.998818372,0.8553413527173911,True,0.9146170005538099,0.9146170005538099,0.9146170005538099,100.0,100.0,100.0,True,False,False,False
3658,51.0,True,0.00024999462766572833,0.0030000010156072676,0.000166997779160738,0.00016600097296759486,0.00033299875212833285,3.6881249980069697,3.6925829990650527,False,0.9997858,0.8560880015012484,True,0.8560880015012484,0.8560880015012484,0.8560880015012484,51.0,51.0,51.0,True,True,True,True
3660,160.0,True,0.000667001586407423,0.0051249953685328364,0.00029199873097240925,0.00020800507627427578,0.00045899651013314724,7.533500000135973,7.540750004409347,False,0.999328,0.8982494851366981,True,0.9146170005538099,0.9146170005538099,0.9146170005538099,100.0,100.0,100.0,True,False,False,False
3662,58.27,True,0.00029200600693002343,0.00325000291923061,0.00016599369700998068,0.000166997779160738,0.00029199873097240925,3.4947499952977523,3.4994580055354163,False,0.999755266,1.0,True,1.0,1.0,1.0,58.27,58.27,58.27,False,False,False,False
3666,580.07,True,0.00016600097296759486,0.002792003215290606,0.000166997779160738,0.00012500095181167126,0.0004579997039400041,7.363750002696179,7.367833000898827,False,0.997563706,0.8587091959294465,True,0.9797611294690362,0.9797611294690362,0.9797611294690362,100.0,100.0,100.0,True,False,False,False
3667,64.33,True,0.0004160028765909374,0.00404199818149209,0.0002500019036233425,0.00016700505511835217,0.0004169996827840805,3.425249997235369,3.431042001466267,False,0.999729814,1.0,True,1.0,1.0,1.0,64.33,64.33,64.33,False,False,False,False
3673,349.0,True,0.00016700505511835217,0.0021669984562322497,8.300412446260452e-05,0.00012500095181167126,0.00029199873097240925,7.395749998977408,7.398875000944827,False,0.9985342,0.7977844364228716,True,0.9047710926081675,0.9047710926081675,0.9047710926081675,100.0,100.0,100.0,True,False,False,False
3674,13.0,True,0.0005420006345957518,0.005084002623334527,0.00029200600693002343,0.00024999462766572833,0.00033299875212833285,3.5352920021978207,3.542416998243425,False,0.9999454,1.0,True,1.0,1.0,1.0,13.0,13.0,13.0,False,False,False,False
3680,348.0,True,0.0003749955794773996,0.005041001713834703,0.00033299875212833285,0.00029199873097240925,0.000333995558321476,7.405917000141926,7.412875005684327,False,0.9985384,0.7985551805426483,True,0.9047710926081675,0.9047710926081675,0.9047710926081675,100.0,100.0,100.0,True,False,False,False
3681,117.0,True,0.0004160028765909374,0.0049159934860654175,0.00029199873097240925,0.0002090018824674189,0.000333995558321476,7.602874997246545,7.6097089986433275,False,0.9995086,0.8371320000254278,True,0.8447972696279995,0.8447972696279995,0.8447972696279995,100.0,100.0,100.0,True,True,True,True
3686,339.88,True,0.00020800507627427578,0.0023750035325065255,0.00012500095181167126,0.00012500095181167126,0.00029199873097240925,6.817916997533757,6.821375005529262,False,0.998572504,1.0,True,1.0,1.0,1.0,100.0,100.0,100.0,False,False,False,False
3687,48.77,True,0.00037500285543501377,0.0038330035749822855,0.00020800507627427578,0.00012500095181167126,0.00033300602808594704,3.366208002262283,3.3715419995132834,False,0.999795166,1.0,True,1.0,1.0,1.0,48.77,48.77,48.77,False,False,False,False
3689,18.0,True,0.0002500019036233425,0.002958004188258201,0.00012500095181167126,0.00012499367585405707,0.00037500285543501377,3.7384999959613197,3.742791996046435,False,0.9999244,0.8122407334202617,True,0.8122407334202617,0.8122407334202617,0.8122407334202617,18.0,18.0,18.0,True,True,True,True
3691,278.5,True,0.00029199873097240925,0.0028750000637955964,0.00012500095181167126,0.00012500095181167126,0.0002500019036233425,6.8253749996074475,6.829499994637445,False,0.9988303,1.0,True,1.0,1.0,1.0,100.0,100.0,100.0,False,False,False,False
3707,300.0,True,0.00016700505511835217,0.0022500025806948543,0.00012500095181167126,8.300412446260452e-05,0.00037500285543501377,7.599917000334244,7.60325000010198,False,0.99874,0.8469630449541075,True,0.9146170005538099,0.9146170005538099,0.9146170005538099,100.0,100.0,100.0,True,False,False,False
3709,54.0,True,0.0002500019036233425,0.0033750038710422814,0.000166997779160738,0.00016700505511835217,0.00033299875212833285,3.5596660018200055,3.5644590025185607,False,0.9997732,0.9738706340869547,True,0.9738706340869547,0.9738706340869547,0.9738706340869547,54.0,54.0,54.0,False,False,False,False
3710,384.51,True,0.0002500019036233425,0.004083995008841157,0.0002500019036233425,0.00020800507627427578,0.00029199873097240925,7.134916995710228,7.140665999031626,False,0.998385058,1.0,True,1.0,1.0,1.0,100.0,100.0,100.0,False,False,False,False
3711,108.98,True,0.0004590037860907614,0.005041998520027846,0.00033400283427909017,0.00020899460650980473,0.0004160028765909374,6.733084002917167,6.740041993907653,False,0.999542284,1.0,True,1.0,1.0,1.0,100.0,100.0,100.0,False,False,False,False
3714,380.0,True,0.0002079978003166616,0.002459004463162273,0.00012500095181167126,0.00012499367585405707,0.00029199873097240925,7.193833000201266,7.197416998678818,False,0.998404,0.8567850959137128,True,0.9401831759410586,0.9401831759410586,0.9401831759410586,100.0,100.0,100.0,True,False,False,False
3717,250.0,True,0.0004579997039400041,0.0051249953685328364,0.00033299875212833285,0.00020800507627427578,0.00037500285543501377,7.641167001565918,7.648124999832362,False,0.99895,0.7754046053285327,True,0.8610658335900354,0.8610658335900354,0.8610658335900354,100.0,100.0,100.0,True,True,True,True
3725,16.09,True,0.0002079978003166616,0.002458000381011516,0.00012500095181167126,0.000166997779160738,0.00033400283427909017,3.6930420028511435,3.696624997246545,False,0.999932422,0.9253883021631021,True,0.9253883021631021,0.9253883021631021,0.9253883021631021,16.09,16.09,16.09,False,False,False,False
3727,28.92,True,0.0005420006345957518,0.005041998520027846,0.00029200600693002343,0.0002079978003166616,0.0003749955794773996,3.836167001281865,3.843332997348625,False,0.999878536,0.8059892617423898,True,0.8059892617423898,0.8059892617423898,0.8059892617423898,28.92,28.92,28.92,True,True,True,True
3728,254.0,True,0.0004169996827840805,0.004583002009894699,0.0002500019036233425,0.0002079978003166616,0.00037500285543501377,7.110500002454501,7.116834000044037,False,0.9989332,1.0,True,1.0,1.0,1.0,100.0,100.0,100.0,False,False,False,False
3743,995.45,True,0.0002500019036233425,0.0028330032364465296,0.00016600097296759486,0.000166997779160738,0.00033299875212833285,7.2911250026663765,7.295374998648185,False,0.99581911,0.9300151092982725,True,1.0,1.0,1.0,100.0,100.0,100.0,False,False,False,False
3744,199.0,True,0.0003749955794773996,0.004458001058083028,0.0002079978003166616,0.000166997779160738,0.00033400283427909017,6.998625001870096,7.004749997577164,False,0.9991642,1.0,True,1.0,1.0,1.0,100.0,100.0,100.0,False,False,False,False
3750,284.0,True,0.000166997779160738,0.002458000381011516,0.00012500095181167126,0.00012499367585405707,0.00029199873097240925,7.579832999908831,7.583458995213732,False,0.9988072,0.8926895300993554,True,0.9401831759410586,0.9401831759410586,0.9401831759410586,100.0,100.0,100.0,True,False,False,False
3752,39.0,True,0.0002910019247792661,0.0033329997677356005,0.0002090018824674189,0.000166997779160738,0.00029200600693002343,3.7201250015641563,3.7248750013532117,False,0.9998362,0.8751099765275608,True,0.8751099765275608,0.8751099765275608,0.8751099765275608,39.0,39.0,39.0,True,True,True,True
3754,38.0,True,0.0005830006557516754,0.005540998245123774,0.0003749955794773996,0.00033400283427909017,0.0004579997039400041,3.6952920054318383,3.703125003085006,False,0.9998404,1.0,True,1.0,1.0,1.0,38.0,38.0,38.0,False,False,False,False
3772,19.0,True,0.0005409965524449944,0.005708003300242126,0.00037500285543501377,0.00037500285543501377,0.0004590037860907614,3.6800000016228296,3.687999997055158,False,0.9999202,0.8877063207007797,True,0.8877063207007797,0.8877063207007797,0.8877063207007797,19.0,19.0,19.0,True,True,True,True
3773,278.96,True,0.000500003807246685,0.0045000051613897085,0.00024999462766572833,0.0002079978003166616,0.00029200600693002343,6.957459001569077,6.963665997318458,False,0.998828368,1.0,True,1.0,1.0,1.0,100.0,100.0,100.0,False,False,False,False
3774,8.0,True,0.0003749955794773996,0.004540997906588018,0.00033299875212833285,0.00029199873097240925,0.00033299875212833285,3.7720830005127937,3.7784170053782873,False,0.9999664,1.0,True,1.0,1.0,1.0,8.0,8.0,8.0,False,False,False,False
3827,242.0,True,0.00012500095181167126,0.0020000006770715117,8.400093065574765e-05,8.300412446260452e-05,0.00033299875212833285,7.559207995655015,7.562209000752773,False,0.9989836,0.7637213257177793,True,0.8532230366532213,0.8532230366532213,0.8532230366532213,100.0,100.0,100.0,True,True,True,True
3834,74.0,True,0.000166997779160738,0.002334003511350602,0.00012500095181167126,0.00012500095181167126,0.000333995558321476,3.6643749990616925,3.6679999975604005,False,0.9996892,1.0,True,1.0,1.0,1.0,74.0,74.0,74.0,False,False,False,False
3858,5.0,True,0.00045899651013314724,0.005125002644490451,0.00037500285543501377,0.0002500019036233425,0.0004579997039400041,3.5818329997709952,3.5889170030714013,False,0.999979,1.0,True,1.0,1.0,1.0,5.0,5.0,5.0,False,False,False,False
3873,28.57,True,0.0005840047379024327,0.005542002327274531,0.0003749955794773996,0.0002500019036233425,0.0003749955794773996,3.8009580021025613,3.8087079956312664,False,0.999880006,0.9226110447421072,True,0.9226110447421072,0.9226110447421072,0.9226110447421072,28.57,28.57,28.57,False,False,False,False
3877,248.0,True,0.0002090018824674189,0.0025839981390163302,0.000166997779160738,0.000166997779160738,0.00033400283427909017,7.06687499769032,7.07062499714084,False,0.9989584,1.0,True,1.0,1.0,1.0,100.0,100.0,100.0,False,False,False,False
3879,25.0,True,0.00045899651013314724,0.004875000740867108,0.000333995558321476,0.0002090018824674189,0.00033299875212833285,3.705082999658771,3.7119580010767095,False,0.999895,0.9234133429251732,True,0.9234133429251732,0.9234133429251732,0.9234133429251732,25.0,25.0,25.0,False,False,False,False
3880,236.0,True,0.0004160028765909374,0.004415996954776347,0.00033299875212833285,0.00020899460650980473,0.0004169996827840805,7.087291996867862,7.093625004927162,False,0.9990088,1.0,True,1.0,1.0,1.0,100.0,100.0,100.0,False,False,False,False
3884,60.0,True,0.0006249974831007421,0.00549999822396785,0.00029200600693002343,0.0002500019036233425,0.0004169996827840805,3.8534170016646385,3.8611670024693012,False,0.999748,0.8346840808122853,True,0.8346840808122853,0.8346840808122853,0.8346840808122853,60.0,60.0,60.0,True,True,True,True
3890,259.0,True,0.000166997779160738,0.0023749962565489113,0.00012500095181167126,0.00012500095181167126,0.00033299875212833285,7.036916998913512,7.040374999633059,False,0.9989122,0.864586718557842,True,0.9146170005538099,0.9146170005538099,0.9146170005538099,100.0,100.0,100.0,True,False,False,False
3902,485.58,True,0.00016600097296759486,0.0022079984773881733,8.300412446260452e-05,8.300412446260452e-05,0.00033299875212833285,7.15529199806042,7.158583001000807,False,0.997960564,1.0,True,1.0,1.0,1.0,100.0,100.0,100.0,False,False,False,False
3903,52.0,True,0.000500003807246685,0.005292000423651189,0.00033299875212833285,0.0002500019036233425,0.0003749955794773996,3.5708750001504086,3.578290998120792,False,0.9997816,1.0,True,1.0,1.0,1.0,52.0,52.0,52.0,False,False,False,False
3919,391.45,True,0.0002079978003166616,0.0020419975044205785,8.299684850499034e-05,0.00012500095181167126,0.0002910019247792661,7.7129580022301525,7.716083004197571,False,0.99835591,0.754348848513253,True,0.9047710926081675,0.9047710926081675,0.9047710926081675,100.0,100.0,100.0,True,False,False,False
3925,421.11,True,0.00016600097296759486,0.0027080022846348584,0.00012500095181167126,0.00016599369700998068,0.0004169996827840805,7.049166000797413,7.0531669989577495,False,0.998231338,0.972803353255662,True,1.0,1.0,1.0,100.0,100.0,100.0,False,False,False,False
3929,83.0,True,0.00016599369700998068,0.002583001332823187,0.000166997779160738,0.00012500095181167126,0.00029199873097240925,3.6244579969206825,3.62820800364716,False,0.9996514,1.0,True,1.0,1.0,1.0,83.0,83.0,83.0,False,False,False,False
3939,289.0,True,0.00016700505511835217,0.0022909953258931637,8.299684850499034e-05,0.00012500095181167126,0.00033299875212833285,7.528499998443294,7.531750001362525,False,0.9987862,0.8665126940757599,True,0.9237376331502339,0.9237376331502339,0.9237376331502339,100.0,100.0,100.0,True,False,False,False
3940,52.25,True,0.0004999965312890708,0.004791996616404504,0.00033400283427909017,0.0002500019036233425,0.00029199873097240925,3.729084004589822,3.7357920009526424,False,0.99978055,0.8634330291572014,True,0.8634330291572014,0.8634330291572014,0.8634330291572014,52.25,52.25,52.25,True,True,True,True
3941,281.18,True,0.00045899651013314724,0.004125002305954695,0.0002500019036233425,0.00020899460650980473,0.00037500285543501377,6.556749998708256,6.562582995684352,False,0.998819044,0.9863380675514724,True,0.9999196673918644,0.9999196673918644,0.9999196673918644,100.0,100.0,100.0,False,False,False,False
3947,306.0,True,0.0004169996827840805,0.004583002009894699,0.00029099464882165194,0.0002079978003166616,0.0004169996827840805,7.107375000487082,7.113833002222236,False,0.9987148,0.9891219637531559,True,1.0,1.0,1.0,100.0,100.0,100.0,False,False,False,False
3958,1100.0,True,0.00012499367585405707,0.0023329994291998446,0.00012500095181167126,0.00012500095181167126,0.00033400283427909017,7.239332997414749,7.242833002237603,False,0.99538,0.9026763033609534,True,1.0,1.0,1.0,100.0,100.0,100.0,False,False,False,False
3960,227.0,True,0.0004590037860907614,0.004666006134357303,0.0002500019036233425,0.00020800507627427578,0.00033299875212833285,7.152000005589798,7.158583001000807,False,0.9990466,0.9936578966112434,True,1.0,1.0,1.0,100.0,100.0,100.0,False,False,False,False
3980,30.0,True,0.00012500095181167126,0.002082997525576502,8.299684850499034e-05,0.00012500095181167126,0.00033299875212833285,3.6387500003911555,3.6417920055100694,False,0.999874,1.0,True,1.0,1.0,1.0,30.0,30.0,30.0,False,False,False,False
3982,322.0,True,0.00016600097296759486,0.0028750000637955964,0.0002079978003166616,0.000166997779160738,0.0003749955794773996,7.07716699980665,7.081417003064416,False,0.9986476,0.9789722278229718,True,0.9992122092123257,0.9992122092123257,0.9992122092123257,100.0,100.0,100.0,False,False,False,False
3983,11.0,True,0.00033400283427909017,0.0037080026231706142,0.0002500019036233425,0.00016599369700998068,0.00033299875212833285,3.609250001318287,3.614583001763094,False,0.9999538,1.0,True,1.0,1.0,1.0,11.0,11.0,11.0,False,False,False,False
3988,35.0,True,0.00016600097296759486,0.0023750035325065255,0.00012500095181167126,0.00012499367585405707,0.00033299875212833285,3.6178339942125604,3.6214169958839193,False,0.999853,0.9062099783041334,True,0.9062099783041334,0.9062099783041334,0.9062099783041334,35.0,35.0,35.0,False,False,False,False
4000,300.0,True,0.000166997779160738,0.002291999408043921,8.400093065574765e-05,8.400093065574765e-05,0.00037500285543501377,7.415540996589698,7.419000001391396,False,0.99874,0.8620836436381163,True,0.9237376331502339,0.9237376331502339,0.9237376331502339,100.0,100.0,100.0,True,False,False,False
4018,396.35,True,0.00012500095181167126,0.0020420047803781927,8.299684850499034e-05,0.00012500095181167126,0.00024999462766572833,7.104000003891997,7.106958000804298,False,0.99833533,0.97189821929951,True,1.0,1.0,1.0,100.0,100.0,100.0,False,False,False,False
4022,360.0,True,0.00016600097296759486,0.0025000044843181968,0.00016600097296759486,0.00016700505511835217,0.000333995558321476,7.580208999570459,7.584041995869484,False,0.998488,1.0,True,1.0,1.0,1.0,100.0,100.0,100.0,False,False,False,False
4041,390.24,True,0.00012500095181167126,0.0020410006982274354,8.300412446260452e-05,8.299684850499034e-05,0.00029199873097240925,7.332332999794744,7.335415997658856,False,0.998360992,1.0,True,1.0,1.0,1.0,100.0,100.0,100.0,False,False,False,False
4049,326.67,True,0.000166997779160738,0.0023329994291998446,0.00012500095181167126,0.00012500095181167126,0.00033300602808594704,7.194958001491614,7.198416002211161,False,0.998627986,0.8336962915288595,True,0.9146170005538099,0.9146170005538099,0.9146170005538099,100.0,100.0,100.0,True,False,False,False
4050,50.0,True,0.00029199873097240925,0.00404199818149209,0.0002500019036233425,0.000166997779160738,0.00029199873097240925,3.56258299871115,3.568041000107769,False,0.99979,1.0,True,1.0,1.0,1.0,50.0,50.0,50.0,False,False,False,False
4062,300.0,True,0.0004590037860907614,0.005125002644490451,0.00033299875212833285,0.0002079978003166616,0.0004579997039400041,6.949540998903103,6.956749995879363,False,0.99874,1.0,True,1.0,1.0,1.0,100.0,100.0,100.0,False,False,False,False
4066,408.0,True,0.00016700505511835217,0.002624998160172254,8.400093065574765e-05,0.00012500095181167126,0.00033400283427909017,7.231041003251448,7.234707998577505,False,0.9982864,1.0,True,1.0,1.0,1.0,100.0,100.0,100.0,False,False,False,False
4070,412.09,True,0.0002090018824674189,0.0030419978429563344,0.000166997779160738,0.00012500095181167126,0.0004169996827840805,7.504792003601324,7.509417002438568,False,0.998269222,0.7709792442659986,True,0.9146170005538099,0.9146170005538099,0.9146170005538099,100.0,100.0,100.0,True,False,False,False
4071,43.0,True,0.0004169996827840805,0.004665998858399689,0.00037500285543501377,0.0002500019036233425,0.00033400283427909017,3.8934999975026585,3.900042000168469,False,0.9998194,0.797156225941149,True,0.797156225941149,0.797156225941149,0.797156225941149,43.0,43.0,43.0,True,True,True,True
4072,305.0,True,0.000500003807246685,0.004958994395565242,0.00033400283427909017,0.0002090018824674189,0.000333995558321476,7.825459004379809,7.832249997591134,False,0.998719,0.860010098321593,True,0.9237376331502339,0.9237376331502339,0.9237376331502339,100.0,100.0,100.0,True,False,False,False
4104,9.0,True,8.299684850499034e-05,0.0020419975044205785,8.400093065574765e-05,8.400093065574765e-05,0.0004169996827840805,3.8530000019818544,3.8561250039492734,False,0.9999622,0.8555231712563097,True,0.8555231712563097,0.8555231712563097,0.8555231712563097,9.0,9.0,9.0,True,True,True,True
4105,266.46,True,0.00029199873097240925,0.0036249984987080097,0.00020800507627427578,0.000166997779160738,0.00037500285543501377,7.217250000394415,7.222332998935599,False,0.998880868,1.0,True,1.0,1.0,1.0,100.0,100.0,100.0,False,False,False,False
4106,17.0,True,0.0003749955794773996,0.004125002305954695,0.0002500019036233425,0.000166997779160738,0.00029099464882165194,3.5318329973961227,3.5375830047996715,False,0.9999286,1.0,True,1.0,1.0,1.0,17.0,17.0,17.0,False,False,False,False
4109,679.36,True,0.00033400283427909017,0.005292000423651189,0.00033400283427909017,0.00029199873097240925,0.000500003807246685,6.964000000152737,6.9713330012746155,False,0.997146688,0.9956469074995246,True,1.0,1.0,1.0,100.0,100.0,100.0,False,False,False,False
4110,234.0,True,0.0005830006557516754,0.004917004844173789,0.00029199873097240925,0.0002079978003166616,0.00033299875212833285,7.31695799913723,7.32379100372782,False,0.9990172,0.7490935817540125,True,0.8447972696279995,0.8447972696279995,0.8447972696279995,100.0,100.0,100.0,True,True,True,True
4116,370.85,True,0.00012500095181167126,0.0025000044843181968,0.00012500095181167126,0.000166997779160738,0.00033299875212833285,6.998750002821907,7.0024169981479645,False,0.99844243,1.0,True,1.0,1.0,1.0,100.0,100.0,100.0,False,False,False,False
4118,75.63,True,0.0005420006345957518,0.004875000740867108,0.00037500285543501377,0.0002090018824674189,0.000333995558321476,3.6499999987427145,3.656875000160653,False,0.999682354,0.8272195796750152,True,0.8272195796750152,0.8272195796750152,0.8272195796750152,75.63,75.63,75.63,True,True,True,True
4133,483.33,True,0.00012500095181167126,0.0020830048015341163,8.299684850499034e-05,8.400093065574765e-05,0.00029199873097240925,6.765166996046901,6.768125000235159,False,0.997970014,1.0,True,1.0,1.0,1.0,100.0,100.0,100.0,False,False,False,False
4135,422.54,True,0.0002910019247792661,0.004624998837243766,0.0003749955794773996,0.00016700505511835217,0.0004579997039400041,7.019333002972417,7.025709004665259,False,0.998225332,1.0,True,1.0,1.0,1.0,100.0,100.0,100.0,False,False,False,False
4137,90.0,True,0.00020800507627427578,0.003207998815923929,0.0002079978003166616,0.00012500095181167126,0.0003749955794773996,3.528082997945603,3.5327079967828467,False,0.999622,1.0,True,1.0,1.0,1.0,90.0,90.0,90.0,False,False,False,False
4138,377.0,True,0.0002500019036233425,0.003749999450519681,0.0002079978003166616,0.00016700505511835217,0.00029199873097240925,7.201958003861364,7.2071250033332035,False,0.9984166,1.0,True,1.0,1.0,1.0,100.0,100.0,100.0,False,False,False,False
4139,88.37,True,0.00037500285543501377,0.0041669991333037615,0.00033299875212833285,0.00016600097296759486,0.00033400283427909017,3.4999999988940544,3.5058339999523014,False,0.999628846,0.9079025292205938,True,0.9079025292205938,0.9079025292205938,0.9079025292205938,88.37,88.37,88.37,False,False,False,False
4155,73.0,True,0.0006250047590583563,0.005957997927907854,0.0003749955794773996,0.0002910019247792661,0.0004169996827840805,3.635250002844259,3.6434579960769042,False,0.9996934,1.0,True,1.0,1.0,1.0,73.0,73.0,73.0,False,False,False,False
4186,25.0,True,8.300412446260452e-05,0.0018749997252598405,8.299684850499034e-05,0.00012500095181167126,0.0004169996827840805,3.5462500018184073,3.5492090028128587,False,0.999895,0.8726797764359453,True,0.8726797764359453,0.8726797764359453,0.8726797764359453,25.0,25.0,25.0,True,True,True,True
4208,256.51,True,0.000166997779160738,0.0024999972083605826,8.300412446260452e-05,0.00016700505511835217,0.0004999965312890708,7.234333002998028,7.2382090002065524,False,0.998922658,1.0,True,1.0,1.0,1.0,100.0,100.0,100.0,False,False,False,False
4219,302.71,True,0.00016600097296759486,0.002167005732189864,8.399365469813347e-05,0.00012500095181167126,0.00033299875212833285,7.745040995359886,7.748332995106466,False,0.998728618,0.8456895215406317,True,0.9146170005538099,0.9146170005538099,0.9146170005538099,100.0,100.0,100.0,True,False,False,False
4220,68.0,True,0.000500003807246685,0.00508299854118377,0.000333995558321476,0.0002079978003166616,0.00029200600693002343,3.736999999091495,3.7439999941852875,False,0.9997144,0.9131809326682098,True,0.9131809326682098,0.9131809326682098,0.9131809326682098,68.0,68.0,68.0,False,False,False,False
4224,356.0,True,0.00020800507627427578,0.002624998160172254,0.00012500095181167126,0.00012500095181167126,0.00033299875212833285,7.479457999579608,7.483209003112279,False,0.9985048,0.7921776000367219,True,0.9047710926081675,0.9047710926081675,0.9047710926081675,100.0,100.0,100.0,True,False,False,False
4226,85.0,True,0.0007080016075633466,0.005917005182709545,0.00037500285543501377,0.00033299875212833285,0.0004579997039400041,3.754292003577575,3.7626250050379895,False,0.999643,1.0,True,1.0,1.0,1.0,85.0,85.0,85.0,False,False,False,False
4229,53.98,True,0.0005839974619448185,0.005540998245123774,0.0003749955794773996,0.00024999462766572833,0.0004169996827840805,3.743542001757305,3.7514580035349354,False,0.999773284,0.9257032929590493,True,0.9257032929590493,0.9257032929590493,0.9257032929590493,53.98,53.98,53.98,False,False,False,False
4243,299.0,True,0.00012500095181167126,0.0021669984562322497,0.00012500095181167126,0.00012500095181167126,0.00037500285543501377,7.550125003035646,7.553499999630731,False,0.9987442,0.8877746591759177,True,0.9401831759410586,0.9401831759410586,0.9401831759410586,100.0,100.0,100.0,True,False,False,False
4244,54.59,True,0.0005410038284026086,0.00549999822396785,0.00037500285543501377,0.00029199873097240925,0.0004160028765909374,3.5932500031776726,3.6009169998578727,False,0.999770722,1.0,True,1.0,1.0,1.0,54.59,54.59,54.59,False,False,False,False
4259,15.0,True,0.00012500095181167126,0.002082997525576502,0.00012500095181167126,0.00012500095181167126,0.00033299875212833285,3.5660409994306974,3.5690410004463047,False,0.999937,1.0,True,1.0,1.0,1.0,15.0,15.0,15.0,False,False,False,False
4261,57.0,True,0.000500003807246685,0.005374997272156179,0.00037500285543501377,0.000333995558321476,0.000500003807246685,3.710832999786362,3.718499996466562,False,0.9997606,0.8360514486967586,True,0.8360514486967586,0.8360514486967586,0.8360514486967586,57.0,57.0,57.0,True,True,True,True
4276,84.0,True,0.0005420006345957518,0.004374996933620423,0.0002500019036233425,0.00016600097296759486,0.0004999965312890708,3.708124997501727,3.714624996064231,False,0.9996472,0.8427652625435513,True,0.8427652625435513,0.8427652625435513,0.8427652625435513,84.0,84.0,84.0,True,True,True,True
4279,372.92,True,0.00016600097296759486,0.0025419940357096493,8.400093065574765e-05,0.00012500095181167126,0.00033299875212833285,6.651374998909887,6.654958000581246,False,0.998433736,1.0,True,1.0,1.0,1.0,100.0,100.0,100.0,False,False,False,False
4280,20.0,True,0.0003749955794773996,0.003750006726477295,0.000166997779160738,0.00012500095181167126,0.0002910019247792661,3.4690829997998662,3.4742920033750124,False,0.999916,1.0,True,1.0,1.0,1.0,20.0,20.0,20.0,False,False,False,False
4283,693.75,True,0.000166997779160738,0.002624998160172254,0.000166997779160738,0.000166997779160738,0.00029200600693002343,7.217832993774209,7.2216249973280355,False,0.99708625,0.955256695601704,True,1.0,1.0,1.0,100.0,100.0,100.0,False,False,False,False
4330,836.36,True,0.00012500095181167126,0.0019169965526089072,8.300412446260452e-05,8.300412446260452e-05,0.00033299875212833285,7.110082995495759,7.112916995538399,False,0.996487288,0.9353224134291923,True,1.0,1.0,1.0,100.0,100.0,100.0,False,False,False,False
4331,40.53,True,0.0003749955794773996,0.0037919962778687477,0.0002090018824674189,0.0002090018824674189,0.000333995558321476,3.810500005783979,3.815916999883484,False,0.999829774,0.8813346623007456,True,0.8813346623007456,0.8813346623007456,0.8813346623007456,40.53,40.53,40.53,True,True,True,True
4340,303.54,True,0.00020800507627427578,0.0023750035325065255,0.00012500095181167126,0.00012499367585405707,0.0002500019036233425,7.066375001159031,7.069917002809234,False,0.998725132,1.0,True,1.0,1.0,1.0,100.0,100.0,100.0,False,False,False,False
4341,40.0,True,0.0004579997039400041,0.0049579975893720984,0.0002910019247792661,0.0002090018824674189,0.000333995558321476,3.728832998604048,3.7356250031734817,False,0.999832,0.8434506114822519,True,0.8434506114822519,0.8434506114822519,0.8434506114822519,40.0,40.0,40.0,True,True,True,True
4347,357.0,True,0.000166997779160738,0.0023749962565489113,0.00012500095181167126,0.00012500095181167126,0.00033299875212833285,7.137749998946674,7.141209003748372,False,0.9985006,0.9885784020760456,True,1.0,1.0,1.0,100.0,100.0,100.0,False,False,False,False
4348,67.0,True,0.0004579997039400041,0.004707995685748756,0.00029199873097240925,0.0002090018824674189,0.000333995558321476,3.5560840042307973,3.562541001883801,False,0.9997186,1.0,True,1.0,1.0,1.0,67.0,67.0,67.0,False,False,False,False
4360,421.79,True,0.000166997779160738,0.0023749962565489113,0.00012500095181167126,0.00012500095181167126,0.00033300602808594704,7.030624998151325,7.034082998870872,False,0.998228482,1.0,True,1.0,1.0,1.0,100.0,100.0,100.0,False,False,False,False
4361,142.58,True,0.00033299875212833285,0.003541994374245405,0.00020800507627427578,0.000166997779160738,0.00029200600693002343,8.100500002910849,8.10545800050022,False,0.999401164,0.7852365254883048,True,0.8142143494265454,0.8142143494265454,0.8142143494265454,100.0,100.0,100.0,True,True,True,True
4372,44.1,True,0.00016600097296759486,0.0021669984562322497,8.400093065574765e-05,0.00012500095181167126,0.00033300602808594704,3.8955420022830367,3.8987920052022673,False,0.99981478,0.9279413460786838,True,0.9279413460786838,0.9279413460786838,0.9279413460786838,44.1,44.1,44.1,False,False,False,False
4388,375.0,True,0.00020800507627427578,0.0023329994291998446,8.300412446260452e-05,8.300412446260452e-05,0.00033299875212833285,7.453582999005448,7.456916006049141,False,0.998425,1.0,True,1.0,1.0,1.0,100.0,100.0,100.0,False,False,False,False
4389,342.0,True,0.00033299875212833285,0.0051249953685328364,0.0002910019247792661,0.0002500019036233425,0.0004160028765909374,7.030375003523659,7.03724999766564,False,0.9985636,1.0,True,1.0,1.0,1.0,100.0,100.0,100.0,False,False,False,False
4391,91.84,True,0.0006249974831007421,0.005249996320344508,0.00037500285543501377,0.0002910019247792661,0.0004169996827840805,3.969625002355315,3.977083004429005,False,0.999614272,0.8564613079921055,True,0.8564613079921055,0.8564613079921055,0.8564613079921055,91.84,91.84,91.84,True,True,True,True
4405,86.3,True,0.00016700505511835217,0.002124994352925569,0.00012500095181167126,8.299684850499034e-05,0.0003749955794773996,3.6922500003129244,3.6954169991076924,False,0.99963754,0.9180373531645367,True,0.9180373531645367,0.9180373531645367,0.9180373531645367,86.3,86.3,86.3,False,False,False,False
4415,400.0,True,0.00012500095181167126,0.0021660016500391066,8.299684850499034e-05,0.00012500095181167126,0.00029199873097240925,7.149707998905797,7.1529159977217205,False,0.99832,0.9998517616458077,True,1.0,1.0,1.0,100.0,100.0,100.0,False,False,False,False
4416,152.22,True,0.00029099464882165194,0.0037909994716756046,0.00024999462766572833,0.00016600097296759486,0.00033299875212833285,7.332834000408184,7.33820899768034,False,0.999360676,1.0,True,1.0,1.0,1.0,100.0,100.0,100.0,False,False,False,False
4425,24.29,True,0.0004590037860907614,0.005041998520027846,0.00029199873097240925,0.0002500019036233425,0.0003749955794773996,3.5532500041881576,3.5601249983301386,False,0.999897982,1.0,True,1.0,1.0,1.0,24.29,24.29,24.29,False,False,False,False
4431,290.0,True,0.0002090018824674189,0.0024999972083605826,0.00012500095181167126,0.00012500095181167126,0.00029199873097240925,7.080374998622574,7.084042001224589,False,0.998782,1.0,True,1.0,1.0,1.0,100.0,100.0,100.0,False,False,False,False
4453,98.75,True,0.00012500095181167126,0.0021660016500391066,8.299684850499034e-05,8.299684850499034e-05,0.0004169996827840805,3.732333003426902,3.7356250031734817,False,0.99958525,0.9149335442590412,True,0.9149335442590412,0.9149335442590412,0.9149335442590412,98.75,98.75,98.75,False,False,False,False
4455,465.17,True,0.00024999462766572833,0.0028750000637955964,0.00012500095181167126,0.00016700505511835217,0.000333995558321476,7.088332997227553,7.092500003636815,False,0.998046286,0.9728346605852954,True,1.0,1.0,1.0,100.0,100.0,100.0,False,False,False,False
4456,250.0,True,0.00033400283427909017,0.0036249984987080097,0.0002079978003166616,0.00016600097296759486,0.00033299875212833285,7.18241700087674,7.187666997197084,False,0.99895,1.0,True,1.0,1.0,1.0,100.0,100.0,100.0,False,False,False,False
4459,344.0,True,0.00016700505511835217,0.0026659981813281775,0.00012500095181167126,0.00016600097296759486,0.00033400283427909017,7.0412910063168965,7.045083002594765,False,0.9985552,1.0,True,1.0,1.0,1.0,100.0,100.0,100.0,False,False,False,False
4460,1018.82,True,0.00024999462766572833,0.004084002284798771,0.0002090018824674189,0.000166997779160738,0.00033300602808594704,7.307749998290092,7.313292000617366,False,0.995720956,0.9390567319838015,True,1.0,1.0,1.0,100.0,100.0,100.0,False,False,False,False
4461,136.88,True,0.000500003807246685,0.004833003913518041,0.00024999462766572833,0.0002090018824674189,0.0002500019036233425,7.3438339968561195,7.350416999543086,False,0.999425104,0.7897894043443824,True,0.8142143494265454,0.8142143494265454,0.8142143494265454,100.0,100.0,100.0,True,True,True,True
4481,338.0,True,0.00020800507627427578,0.002458000381011516,8.299684850499034e-05,8.300412446260452e-05,0.0004169996827840805,7.3787910005194135,7.382458999927621,False,0.9985804,1.0,True,1.0,1.0,1.0,100.0,100.0,100.0,False,False,False,False
4482,30.0,True,0.0004579997039400041,0.004540997906588018,0.00029199873097240925,0.000166997779160738,0.0003749955794773996,3.4809589997166768,3.487291993224062,False,0.999874,1.0,True,1.0,1.0,1.0,30.0,30.0,30.0,False,False,False,False
4483,388.67,True,0.00029200600693002343,0.004041001375298947,0.0002500019036233425,0.00020800507627427578,0.0002910019247792661,6.9255839989637025,6.931125004484784,False,0.998367586,0.9706101388667344,True,0.9999196673918644,0.9999196673918644,0.9999196673918644,100.0,100.0,100.0,False,False,False,False
4484,30.95,True,0.0004169996827840805,0.004250003257766366,0.0002500019036233425,0.00020800507627427578,0.00029199873097240925,3.9325420002569444,3.9384580013575032,False,0.99987001,0.8776587026311319,True,0.8776587026311319,0.8776587026311319,0.8776587026311319,30.95,30.95,30.95,True,True,True,True
4485,516.72,True,0.0002079978003166616,0.0037919962778687477,0.00020800507627427578,0.000166997779160738,0.00033299875212833285,6.786749996535946,6.791917003283743,False,0.997829776,0.9549099978238539,True,1.0,1.0,1.0,100.0,100.0,100.0,False,False,False,False
4486,77.0,True,0.00037500285543501377,0.0037080026231706142,0.00020899460650980473,0.0002500019036233425,0.0002500019036233425,3.377624998393003,3.382875001989305,False,0.9996766,1.0,True,1.0,1.0,1.0,77.0,77.0,77.0,False,False,False,False
4509,216.0,True,0.000166997779160738,0.0020410006982274354,8.299684850499034e-05,0.00012500095181167126,0.0002910019247792661,7.391750004899222,7.394874999590684,False,0.9990928,0.9126531724609105,True,0.9401831759410586,0.9401831759410586,0.9401831759410586,100.0,100.0,100.0,False,False,False,False
4515,97.0,True,0.000500003807246685,0.004583998816087842,0.0004169996827840805,0.00024999462766572833,0.0004169996827840805,3.734458005055785,3.741124994121492,False,0.9995926,0.8544255241887531,True,0.8544255241887531,0.8544255241887531,0.8544255241887531,97.0,97.0,97.0,True,True,True,True
4519,252.0,True,0.00020800507627427578,0.0025419940357096493,8.400093065574765e-05,0.00016700505511835217,0.00033299875212833285,7.303332997253165,7.306999999855179,False,0.9989416,1.0,True,1.0,1.0,1.0,100.0,100.0,100.0,False,False,False,False
4524,163.0,True,0.0005830006557516754,0.005166002665646374,0.00033299875212833285,0.000166997779160738,0.00033400283427909017,7.018917000095826,7.02604199614143,False,0.9993154,0.9972947074534098,True,0.9999196673918644,0.9999196673918644,0.9999196673918644,100.0,100.0,100.0,False,False,False,False
4526,356.68,True,0.0002090018824674189,0.003374996595084667,0.00012500095181167126,0.0002079978003166616,0.000500003807246685,7.194333004008513,7.199207997473422,False,0.998501944,1.0,True,1.0,1.0,1.0,100.0,100.0,100.0,False,False,False,False
4527,134.0,True,0.0004579997039400041,0.004583002009894699,0.0002910019247792661,0.0002079978003166616,0.00033299875212833285,6.812749998061918,6.81920800707303,False,0.9994372,1.0,True,1.0,1.0,1.0,100.0,100.0,100.0,False,False,False,False
4530,403.09,True,0.000166997779160738,0.002749999111983925,0.00016700505511835217,0.000166997779160738,0.0002910019247792661,7.006624997302424,7.010624998656567,False,0.998307022,1.0,True,1.0,1.0,1.0,100.0,100.0,100.0,False,False,False,False
4531,72.0,True,0.0005839974619448185,0.00508299854118377,0.00029199873097240925,0.0002500019036233425,0.00033300602808594704,3.716291997989174,3.723375004483387,False,0.9996976,1.0,True,1.0,1.0,1.0,72.0,72.0,72.0,False,False,False,False
4538,92.0,True,0.0005830006557516754,0.005249996320344508,0.0004169996827840805,0.0002500019036233425,0.0004169996827840805,3.5852910004905425,3.592749999370426,False,0.9996136,0.8712174346168658,True,0.8712174346168658,0.8712174346168658,0.8712174346168658,92.0,92.0,92.0,True,True,True,True
4541,382.0,True,0.00020800507627427578,0.0027080022846348584,0.00012500095181167126,0.00016600097296759486,0.00029199873097240925,7.1491250055260025,7.153041995479725,False,0.9983956,1.0,True,1.0,1.0,1.0,100.0,100.0,100.0,False,False,False,False
4554,495.0,True,0.000166997779160738,0.002125001628883183,0.000166997779160738,0.00016600097296759486,0.00029199873097240925,7.320500000787433,7.323832993279211,False,0.997921,1.0,True,1.0,1.0,1.0,100.0,100.0,100.0,False,False,False,False
4555,100.0,True,0.00045899651013314724,0.004791996616404504,0.00029199873097240925,0.0002500019036233425,0.0003749955794773996,3.4208750003017485,3.427499999816064,False,0.99958,0.9797611294690362,True,0.9797611294690362,0.9797611294690362,0.9797611294690362,100.0,100.0,100.0,False,False,False,False
4568,290.0,True,0.000166997779160738,0.0023329994291998446,0.00012500095181167126,0.00012500095181167126,0.00029199873097240925,7.1595420013181865,7.162916001107078,False,0.998782,0.8347292838907572,True,0.9047710926081675,0.9047710926081675,0.9047710926081675,100.0,100.0,100.0,True,False,False,False
4581,15.0,True,0.0002090018824674189,0.0025419940357096493,0.00016700505511835217,0.000166997779160738,0.00037500285543501377,3.6126249979133718,3.616499998315703,False,0.999937,0.8533106311630418,True,0.8533106311630418,0.8533106311630418,0.8533106311630418,15.0,15.0,15.0,True,True,True,True
4583,19.64,True,0.0005830006557516754,0.005250003596302122,0.00037500285543501377,0.00029199873097240925,0.00033299875212833285,3.7690829994971864,3.7763749933219515,False,0.999917512,0.915099094273592,True,0.915099094273592,0.915099094273592,0.915099094273592,19.64,19.64,19.64,False,False,False,False
4586,982.86,True,0.00012500095181167126,0.0028340000426396728,8.400093065574765e-05,8.400093065574765e-05,0.000333995558321476,7.212374999653548,7.216292004159186,False,0.995871988,0.8760638927979607,True,1.0,1.0,1.0,100.0,100.0,100.0,True,False,False,False
4587,23.4,True,0.0003749955794773996,0.003749999450519681,0.00020899460650980473,0.00012500095181167126,0.00033299875212833285,3.640874994744081,3.646249999292195,False,0.99990172,1.0,True,1.0,1.0,1.0,23.4,23.4,23.4,False,False,False,False
4589,388.98,True,0.0002079978003166616,0.0030410010367631912,0.0002079978003166616,0.000166997779160738,0.00033299875212833285,6.7018330009886995,6.706250002025627,False,0.998366284,1.0,True,1.0,1.0,1.0,100.0,100.0,100.0,False,False,False,False
4590,5.0,True,0.0004160028765909374,0.003625005774665624,0.0002079978003166616,0.000166997779160738,0.00024999462766572833,3.5727499998756684,3.577916999347508,False,0.999979,0.8299048213245447,True,0.8299048213245447,0.8299048213245447,0.8299048213245447,5.0,5.0,5.0,True,True,True,True
4592,279.44,True,0.0002079978003166616,0.0027909991331398487,0.0002079978003166616,0.00012500095181167126,0.00033299875212833285,6.8276669990154915,6.831792001321446,False,0.998826352,1.0,True,1.0,1.0,1.0,100.0,100.0,100.0,False,False,False,False
4596,45.0,True,0.0005830006557516754,0.005125002644490451,0.00037500285543501377,0.0002090018824674189,0.00037500285543501377,3.7644580006599426,3.7716669976362027,False,0.999811,0.8799602541636882,True,0.8799602541636882,0.8799602541636882,0.8799602541636882,45.0,45.0,45.0,True,True,True,True
4599,272.0,True,0.0002079978003166616,0.0025420013116672635,0.00016600097296759486,0.00012500095181167126,0.00037500285543501377,7.465750000847038,7.469541997124907,False,0.9988576,0.8253816457432923,True,0.8940181450675031,0.8940181450675031,0.8940181450675031,100.0,100.0,100.0,True,True,True,True
4600,61.0,True,0.0003749955794773996,0.0038340003811754286,0.0002079978003166616,0.000166997779160738,0.0003749955794773996,3.78774999990128,3.7932499981252477,False,0.9997438,1.0,True,1.0,1.0,1.0,61.0,61.0,61.0,False,False,False,False
4645,456.25,True,0.00012500095181167126,0.0020000006770715117,8.299684850499034e-05,0.00012500095181167126,0.0003749955794773996,7.161916000768542,7.165000002714805,False,0.99808375,1.0,True,1.0,1.0,1.0,100.0,100.0,100.0,False,False,False,False
4647,384.49,True,0.000166997779160738,0.003082997864112258,0.00016599369700998068,0.000166997779160738,0.00037500285543501377,7.563999999547377,7.568417000584304,False,0.998385142,0.7367713639852765,True,0.8995365401683191,0.8995365401683191,0.8995365401683191,100.0,100.0,100.0,True,True,True,True
4648,54.7,True,0.00037500285543501377,0.003958004526793957,0.0002500019036233425,0.000166997779160738,0.00033299875212833285,3.495666998787783,3.501207997032907,False,0.99977026,0.9255383401801863,True,0.9255383401801863,0.9255383401801863,0.9255383401801863,54.7,54.7,54.7,False,False,False,False
4650,345.0,True,0.0002079978003166616,0.0028750000637955964,0.00012500095181167126,0.00016600097296759486,0.00024999462766572833,6.718417003867216,6.722457997966558,False,0.998551,1.0,True,1.0,1.0,1.0,100.0,100.0,100.0,False,False,False,False
4653,110.0,True,0.00016600097296759486,0.002791995939332992,0.00012500095181167126,0.00012500095181167126,0.00037500285543501377,7.252041999890935,7.255999997141771,False,0.999538,0.9120512982916331,True,0.9146170005538099,0.9146170005538099,0.9146170005538099,100.0,100.0,100.0,False,False,False,False
4655,467.16,True,0.0002079978003166616,0.0028750000637955964,0.00012500095181167126,0.0002079978003166616,0.00033300602808594704,7.334875001106411,7.339042000239715,False,0.998037928,0.738803394190792,True,0.9237376331502339,0.9237376331502339,0.9237376331502339,100.0,100.0,100.0,True,False,False,False
4656,33.34,True,0.000500003807246685,0.005041998520027846,0.00033400283427909017,0.0002090018824674189,0.000333995558321476,3.7313749999157153,3.7383340022643097,False,0.999859972,0.9167532927630907,True,0.9167532927630907,0.9167532927630907,0.9167532927630907,33.34,33.34,33.34,False,False,False,False
4670,410.57,True,0.000166997779160738,0.002334003511350602,8.400093065574765e-05,8.300412446260452e-05,0.0004169996827840805,6.974832998821512,6.978249999519903,False,0.998275606,1.0,True,1.0,1.0,1.0,100.0,100.0,100.0,False,False,False,False
4671,31.0,True,0.00033299875212833285,0.003582994395401329,0.0002079978003166616,0.00012500095181167126,0.0002910019247792661,3.453333003562875,3.4583749948069453,False,0.9998698,1.0,True,1.0,1.0,1.0,31.0,31.0,31.0,False,False,False,False
4673,297.86,True,0.0002500019036233425,0.0028750000637955964,0.00012500095181167126,0.00016599369700998068,0.00029199873097240925,8.30804200086277,8.312167003168724,False,0.998748988,0.7339401776642257,True,0.8684136752395771,0.8684136752395771,0.8684136752395771,100.0,100.0,100.0,True,True,True,True
4683,105.75,True,0.0004579997039400041,0.0049579975893720984,0.00033299875212833285,0.0002910019247792661,0.00037500285543501377,7.572417001938447,7.579458004329354,False,0.99955585,0.9599484510528736,True,0.9609244451109185,0.9609244451109185,0.9609244451109185,100.0,100.0,100.0,False,False,False,False
4685,571.26,True,0.00033300602808594704,0.004916997568216175,0.00029200600693002343,0.0002500019036233425,0.00029199873097240925,7.103457995981444,7.1101659996202216,False,0.997600708,0.8627095810006732,True,0.9797611294690362,0.9797611294690362,0.9797611294690362,100.0,100.0,100.0,True,False,False,False
4686,130.0,True,0.0004999965312890708,0.004582994733937085,0.00024999462766572833,0.0002079978003166616,0.00033299875212833285,7.026375002169516,7.032749999780208,False,0.999454,1.0,True,1.0,1.0,1.0,100.0,100.0,100.0,False,False,False,False
4693,39.0,True,0.00012499367585405707,0.002291002601850778,0.00012499367585405707,8.299684850499034e-05,0.00029199873097240925,3.7932909981464036,3.7965000010444783,False,0.9998362,0.8127825017779028,True,0.8127825017779028,0.8127825017779028,0.8127825017779028,39.0,39.0,39.0,True,True,True,True
4700,404.0,True,0.00016700505511835217,0.0022909953258931637,8.299684850499034e-05,8.299684850499034e-05,0.00029199873097240925,6.904457994096447,6.907709001097828,False,0.9983032,1.0,True,1.0,1.0,1.0,100.0,100.0,100.0,False,False,False,False
4701,750.64,True,0.00033299875212833285,0.00404199818149209,0.0002500019036233425,0.0002090018824674189,0.00029199873097240925,7.459583997842856,7.465292001143098,False,0.996847312,0.8655767796994691,True,0.9992122092123257,0.9992122092123257,0.9992122092123257,100.0,100.0,100.0,True,False,False,False
4702,69.0,True,0.00033300602808594704,0.0038330035749822855,0.0002500019036233425,0.000166997779160738,0.00033299875212833285,3.62445800419664,3.629917002399452,False,0.9997102,0.897124248468919,True,0.897124248468919,0.897124248468919,0.897124248468919,69.0,69.0,69.0,True,True,True,True
4720,463.1,True,0.00012499367585405707,0.0023749962565489113,0.00012500095181167126,0.00012500095181167126,0.00033299875212833285,7.33724999736296,7.3406669980613515,False,0.99805498,1.0,True,1.0,1.0,1.0,100.0,100.0,100.0,False,False,False,False
4724,95.5,True,0.000667001586407423,0.004832996637560427,0.00024999462766572833,0.0002079978003166616,0.00033300602808594704,3.602332995797042,3.6091669971938245,False,0.9995989,0.9157523074156556,True,0.9157523074156556,0.9157523074156556,0.9157523074156556,95.5,95.5,95.5,False,False,False,False
4725,316.67,True,0.0004159956006333232,0.004374996933620423,0.0002500019036233425,0.00020800507627427578,0.00033299875212833285,7.101082999724895,7.107166995410807,False,0.998669986,1.0,True,1.0,1.0,1.0,100.0,100.0,100.0,False,False,False,False
4728,150.0,True,0.0005409965524449944,0.0052910036174580455,0.0002910019247792661,0.00024999462766572833,0.0004159956006333232,7.641249998414423,7.648583996342495,False,0.99937,0.778845821013836,True,0.8142143494265454,0.8142143494265454,0.8142143494265454,100.0,100.0,100.0,True,True,True,True
4731,45.0,True,0.0004579997039400041,0.005875001079402864,0.0004169996827840805,0.0002500019036233425,0.00045899651013314724,4.100666999875102,4.1087079953285865,False,0.999811,0.7958181760223544,True,0.7958181760223544,0.7958181760223544,0.7958181760223544,45.0,45.0,45.0,True,True,True,True
4737,20.0,True,0.000166997779160738,0.0025410045054741204,0.00012500095181167126,0.00016600097296759486,0.0004169996827840805,3.6404999991646037,3.644333002739586,False,0.999916,1.0,True,1.0,1.0,1.0,20.0,20.0,20.0,False,False,False,False
4767,20.0,True,0.0002079978003166616,0.002583001332823187,0.0002079978003166616,0.00016700505511835217,0.0004169996827840805,3.625083001679741,3.6290829957579263,False,0.999916,1.0,True,1.0,1.0,1.0,20.0,20.0,20.0,False,False,False,False
4772,229.36,True,0.0004999965312890708,0.0056249991757795215,0.00037500285543501377,0.0002090018824674189,0.0004169996827840805,7.64566699945135,7.6533749961527064,False,0.999036688,0.7772015208149936,True,0.8532230366532213,0.8532230366532213,0.8532230366532213,100.0,100.0,100.0,True,True,True,True
4782,346.0,True,0.000166997779160738,0.00224999530473724,8.400093065574765e-05,8.400093065574765e-05,0.00033400283427909017,7.121957998606376,7.1252089983318,False,0.9985468,0.9777093178859352,True,0.9999196673918644,0.9999196673918644,0.9999196673918644,100.0,100.0,100.0,False,False,False,False
4783,45.0,True,0.0004999965312890708,0.005166002665646374,0.00033299875212833285,0.0002079978003166616,0.0004169996827840805,3.485041997919325,3.4922909981105477,False,0.999811,1.0,True,1.0,1.0,1.0,45.0,45.0,45.0,False,False,False,False
4784,323.5,True,0.00037500285543501377,0.004125002305954695,0.00024999462766572833,0.000166997779160738,0.00033400283427909017,6.718249998812098,6.723958998918533,False,0.9986413,1.0,True,1.0,1.0,1.0,100.0,100.0,100.0,False,False,False,False
4798,368.06,True,0.00016600097296759486,0.002124994352925569,0.00012500095181167126,0.00012500095181167126,0.0004169996827840805,7.099333000951447,7.102666997525375,False,0.998454148,1.0,True,1.0,1.0,1.0,100.0,100.0,100.0,False,False,False,False
4799,89.33,True,0.000500003807246685,0.00441699376096949,0.0003749955794773996,0.0002079978003166616,0.00033299875212833285,3.4508750031818636,3.4572090007713996,False,0.999624814,1.0,True,1.0,1.0,1.0,89.33,89.33,89.33,False,False,False,False
4800,542.92,True,0.0002910019247792661,0.004207999154459685,0.0002500019036233425,0.00020800507627427578,0.00033299875212833285,7.310875000257511,7.3167089940398,False,0.997719736,0.9909410664066046,True,1.0,1.0,1.0,100.0,100.0,100.0,False,False,False,False
4801,586.44,True,0.00029199873097240925,0.005249996320344508,0.00029199873097240925,0.00020800507627427578,0.00033299875212833285,7.3454170051263645,7.3523749961168505,False,0.997536952,0.9979419721250353,True,1.0,1.0,1.0,100.0,100.0,100.0,False,False,False,False
4820,240.38,True,0.00012500095181167126,0.0020419975044205785,8.400093065574765e-05,0.00012500095181167126,0.00033400283427909017,6.95537499996135,6.958416000998113,False,0.998990404,0.9925169024713183,True,1.0,1.0,1.0,100.0,100.0,100.0,False,False,False,False
4828,64.0,True,0.00012499367585405707,0.0021660016500391066,8.299684850499034e-05,0.000166997779160738,0.0004160028765909374,3.5539579985197634,3.557208998245187,False,0.9997312,1.0,True,1.0,1.0,1.0,64.0,64.0,64.0,False,False,False,False
4836,293.0,True,0.00012500095181167126,0.0021660016500391066,0.00012500095181167126,0.000166997779160738,0.00029200600693002343,7.068958999298047,7.072209002217278,False,0.9987694,0.9470874565550144,True,0.9797611294690362,0.9797611294690362,0.9797611294690362,100.0,100.0,100.0,False,False,False,False
4838,20.0,True,0.0005420006345957518,0.005292000423651189,0.00033299875212833285,0.0002079978003166616,0.00033299875212833285,3.690583005663939,3.697833002661355,False,0.999916,0.9099795645438817,True,0.9099795645438817,0.9099795645438817,0.9099795645438817,20.0,20.0,20.0,False,False,False,False
4839,288.0,True,0.00037500285543501377,0.004499997885432094,0.00029199873097240925,0.0002500019036233425,0.00033299875212833285,7.028708998404909,7.034958995063789,False,0.9987904,1.0,True,1.0,1.0,1.0,100.0,100.0,100.0,False,False,False,False
4841,408.48,True,0.000166997779160738,0.002916996891144663,0.0002079978003166616,0.00016599369700998068,0.00029199873097240925,7.065208999847528,7.06950000312645,False,0.998284384,0.8039424523458778,True,0.9237376331502339,0.9237376331502339,0.9237376331502339,100.0,100.0,100.0,True,False,False,False
4856,17.0,True,0.0006249974831007421,0.005750000127591193,0.00029199873097240925,0.00029200600693002343,0.0004160028765909374,3.6969580032746308,3.7047500009066425,False,0.9999286,0.9205431156823006,True,0.9205431156823006,0.9205431156823006,0.9205431156823006,17.0,17.0,17.0,False,False,False,False
4869,396.67,True,0.000166997779160738,0.0020410006982274354,8.300412446260452e-05,8.300412446260452e-05,0.00037500285543501377,7.497375001548789,7.500500003516208,False,0.998333986,1.0,True,1.0,1.0,1.0,100.0,100.0,100.0,False,False,False,False
4870,125.74,True,0.0003749955794773996,0.006582995411008596,0.0002500019036233425,0.00012500095181167126,0.0003749955794773996,7.366541998635512,7.374875000095926,False,0.999471892,0.9174628857662508,True,0.9237376331502339,0.9237376331502339,0.9237376331502339,100.0,100.0,100.0,False,False,False,False
4874,99.0,True,0.000500003807246685,0.005041001713834703,0.00037500285543501377,0.0002500019036233425,0.00037500285543501377,3.942167000786867,3.9492079959018156,False,0.9995842,0.7690244870745327,True,0.7690244870745327,0.7690244870745327,0.7690244870745327,99.0,99.0,99.0,True,True,True,True
4875,508.29,True,0.00033299875212833285,0.0045000051613897085,0.00033299875212833285,0.0002079978003166616,0.0003749955794773996,6.722042002365924,6.728292006300762,False,0.997865182,1.0,True,1.0,1.0,1.0,100.0,100.0,100.0,False,False,False,False
4876,252.5,True,0.0004169996827840805,0.004042005457449704,0.0002079978003166616,0.000166997779160738,0.00033400283427909017,7.013249996816739,7.018917000095826,False,0.9989395,0.8358198205795913,True,0.8940181450675031,0.8940181450675031,0.8940181450675031,100.0,100.0,100.0,True,True,True,True
4895,385.48,True,0.00012499367585405707,0.0020420047803781927,0.00012500095181167126,8.400093065574765e-05,0.00037500285543501377,6.994208000833169,6.997333002800588,False,0.998380984,1.0,True,1.0,1.0,1.0,100.0,100.0,100.0,False,False,False,False
4900,19.0,True,0.000166997779160738,0.0024170003598555923,0.00012500095181167126,0.00012500095181167126,0.00037500285543501377,3.5825000013574027,3.5860420030076057,False,0.9999202,1.0,True,1.0,1.0,1.0,19.0,19.0,19.0,False,False,False,False
4906,83.92,True,0.000667001586407423,0.005957997927907854,0.0004160028765909374,0.00029200600693002343,0.00045899651013314724,3.722041998116765,3.7304159995983355,False,0.999647536,0.9817379551874301,True,0.9817379551874301,0.9817379551874301,0.9817379551874301,83.92,83.92,83.92,False,False,False,False
4909,34.0,True,0.00029199873097240925,0.00325000291923061,0.00016700505511835217,0.000166997779160738,0.000500003807246685,3.7977920001139864,3.8027499977033585,False,0.9998572,0.9213784320813202,True,0.9213784320813202,0.9213784320813202,0.9213784320813202,34.0,34.0,34.0,False,False,False,False
4921,65.0,True,0.00016600097296759486,0.0023329994291998446,0.00016600097296759486,0.00012500095181167126,0.00033299875212833285,3.8886249967617914,3.8922499952604994,False,0.999727,0.9666496969849802,True,0.9666496969849802,0.9666496969849802,0.9666496969849802,65.0,65.0,65.0,False,False,False,False
4956,540.83,True,0.000333995558321476,0.004791996616404504,0.0004169996827840805,0.00020899460650980473,0.00029199873097240925,7.214958997792564,7.221667001431342,False,0.997728514,0.9929582768355258,True,1.0,1.0,1.0,100.0,100.0,100.0,False,False,False,False
4957,1009.39,True,0.00029199873097240925,0.004875000740867108,0.0002500019036233425,0.00020800507627427578,0.00033299875212833285,7.23070800449932,7.237249999889173,False,0.995760562,0.9258233470992978,True,1.0,1.0,1.0,100.0,100.0,100.0,False,False,False,False
4958,175.81,True,0.0004999965312890708,0.004832996637560427,0.0003749955794773996,0.0002090018824674189,0.00029199873097240925,6.9044170013512485,6.91108400496887,False,0.999261598,1.0,True,1.0,1.0,1.0,100.0,100.0,100.0,False,False,False,False
4962,23.6,True,0.0004999965312890708,0.0054159972933121026,0.0004169996827840805,0.00020899460650980473,0.00033299875212833285,3.629040998930577,3.636541005107574,False,0.99990088,1.0,True,1.0,1.0,1.0,23.6,23.6,23.6,False,False,False,False
4963,260.0,True,0.0004579997039400041,0.004583998816087842,0.00029200600693002343,0.00020899460650980473,0.00033400283427909017,7.0647920001647435,7.071207997796591,False,0.998908,1.0,True,1.0,1.0,1.0,100.0,100.0,100.0,False,False,False,False
4971,230.0,True,0.0002090018824674189,0.0029170041671022773,0.00020899460650980473,0.00016700505511835217,0.0004579997039400041,7.201375003205612,7.205624999187421,False,0.999034,1.0,True,1.0,1.0,1.0,100.0,100.0,100.0,False,False,False,False
4980,154.69,True,0.0007499984349124134,0.005957997927907854,0.0003749955794773996,0.00024999462766572833,0.0004590037860907614,7.054333000269253,7.062667005811818,False,0.999350302,0.8997988449860035,True,0.9146170005538099,0.9146170005538099,0.9146170005538099,100.0,100.0,100.0,True,False,False,False
4989,27.97,True,0.0005840047379024327,0.005125002644490451,0.00033299875212833285,0.00029199873097240925,0.00033400283427909017,3.4658750009839423,3.4732079948298633,False,0.999882526,1.0,True,1.0,1.0,1.0,27.97,27.97,27.97,False,False,False,False
4998,303.36,True,0.000166997779160738,0.002292006684001535,8.299684850499034e-05,0.00012500095181167126,0.0004169996827840805,6.962708997889422,6.966208995436318,False,0.998725888,1.0,True,1.0,1.0,1.0,100.0,100.0,100.0,False,False,False,False
4999,84.42,True,0.00037500285543501377,0.0036659985198639333,0.0002079978003166616,0.0002079978003166616,0.00033300602808594704,3.6118749994784594,3.61716599581996,False,0.999645436,0.8738066556934795,True,0.8738066556934795,0.8738066556934795,0.8738066556934795,84.42,84.42,84.42,True,True,True,True
5034,767.31,True,0.00012500095181167126,0.002124994352925569,0.00012500095181167126,0.00012500095181167126,0.00033299875212833285,7.184124995546881,7.187250004790258,False,0.996777298,0.8641431227577927,True,0.9999196673918644,0.9999196673918644,0.9999196673918644,100.0,100.0,100.0,True,False,False,False
5035,394.45,True,0.0002500019036233425,0.0038750004023313522,0.00029199873097240925,0.0002090018824674189,0.0003749955794773996,6.957792000321206,6.9633749953936785,False,0.99834331,1.0,True,1.0,1.0,1.0,100.0,100.0,100.0,False,False,False,False
5041,263.0,True,0.00016600097296759486,0.0023329994291998446,0.00012499367585405707,0.00012500095181167126,0.000333995558321476,6.876915998873301,6.880458000523504,False,0.9988954,0.9973640559496699,True,1.0,1.0,1.0,100.0,100.0,100.0,False,False,False,False
5048,317.0,True,0.00016700505511835217,0.0022089952835813165,0.00012500095181167126,0.00012500095181167126,0.0003749955794773996,6.992958995397203,6.996292002440896,False,0.9986686,0.9418048905649171,True,0.9797611294690362,0.9797611294690362,0.9797611294690362,100.0,100.0,100.0,False,False,False,False
5049,40.0,True,0.0004579997039400041,0.0049159934860654175,0.00029199873097240925,0.0002090018824674189,0.000333995558321476,3.7237500000628643,3.7305000005289912,False,0.999832,0.799121529512174,True,0.799121529512174,0.799121529512174,0.799121529512174,40.0,40.0,40.0,True,True,True,True
5055,83.46,True,0.0004579997039400041,0.004415996954776347,0.00029199873097240925,0.000166997779160738,0.0004159956006333232,3.8665419997414574,3.8727919964003377,False,0.999649468,0.8232414698610689,True,0.8232414698610689,0.8232414698610689,0.8232414698610689,83.46,83.46,83.46,True,True,True,True
5064,394.0,True,0.00012499367585405707,0.0022500025806948543,8.399365469813347e-05,0.00012500095181167126,0.00033299875212833285,7.659957998839673,7.663207994482946,False,0.9983452,0.8504309850293092,True,0.9401831759410586,0.9401831759410586,0.9401831759410586,100.0,100.0,100.0,True,False,False,False
5065,56.0,True,0.00033299875212833285,0.0038750004023313522,0.0002500019036233425,0.000166997779160738,0.00029099464882165194,3.556874995410908,3.5622909999801777,False,0.9997648,0.9161749171213427,True,0.9161749171213427,0.9161749171213427,0.9161749171213427,56.0,56.0,56.0,False,False,False,False
5067,360.53,True,0.0002090018824674189,0.002791995939332992,0.00016700505511835217,0.00012499367585405707,0.00029199873097240925,6.954083997698035,6.958207995921839,False,0.998485774,1.0,True,1.0,1.0,1.0,100.0,100.0,100.0,False,False,False,False
5074,396.69,True,0.000166997779160738,0.0025000044843181968,8.299684850499034e-05,0.000166997779160738,0.0004169996827840805,7.229124996229075,7.232916002976708,False,0.998333902,1.0,True,1.0,1.0,1.0,100.0,100.0,100.0,False,False,False,False
5075,102.0,True,0.0004579997039400041,0.0047909998102113605,0.00029199873097240925,0.0002090018824674189,0.000333995558321476,7.914041998446919,7.920750002085697,False,0.9995716,0.7380452653575926,True,0.7415397500008176,0.7415397500008176,0.7415397500008176,100.0,100.0,100.0,True,True,True,True
5085,356.0,True,0.000166997779160738,0.0022500025806948543,0.00016600097296759486,8.300412446260452e-05,0.000333995558321476,7.36391700047534,7.3671659993124194,False,0.9985048,1.0,True,1.0,1.0,1.0,100.0,100.0,100.0,False,False,False,False
5086,143.0,True,0.00037500285543501377,0.0037919962778687477,0.0002090018824674189,0.00012500095181167126,0.00033299875212833285,7.087874997523613,7.093291998899076,False,0.9993994,1.0,True,1.0,1.0,1.0,100.0,100.0,100.0,False,False,False,False
5109,260.0,True,8.300412446260452e-05,0.0020000006770715117,8.300412446260452e-05,0.00012500095181167126,0.00029199873097240925,7.070792002195958,7.073834000038914,False,0.998908,1.0,True,1.0,1.0,1.0,100.0,100.0,100.0,False,False,False,False
5113,35.0,True,0.0002079978003166616,0.0023750035325065255,0.00012500095181167126,0.00012500095181167126,0.00037500285543501377,3.6476250024861656,3.6512080041575246,False,0.999853,0.8149790180086195,True,0.8149790180086195,0.8149790180086195,0.8149790180086195,35.0,35.0,35.0,True,True,True,True
5115,367.5,True,0.00020800507627427578,0.0028750000637955964,0.00012500095181167126,0.00016700505511835217,0.00024999462766572833,7.1664579954813235,7.170582997787278,False,0.9984565,0.862162507406445,True,0.9401831759410586,0.9401831759410586,0.9401831759410586,100.0,100.0,100.0,True,False,False,False
5116,60.92,True,0.00037500285543501377,0.0037080026231706142,0.00020800507627427578,0.0002079978003166616,0.00033400283427909017,3.3711249998304993,3.3763750034268014,False,0.999744136,1.0,True,1.0,1.0,1.0,60.92,60.92,60.92,False,False,False,False
5122,75.0,True,0.00016700505511835217,0.0023749962565489113,0.00012500095181167126,0.00012500095181167126,0.00029199873097240925,3.4594170065247454,3.462874999968335,False,0.999685,0.9828112769780138,True,0.9828112769780138,0.9828112769780138,0.9828112769780138,75.0,75.0,75.0,False,False,False,False
5130,558.5,True,0.00037500285543501377,0.005707996024284512,0.0004159956006333232,0.00024999462766572833,0.00037500285543501377,7.370541999989655,7.3782500039669685,False,0.9976543,1.0,True,1.0,1.0,1.0,100.0,100.0,100.0,False,False,False,False
5141,653.71,True,0.00012500095181167126,0.002082997525576502,8.299684850499034e-05,0.00012500095181167126,0.000333995558321476,7.142624999687541,7.14575000165496,False,0.997254418,0.9939988965355258,True,1.0,1.0,1.0,100.0,100.0,100.0,False,False,False,False
5144,699.08,True,0.0004170069587416947,0.005333000444807112,0.00033300602808594704,0.0002079978003166616,0.00033299875212833285,7.270250003784895,7.277459000761155,False,0.997063864,0.9975338281637075,True,1.0,1.0,1.0,100.0,100.0,100.0,False,False,False,False
5145,42.0,True,0.0004579997039400041,0.005166002665646374,0.00033299875212833285,0.0002500019036233425,0.00037500285543501377,3.4707919985521585,3.4779580018948764,False,0.9998236,1.0,True,1.0,1.0,1.0,42.0,42.0,42.0,False,False,False,False
5151,25.0,True,0.000166997779160738,0.0022500025806948543,0.0002090018824674189,8.399365469813347e-05,0.00029200600693002343,3.435541999351699,3.438958003243897,False,0.999895,1.0,True,1.0,1.0,1.0,25.0,25.0,25.0,False,False,False,False
5163,300.0,True,0.00016600097296759486,0.0020420047803781927,8.399365469813347e-05,0.00012500095181167126,0.00029199873097240925,7.331417000386864,7.334541995078325,False,0.99874,0.9859722444075704,True,1.0,1.0,1.0,100.0,100.0,100.0,False,False,False,False
5164,22.0,True,0.0005830006557516754,0.0054159972933121026,0.0003749955794773996,0.0003749955794773996,0.0004169996827840805,3.599540999857709,3.6072910006623715,False,0.9999076,1.0,True,1.0,1.0,1.0,22.0,22.0,22.0,False,False,False,False
5165,498.81,True,0.00033299875212833285,0.0047909998102113605,0.0002500019036233425,0.00020800507627427578,0.00033299875212833285,6.833790997916367,6.840124995505903,False,0.997904998,1.0,True,1.0,1.0,1.0,100.0,100.0,100.0,False,False,False,False
5166,279.43,True,0.0004169996827840805,0.004333000106271356,0.0002910019247792661,0.0002079978003166616,0.00037500285543501377,7.529124995926395,7.535125005233567,False,0.998826394,0.9865549269437244,True,0.9999196673918644,0.9999196673918644,0.9999196673918644,100.0,100.0,100.0,False,False,False,False
5167,45.0,True,0.0007499984349124134,0.003707995347213,0.00024999462766572833,0.00016700505511835217,0.0003749955794773996,3.667916993435938,3.673582999908831,False,0.999811,0.9036186027004626,True,0.9036186027004626,0.9036186027004626,0.9036186027004626,45.0,45.0,45.0,False,False,False,False
5178,22.2,True,0.00024999462766572833,0.0028329959604889154,0.0002090018824674189,0.000166997779160738,0.00037500285543501377,3.6525410032481886,3.6567499992088415,False,0.99990676,1.0,True,1.0,1.0,1.0,22.2,22.2,22.2,False,False,False,False
5179,250.0,True,0.0004159956006333232,0.004207999154459685,0.0002500019036233425,0.00020800507627427578,0.00037500285543501377,7.511000003432855,7.516999998188112,False,0.99895,1.0,True,1.0,1.0,1.0,100.0,100.0,100.0,False,False,False,False
5180,13.0,True,0.0004999965312890708,0.005041998520027846,0.00037500285543501377,0.00020800507627427578,0.00037500285543501377,3.7107089956407435,3.7177500053076074,False,0.9999454,1.0,True,1.0,1.0,1.0,13.0,13.0,13.0,False,False,False,False
5194,39.0,True,0.00024999462766572833,0.0031249946914613247,0.00016700505511835217,0.00016600097296759486,0.00029200600693002343,3.547833999618888,3.55233399750432,False,0.9998362,1.0,True,1.0,1.0,1.0,39.0,39.0,39.0,False,False,False,False
5197,350.0,True,0.000166997779160738,0.002624998160172254,0.000166997779160738,0.00012499367585405707,0.00029200600693002343,7.550125003035646,7.55399999616202,False,0.99853,0.7638412182313556,True,0.8940181450675031,0.8940181450675031,0.8940181450675031,100.0,100.0,100.0,True,True,True,True
5198,33.27,True,0.0004579997039400041,0.004042005457449704,0.000166997779160738,0.00020800507627427578,0.0002910019247792661,3.5813750000670552,3.587041996070184,False,0.999860266,0.9066518073601426,True,0.9066518073601426,0.9066518073601426,0.9066518073601426,33.27,33.27,33.27,False,False,False,False
5209,454.16,True,0.000166997779160738,0.0021660016500391066,8.299684850499034e-05,0.00012500095181167126,0.00037500285543501377,6.9753330026287585,6.9785829982720315,False,0.998092528,1.0,True,1.0,1.0,1.0,100.0,100.0,100.0,False,False,False,False
5210,32.78,True,0.0004999965312890708,0.004959001671522856,0.00033299875212833285,0.0002079978003166616,0.00037500285543501377,3.6005830042995512,3.6075409952900372,False,0.999862324,1.0,True,1.0,1.0,1.0,32.78,32.78,32.78,False,False,False,False
5213,23.24,True,0.000667001586407423,0.00516599538968876,0.00033299875212833285,0.00020800507627427578,0.0003749955794773996,3.7005830017733388,3.707832998770755,False,0.999902392,1.0,True,1.0,1.0,1.0,23.24,23.24,23.24,False,False,False,False
5218,34.0,True,0.000166997779160738,0.0023329994291998446,0.00016600097296759486,0.00012500095181167126,0.00033300602808594704,3.6575420017470606,3.661082999315113,False,0.9998572,0.8459321906768432,True,0.8459321906768432,0.8459321906768432,0.8459321906768432,34.0,34.0,34.0,True,True,True,True
5219,280.88,True,0.00033400283427909017,0.003582994395401329,0.0002079978003166616,0.000166997779160738,0.00037500285543501377,7.582291997096036,7.587416002934333,False,0.998820304,0.8090463856578605,True,0.8880973597911049,0.8880973597911049,0.8880973597911049,100.0,100.0,100.0,True,True,True,True
5220,38.43,True,0.00045899651013314724,0.00508299854118377,0.0003749955794773996,0.0002090018824674189,0.00037500285543501377,3.5460830040392466,3.553167000063695,False,0.999838594,0.8752925653580124,True,0.8752925653580124,0.8752925653580124,0.8752925653580124,38.43,38.43,38.43,True,True,True,True
5226,240.0,True,0.00016600097296759486,0.002125001628883183,0.00012500095181167126,0.00012500095181167126,0.00029199873097240925,7.516541998484172,7.519666003645398,False,0.998992,0.7847381965970968,True,0.8610658335900354,0.8610658335900354,0.8610658335900354,100.0,100.0,100.0,True,True,True,True
5234,104.0,True,0.0005420006345957518,0.005209003575146198,0.000333995558321476,0.000166997779160738,0.0003749955794773996,7.0710840009269305,7.078333001118153,False,0.9995632,1.0,True,1.0,1.0,1.0,100.0,100.0,100.0,False,False,False,False
5236,62.22,True,0.0004579997039400041,0.0046670029405504465,0.00037500285543501377,0.0002090018824674189,0.000333995558321476,3.4636249984032474,3.4702909979387186,False,0.999738676,1.0,True,1.0,1.0,1.0,62.22,62.22,62.22,False,False,False,False
5237,291.0,True,0.00045899651013314724,0.004458001058083028,0.0002500019036233425,0.00020800507627427578,0.00033299875212833285,7.381457995506935,7.387707999441773,False,0.9987778,1.0,True,1.0,1.0,1.0,100.0,100.0,100.0,False,False,False,False
5249,10.0,True,0.000166997779160738,0.0022500025806948543,0.00012499367585405707,0.00012500095181167126,0.00029199873097240925,3.7447909999173135,3.748041999642737,False,0.999958,0.9350132000825561,True,0.9350132000825561,0.9350132000825561,0.9350132000825561,10.0,10.0,10.0,False,False,False,False
5250,300.89,True,0.00033400283427909017,0.003583001671358943,0.0002079978003166616,0.00020800507627427578,0.000333995558321476,7.070584004395641,7.075708002957981,False,0.998736262,1.0,True,1.0,1.0,1.0,100.0,100.0,100.0,False,False,False,False
5251,576.0,True,0.00029200600693002343,0.005875001079402864,0.00033299875212833285,0.0002079978003166616,0.0004159956006333232,7.239416998345405,7.247041998198256,False,0.9975808,0.9342968968679073,True,1.0,1.0,1.0,100.0,100.0,100.0,False,False,False,False
5256,84.83,True,0.0005410038284026086,0.0056249991757795215,0.0003749955794773996,0.00024999462766572833,0.0004579997039400041,3.6323340027593076,3.640209004515782,False,0.999643714,1.0,True,1.0,1.0,1.0,84.83,84.83,84.83,False,False,False,False
5257,987.29,True,0.0002910019247792661,0.004458001058083028,0.0002500019036233425,0.00016700505511835217,0.000333995558321476,7.160875000408851,7.167000003391877,False,0.995853382,0.9386965458341194,True,1.0,1.0,1.0,100.0,100.0,100.0,False,False,False,False
5258,38.0,True,0.0004579997039400041,0.004833003913518041,0.00033299875212833285,0.0002079978003166616,0.00033300602808594704,3.577458002837375,3.584165999200195,False,0.9998404,0.9106443241464552,True,0.9106443241464552,0.9106443241464552,0.9106443241464552,38.0,38.0,38.0,False,False,False,False
5268,279.48,True,0.00012500095181167126,0.0022079984773881733,0.00012500095181167126,0.00012500095181167126,0.00029199873097240925,7.140249996155035,7.143499999074265,False,0.998826184,1.0,True,1.0,1.0,1.0,100.0,100.0,100.0,False,False,False,False
5270,85.85,True,0.00029200600693002343,0.003458997525740415,0.00016700505511835217,0.000166997779160738,0.00033400283427909017,3.599916999519337,3.604958998039365,False,0.99963943,0.9815035572058025,True,0.9815035572058025,0.9815035572058025,0.9815035572058025,85.85,85.85,85.85,False,False,False,False
5274,300.0,True,0.0002079978003166616,0.0023329994291998446,0.00012500095181167126,0.00012500095181167126,0.0003749955794773996,7.56004099821439,7.5635409957612865,False,0.99874,0.7952043074643758,True,0.8880973597911049,0.8880973597911049,0.8880973597911049,100.0,100.0,100.0,True,True,True,True
5275,26.0,True,0.00029199873097240925,0.0038750004023313522,0.00029200600693002343,0.000166997779160738,0.00033299875212833285,3.407208998396527,3.4124579979106784,False,0.9998908,1.0,True,1.0,1.0,1.0,26.0,26.0,26.0,False,False,False,False
5308,30.0,True,0.00012500095181167126,0.0021659943740814924,0.00012500095181167126,8.299684850499034e-05,0.00033299875212833285,3.6515409956336953,3.65474999853177,False,0.999874,0.8845008679016737,True,0.8845008679016737,0.8845008679016737,0.8845008679016737,30.0,30.0,30.0,True,True,True,True
5313,40.0,True,0.000166997779160738,0.002707995008677244,0.00016600097296759486,0.00012500095181167126,0.00029199873097240925,3.6042909996467642,3.6081660000490956,False,0.999832,1.0,True,1.0,1.0,1.0,40.0,40.0,40.0,False,False,False,False
5329,450.0,True,0.00016600097296759486,0.0022080057533457875,8.300412446260452e-05,0.00012500095181167126,0.00033299875212833285,7.12612499773968,7.129375000658911,False,0.99811,1.0,True,1.0,1.0,1.0,100.0,100.0,100.0,False,False,False,False
5330,185.0,True,0.00029199873097240925,0.003583998477552086,0.0002090018824674189,0.000166997779160738,0.00029099464882165194,7.01462500001071,7.019666001724545,False,0.999223,0.9970799858282513,True,1.0,1.0,1.0,100.0,100.0,100.0,False,False,False,False
5332,426.78,True,0.00020899460650980473,0.0028750000637955964,0.00012500095181167126,0.00012500095181167126,0.0002500019036233425,7.194917001470458,7.198999999673106,False,0.998207524,0.8775360209281138,True,0.9609244451109185,0.9609244451109185,0.9609244451109185,100.0,100.0,100.0,True,False,False,False
5333,439.91,True,0.00029199873097240925,0.004917004844173789,0.0002910019247792661,0.00020800507627427578,0.00037500285543501377,7.00620799761964,7.012791000306606,False,0.998152378,1.0,True,1.0,1.0,1.0,100.0,100.0,100.0,False,False,False,False
5335,18.0,True,0.0006249974831007421,0.005292000423651189,0.0004159956006333232,0.00024999462766572833,0.0004159956006333232,3.708083000674378,3.715625003678724,False,0.9999244,1.0,True,1.0,1.0,1.0,18.0,18.0,18.0,False,False,False,False
5339,233.0,True,0.000500003807246685,0.004791996616404504,0.00033299875212833285,0.00020800507627427578,0.00037500285543501377,7.524792003096081,7.531625000410713,False,0.9990214,0.7906251641631346,True,0.8610658335900354,0.8610658335900354,0.8610658335900354,100.0,100.0,100.0,True,True,True,True
5344,149.0,True,0.0007080016075633466,0.005750000127591193,0.00033299875212833285,0.0002079978003166616,0.00037500285543501377,6.976874996325932,6.984833999013063,False,0.9993742,1.0,True,1.0,1.0,1.0,100.0,100.0,100.0,False,False,False,False
5358,530.0,True,0.00012500095181167126,0.002125001628883183,8.299684850499034e-05,8.299684850499034e-05,0.00037500285543501377,6.936250007129274,6.93949999549659,False,0.997774,1.0,True,1.0,1.0,1.0,100.0,100.0,100.0,False,False,False,False
5359,166.67,True,0.0004579997039400041,0.004292000085115433,0.0002910019247792661,0.000166997779160738,0.00029199873097240925,7.99708300473867,8.003084003576078,False,0.999299986,0.8104068915496394,True,0.8447972696279995,0.8447972696279995,0.8447972696279995,100.0,100.0,100.0,True,True,True,True
5363,77.0,True,0.0007080016075633466,0.005250003596302122,0.0004160028765909374,0.00037500285543501377,0.0004160028765909374,3.748499999346677,3.75625000015134,False,0.9996766,1.0,True,1.0,1.0,1.0,77.0,77.0,77.0,False,False,False,False
5377,120.0,True,0.0004999965312890708,0.0049579975893720984,0.00037500285543501377,0.0002500019036233425,0.0004169996827840805,6.9560000047204085,6.963166000787169,False,0.999496,1.0,True,1.0,1.0,1.0,100.0,100.0,100.0,False,False,False,False
5384,41.0,True,0.0002079978003166616,0.002125001628883183,8.400093065574765e-05,0.00012500095181167126,0.00029200600693002343,3.3852920023491606,3.388499993889127,False,0.9998278,1.0,True,1.0,1.0,1.0,41.0,41.0,41.0,False,False,False,False
5400,30.0,True,0.000500003807246685,0.005125002644490451,0.00037500285543501377,0.00020800507627427578,0.0004160028765909374,3.44595799833769,3.453083998465445,False,0.999874,1.0,True,1.0,1.0,1.0,30.0,30.0,30.0,False,False,False,False
5406,178.0,True,0.0004999965312890708,0.00508299854118377,0.0003749955794773996,0.00024999462766572833,0.00033300602808594704,7.051583001157269,7.058625000354368,False,0.9992524,1.0,True,1.0,1.0,1.0,100.0,100.0,100.0,False,False,False,False
5424,33.23,True,0.0004579997039400041,0.004875000740867108,0.00033300602808594704,0.0002079978003166616,0.00033299875212833285,3.394500003196299,3.401292000489775,False,0.999860434,0.9118203540928688,True,0.9118203540928688,0.9118203540928688,0.9118203540928688,33.23,33.23,33.23,False,False,False,False
5430,307.38,True,0.00016700505511835217,0.002083994331769645,8.400093065574765e-05,0.00012500095181167126,0.0003749955794773996,7.518040998547804,7.521250001445878,False,0.998709004,0.7891761330730904,True,0.8880973597911049,0.8880973597911049,0.8880973597911049,100.0,100.0,100.0,True,True,True,True
5431,61.54,True,0.000500003807246685,0.005290996341500431,0.00029200600693002343,0.00020899460650980473,0.0004590037860907614,3.7035419954918325,3.7108750038896687,False,0.999741532,1.0,True,1.0,1.0,1.0,61.54,61.54,61.54,False,False,False,False
5433,52.12,True,0.0004999965312890708,0.004875000740867108,0.00037500285543501377,0.00020800507627427578,0.0003749955794773996,3.534750001563225,3.541582998877857,False,0.999781096,1.0,True,1.0,1.0,1.0,52.12,52.12,52.12,False,False,False,False
5457,490.0,True,0.00012500095181167126,0.002124994352925569,8.299684850499034e-05,8.299684850499034e-05,0.00029199873097240925,7.210499999928288,7.213541000965051,False,0.997942,1.0,True,1.0,1.0,1.0,100.0,100.0,100.0,False,False,False,False
5458,13.0,True,0.0004590037860907614,0.004833003913518041,0.0002500019036233425,0.00024999462766572833,0.0004159956006333232,3.4793329978128895,3.4861249951063655,False,0.9999454,0.9890647491147454,True,0.9890647491147454,0.9890647491147454,0.9890647491147454,13.0,13.0,13.0,False,False,False,False
5469,698.83,True,0.0002910019247792661,0.005708003300242126,0.00029199873097240925,0.00024999462766572833,0.0003749955794773996,6.870749995869119,6.878208994749002,False,0.997064914,0.9975563867019884,True,1.0,1.0,1.0,100.0,100.0,100.0,False,False,False,False
5470,88.0,True,0.0005420006345957518,0.004624998837243766,0.0003749955794773996,0.0002079978003166616,0.00037500285543501377,3.5002080039703287,3.5068329962086864,False,0.9996304,0.8654980043100514,True,0.8654980043100514,0.8654980043100514,0.8654980043100514,88.0,88.0,88.0,True,True,True,True
5476,444.0,True,0.000166997779160738,0.0023749962565489113,0.00012500095181167126,0.00016600097296759486,0.00024999462766572833,7.104374999471474,7.1079170011216775,False,0.9981352,0.9978345210996429,True,1.0,1.0,1.0,100.0,100.0,100.0,False,False,False,False
5477,405.0,True,0.00029199873097240925,0.004959001671522856,0.00033400283427909017,0.00024999462766572833,0.00033400283427909017,6.95754200569354,6.964291998883709,False,0.998299,1.0,True,1.0,1.0,1.0,100.0,100.0,100.0,False,False,False,False
5478,9.0,True,0.0004169996827840805,0.004458997864276171,0.0002500019036233425,0.000166997779160738,0.00029199873097240925,3.447541006607935,3.45362499501789,False,0.9999622,1.0,True,1.0,1.0,1.0,9.0,9.0,9.0,False,False,False,False
5480,343.0,True,0.0002500019036233425,0.0030840019462630153,0.0002079978003166616,0.00016600097296759486,0.00029199873097240925,7.074666995322332,7.0791670004837215,False,0.9985594,1.0,True,1.0,1.0,1.0,100.0,100.0,100.0,False,False,False,False
5481,7.0,True,0.0004579997039400041,0.0047909998102113605,0.00033299875212833285,0.0002079978003166616,0.00037500285543501377,3.5443330052657984,3.5511659953044727,False,0.9999706,1.0,True,1.0,1.0,1.0,7.0,7.0,7.0,False,False,False,False
5484,420.51,True,0.0002079978003166616,0.0028750000637955964,0.00012499367585405707,0.00012500095181167126,0.0003749955794773996,7.258083001943305,7.262125000124797,False,0.998233858,0.7607859128480982,True,0.9146170005538099,0.9146170005538099,0.9146170005538099,100.0,100.0,100.0,True,False,False,False
5485,35.0,True,0.0004579997039400041,0.0038750004023313522,0.0002500019036233425,0.0002090018824674189,0.00029199873097240925,3.63566600572085,3.64120899757836,False,0.999853,1.0,True,1.0,1.0,1.0,35.0,35.0,35.0,False,False,False,False
5487,70.0,True,0.0005420006345957518,0.004707995685748756,0.00033299875212833285,0.00016700505511835217,0.00045899651013314724,3.4419580042595044,3.4487500015529804,False,0.999706,1.0,True,1.0,1.0,1.0,70.0,70.0,70.0,False,False,False,False
5492,208.0,True,0.0005409965524449944,0.005583002348430455,0.00037500285543501377,0.0002079978003166616,0.00033299875212833285,7.086000005074311,7.093667001754511,False,0.9991264,1.0,True,1.0,1.0,1.0,100.0,100.0,100.0,False,False,False,False
5512,179.6,True,0.0007920025382190943,0.005291993147693574,0.00033400283427909017,0.0002090018824674189,0.000500003807246685,7.347708000452258,7.355416004429571,False,0.99924568,0.8675396430017012,True,0.8940181450675031,0.8940181450675031,0.8940181450675031,100.0,100.0,100.0,True,True,True,True
5519,10.0,True,0.000166997779160738,0.0023329994291998446,0.00012500095181167126,0.00012500095181167126,0.00033299875212833285,3.708875003212597,3.712332996656187,False,0.999958,0.9173627307113535,True,0.9173627307113535,0.9173627307113535,0.9173627307113535,10.0,10.0,10.0,False,False,False,False
5522,349.2,True,0.0002079978003166616,0.0027080022846348584,0.00012499367585405707,0.00012500095181167126,0.00029199873097240925,7.35204200464068,7.3558750009397045,False,0.99853336,1.0,True,1.0,1.0,1.0,100.0,100.0,100.0,False,False,False,False
5525,63.0,True,0.00033299875212833285,0.003207998815923929,0.00016700505511835217,0.00016600097296759486,0.0004579997039400041,3.621207994001452,3.625999997893814,False,0.9997354,1.0,True,1.0,1.0,1.0,63.0,63.0,63.0,False,False,False,False
5528,232.0,True,0.00020800507627427578,0.0028750000637955964,0.00012500095181167126,0.00012500095181167126,0.00029199873097240925,6.9133330034674145,6.917375001648907,False,0.9990256,1.0,True,1.0,1.0,1.0,100.0,100.0,100.0,False,False,False,False
5539,351.38,True,0.00012499367585405707,0.002125001628883183,0.00012500095181167126,0.00012499367585405707,0.00033299875212833285,7.0323750042007305,7.0356249998440035,False,0.998524204,1.0,True,1.0,1.0,1.0,100.0,100.0,100.0,False,False,False,False
5541,145.91,True,0.0005410038284026086,0.00516599538968876,0.00033299875212833285,0.0002500019036233425,0.0004160028765909374,7.528916998126078,7.536125005572103,False,0.999387178,0.8731149847448267,True,0.8880973597911049,0.8880973597911049,0.8880973597911049,100.0,100.0,100.0,True,True,True,True
5559,959.78,True,0.00033400283427909017,0.006000002031214535,0.0004579997039400041,0.00024999462766572833,0.0004169996827840805,7.545333995949477,7.553374998678919,False,0.995968924,0.9516724526254625,True,1.0,1.0,1.0,100.0,100.0,100.0,False,False,False,False
5560,212.0,True,0.0005410038284026086,0.005125002644490451,0.0002910019247792661,0.0002500019036233425,0.00037500285543501377,7.3712079974939115,7.378209003945813,False,0.9991096,0.8545927042824827,True,0.8940181450675031,0.8940181450675031,0.8940181450675031,100.0,100.0,100.0,True,True,True,True
5563,27.78,True,0.0005830006557516754,0.005375004548113793,0.00037500285543501377,0.0002079978003166616,0.0004579997039400041,3.6772910025320016,3.6849160023848526,False,0.999883324,1.0,True,1.0,1.0,1.0,27.78,27.78,27.78,False,False,False,False
5569,17.25,True,0.0002090018824674189,0.0021669984562322497,0.00012500095181167126,0.00016599369700998068,0.00037500285543501377,3.524499996274244,3.5278340001241304,False,0.99992755,1.0,True,1.0,1.0,1.0,17.25,17.25,17.25,False,False,False,False
5573,358.0,True,0.00016700505511835217,0.0026669949875213206,0.00016600097296759486,0.00012500095181167126,0.0002910019247792661,7.060000003548339,7.063832999847364,False,0.9984964,1.0,True,1.0,1.0,1.0,100.0,100.0,100.0,False,False,False,False
5577,21.7,True,0.000166997779160738,0.002458000381011516,8.300412446260452e-05,8.400093065574765e-05,0.00029200600693002343,3.768708003917709,3.7722089982707985,False,0.99990886,0.8219070697150621,True,0.8219070697150621,0.8219070697150621,0.8219070697150621,21.7,21.7,21.7,True,True,True,True
5579,10.5,True,0.0004999965312890708,0.004709007043857127,0.0003749955794773996,0.0005419933586381376,0.00033400283427909017,3.5117919978802092,3.518707999319304,False,0.9999559,1.0,True,1.0,1.0,1.0,10.5,10.5,10.5,False,False,False,False
5581,71.0,True,0.0004579997039400041,0.00516599538968876,0.00029199873097240925,0.0002500019036233425,0.00037500285543501377,3.5637919936561957,3.570790999219753,False,0.9997018,1.0,True,1.0,1.0,1.0,71.0,71.0,71.0,False,False,False,False
5591,28.0,True,0.000667001586407423,0.005375004548113793,0.00033300602808594704,0.00037500285543501377,0.000333995558321476,3.9918340044096112,3.9994580001803115,False,0.9998824,0.8850912556351934,True,0.8850912556351934,0.8850912556351934,0.8850912556351934,28.0,28.0,28.0,True,True,True,True
5594,792.44,True,0.000166997779160738,0.002792003215290606,0.0002079978003166616,0.00016599369700998068,0.00033299875212833285,7.15741600288311,7.161542001995258,False,0.996671752,0.9845141806987782,True,1.0,1.0,1.0,100.0,100.0,100.0,False,False,False,False
5595,35.0,True,0.0004169996827840805,0.004292000085115433,0.0002090018824674189,0.0002090018824674189,0.00029199873097240925,3.700958004628774,3.706874995259568,False,0.999853,0.9529780270016879,True,0.9529780270016879,0.9529780270016879,0.9529780270016879,35.0,35.0,35.0,False,False,False,False
5598,318.0,True,0.00020800507627427578,0.0027080022846348584,0.00016700505511835217,0.00012499367585405707,0.00029199873097240925,7.519250000768807,7.523166997998487,False,0.9986644,0.8812300559868321,True,0.9401831759410586,0.9401831759410586,0.9401831759410586,100.0,100.0,100.0,True,False,False,False
5599,42.5,True,0.00045899651013314724,0.004833003913518041,0.00029199873097240925,0.0002079978003166616,0.0004159956006333232,3.5716250058612786,3.5784580031759106,False,0.9998215,1.0,True,1.0,1.0,1.0,42.5,42.5,42.5,False,False,False,False
5623,181.0,True,0.0005420006345957518,0.005084002623334527,0.00033299875212833285,0.0002079978003166616,0.00033299875212833285,6.835082996985875,6.842208000307437,False,0.9992398,1.0,True,1.0,1.0,1.0,100.0,100.0,100.0,False,False,False,False
5637,108.0,True,0.0006249974831007421,0.00549999822396785,0.00033300602808594704,0.0002500019036233425,0.00033299875212833285,7.758457999443635,7.765999995172024,False,0.9995464,0.7250146633504003,True,0.7415397500008176,0.7415397500008176,0.7415397500008176,100.0,100.0,100.0,True,True,True,True
5640,156.0,True,0.0006249974831007421,0.005166999471839517,0.00037500285543501377,0.00024999462766572833,0.0003749955794773996,7.467790994269308,7.475165999494493,False,0.9993448,0.8760891423803938,True,0.8940181450675031,0.8940181450675031,0.8940181450675031,100.0,100.0,100.0,True,True,True,True
5645,31.97,True,0.0007089984137564898,0.005999994755256921,0.0004159956006333232,0.00037500285543501377,0.0004160028765909374,3.531707996444311,3.54016699566273,False,0.999865726,1.0,True,1.0,1.0,1.0,31.97,31.97,31.97,False,False,False,False
5652,22.0,True,0.0006249974831007421,0.0051249953685328364,0.0003749955794773996,0.0002500019036233425,0.0003749955794773996,3.621165997174103,3.6284579982748255,False,0.9999076,0.9885601205000413,True,0.9885601205000413,0.9885601205000413,0.9885601205000413,22.0,22.0,22.0,False,False,False,False
5655,568.92,True,0.000166997779160738,0.0028750000637955964,0.00012500095181167126,0.00012500095181167126,0.00033299875212833285,7.12829200347187,7.132375001674518,False,0.997610536,0.9970272116527936,True,1.0,1.0,1.0,100.0,100.0,100.0,False,False,False,False
5656,1012.06,True,0.00033299875212833285,0.004749999789055437,0.00029199873097240925,0.00020800507627427578,0.00037500285543501377,7.399624999379739,7.406166005239356,False,0.995749348,0.9348342131954405,True,1.0,1.0,1.0,100.0,100.0,100.0,False,False,False,False
5664,432.0,True,0.00012500095181167126,0.0020419975044205785,8.400093065574765e-05,8.400093065574765e-05,0.0004169996827840805,6.903334004164208,6.906499998876825,False,0.9981856,0.9984141507896858,True,1.0,1.0,1.0,100.0,100.0,100.0,False,False,False,False
5665,69.0,True,0.0004579997039400041,0.004624998837243766,0.00029200600693002343,0.00029199873097240925,0.00037500285543501377,3.7548339969362132,3.7614169996231794,False,0.9997102,0.897124248468919,True,0.897124248468919,0.897124248468919,0.897124248468919,69.0,69.0,69.0,True,True,True,True
5667,85.0,True,0.0005839974619448185,0.005041998520027846,0.00033299875212833285,0.0002079978003166616,0.00033299875212833285,3.7134579979465343,3.7206249980954453,False,0.999643,0.8224382597980215,True,0.8224382597980215,0.8224382597980215,0.8224382597980215,85.0,85.0,85.0,True,True,True,True
5675,599.48,True,0.00012500095181167126,0.0021660016500391066,8.300412446260452e-05,0.00016700505511835217,0.00029199873097240925,6.9593329972121865,6.96266600425588,False,0.997482184,1.0,True,1.0,1.0,1.0,100.0,100.0,100.0,False,False,False,False
5676,635.18,True,0.0002910019247792661,0.005249996320344508,0.00029199873097240925,0.0002090018824674189,0.00029199873097240925,7.103666997863911,7.110666003427468,False,0.997332244,0.9895706723304838,True,1.0,1.0,1.0,100.0,100.0,100.0,False,False,False,False
5677,79.9,True,0.0004579997039400041,0.0040000013541430235,0.0002079978003166616,0.000166997779160738,0.00037500285543501377,3.3994999976130202,3.4051660040859133,False,0.99966442,1.0,True,1.0,1.0,1.0,79.9,79.9,79.9,False,False,False,False
5686,300.76,True,0.00012500095181167126,0.0020420047803781927,8.300412446260452e-05,8.299684850499034e-05,0.00029199873097240925,7.074290995660704,7.077540998579934,False,0.998736808,0.8871839157921092,True,0.9401831759410586,0.9401831759410586,0.9401831759410586,100.0,100.0,100.0,True,False,False,False
5687,41.0,True,0.0004580069798976183,0.004541005182545632,0.00029199873097240925,0.0002090018824674189,0.00037500285543501377,3.5230419962317683,3.529541994794272,False,0.9998278,1.0,True,1.0,1.0,1.0,41.0,41.0,41.0,False,False,False,False
5697,345.0,True,0.000166997779160738,0.0022090025595389307,8.299684850499034e-05,8.400093065574765e-05,0.000333995558321476,6.785958001273684,6.789291997847613,False,0.998551,1.0,True,1.0,1.0,1.0,100.0,100.0,100.0,False,False,False,False
5720,811.33,True,0.00016600097296759486,0.002082997525576502,8.299684850499034e-05,8.299684850499034e-05,0.00033300602808594704,7.110915998055134,7.114042004104704,False,0.996592414,0.9812583872325297,True,1.0,1.0,1.0,100.0,100.0,100.0,False,False,False,False
5721,30.0,True,0.0004160028765909374,0.0040000013541430235,0.0002910019247792661,0.00020800507627427578,0.00033299875212833285,3.331332998641301,3.3369999946444295,False,0.999874,1.0,True,1.0,1.0,1.0,30.0,30.0,30.0,False,False,False,False
5734,277.0,True,0.00012500095181167126,0.0018339997041039169,8.400093065574765e-05,8.400093065574765e-05,0.00029199873097240925,7.043500001600478,7.046250000712462,False,0.9988366,1.0,True,1.0,1.0,1.0,100.0,100.0,100.0,False,False,False,False
5743,298.0,True,0.00016600097296759486,0.0020830048015341163,8.300412446260452e-05,8.299684850499034e-05,0.00037500285543501377,7.247542002005503,7.2507500008214265,False,0.9987484,1.0,True,1.0,1.0,1.0,100.0,100.0,100.0,False,False,False,False
5751,85.17,True,0.00016600097296759486,0.003125001967418939,0.00016600097296759486,0.000166997779160738,0.000333995558321476,3.5888330021407455,3.593125002225861,False,0.999642286,1.0,True,1.0,1.0,1.0,85.17,85.17,85.17,False,False,False,False
5768,279.0,True,0.000166997779160738,0.0020000006770715117,8.299684850499034e-05,0.000166997779160738,0.00037500285543501377,7.46912500471808,7.4722499994095415,False,0.9988282,0.8102955812111097,True,0.8880973597911049,0.8880973597911049,0.8880973597911049,100.0,100.0,100.0,True,True,True,True
5776,240.0,True,0.0005830006557516754,0.005000001692678779,0.000333995558321476,0.00024999462766572833,0.00037500285543501377,6.7897910048486665,6.796916000894271,False,0.998992,1.0,True,1.0,1.0,1.0,100.0,100.0,100.0,False,False,False,False
5782,369.65,True,0.00016599369700998068,0.00224999530473724,0.00012500095181167126,8.400093065574765e-05,0.00029199873097240925,7.418583998514805,7.421916998282541,False,0.99844747,0.9712526088989275,True,0.9992122092123257,0.9992122092123257,0.9992122092123257,100.0,100.0,100.0,False,False,False,False
5785,447.0,True,0.0004579997039400041,0.005249996320344508,0.00033299875212833285,0.00024999462766572833,0.0004169996827840805,7.219290993816685,7.226582994917408,False,0.9981226,0.9599806232388058,True,0.9999196673918644,0.9999196673918644,0.9999196673918644,100.0,100.0,100.0,False,False,False,False
5786,64.9,True,0.0004999965312890708,0.0049579975893720984,0.0002910019247792661,0.0002079978003166616,0.00029199873097240925,3.5556250004447065,3.562458005035296,False,0.99972742,1.0,True,1.0,1.0,1.0,64.9,64.9,64.9,False,False,False,False
5789,264.0,True,0.0005830006557516754,0.0051670067477971315,0.00029199873097240925,0.0002090018824674189,0.000333995558321476,7.402374998491723,7.409624995489139,False,0.9988912,0.9529566431432883,True,0.9797611294690362,0.9797611294690362,0.9797611294690362,100.0,100.0,100.0,False,False,False,False
5790,28.0,True,0.000500003807246685,0.005041998520027846,0.00029199873097240925,0.0002500019036233425,0.0004159956006333232,3.548708002199419,3.5557079972932115,False,0.9998824,1.0,True,1.0,1.0,1.0,28.0,28.0,28.0,False,False,False,False
5805,66.33,True,0.000500003807246685,0.004458001058083028,0.00033299875212833285,0.00033299875212833285,0.00033299875212833285,3.4971659988514148,3.5035420005442575,False,0.999721414,1.0,True,1.0,1.0,1.0,66.33,66.33,66.33,False,False,False,False
5809,481.03,True,0.00016600097296759486,0.0023329994291998446,0.00012500095181167126,8.400093065574765e-05,0.00029199873097240925,6.6948340027011,6.6982499993173406,False,0.997979674,1.0,True,1.0,1.0,1.0,100.0,100.0,100.0,False,False,False,False
5810,14.0,True,0.00033299875212833285,0.003583001671358943,0.0002910019247792661,0.00012500095181167126,0.00033300602808594704,3.565667000657413,3.570749999198597,False,0.9999412,0.9164295650058866,True,0.9164295650058866,0.9164295650058866,0.9164295650058866,14.0,14.0,14.0,False,False,False,False
5811,287.0,True,0.00037500285543501377,0.003583001671358943,0.0002090018824674189,0.0002500019036233425,0.00029199873097240925,7.182125002145767,7.187208997493144,False,0.9987946,0.9954531170006498,True,1.0,1.0,1.0,100.0,100.0,100.0,False,False,False,False
5830,191.0,True,0.0005830006557516754,0.0056249991757795215,0.00037500285543501377,0.0002500019036233425,0.0004169996827840805,7.628167004440911,7.635999994818121,False,0.9991978,1.0,True,1.0,1.0,1.0,100.0,100.0,100.0,False,False,False,False
5839,236.0,True,0.0002090018824674189,0.002458997187204659,8.400093065574765e-05,0.00012500095181167126,0.00037500285543501377,7.1999170031631365,7.2035830016830005,False,0.9990088,0.9914673849381817,True,0.9999196673918644,0.9999196673918644,0.9999196673918644,100.0,100.0,100.0,False,False,False,False
5840,1.0,True,0.0004999965312890708,0.004792003892362118,0.00037500285543501377,0.0002500019036233425,0.0004169996827840805,3.618791997723747,3.6255420054658316,False,0.9999958,0.9281624098229877,True,0.9281624098229877,0.9281624098229877,0.9281624098229877,1.0,1.0,1.0,False,False,False,False
5843,313.0,True,0.000166997779160738,0.002458000381011516,0.0002079978003166616,0.00012500095181167126,0.0002910019247792661,7.043874997179955,7.047624996630475,False,0.9986854,1.0,True,1.0,1.0,1.0,100.0,100.0,100.0,False,False,False,False
5844,47.0,True,0.0004160028765909374,0.003958004526793957,0.000166997779160738,0.000166997779160738,0.00029199873097240925,3.420624998398125,3.4261670007253997,False,0.9998026,1.0,True,1.0,1.0,1.0,47.0,47.0,47.0,False,False,False,False
5850,25.0,True,0.0002500019036233425,0.0027089990908280015,0.00012500095181167126,0.00012500095181167126,0.0003749955794773996,3.641542003606446,3.645625001809094,False,0.999895,1.0,True,1.0,1.0,1.0,25.0,25.0,25.0,False,False,False,False
5854,42.5,True,0.0006249974831007421,0.0054159972933121026,0.00033299875212833285,0.00020800507627427578,0.00037500285543501377,3.710416000103578,3.7178749989834614,False,0.9998215,0.866839643473718,True,0.866839643473718,0.866839643473718,0.866839643473718,42.5,42.5,42.5,True,True,True,True
5859,28.0,True,0.00045899651013314724,0.00504200579598546,0.0003749955794773996,0.00024999462766572833,0.0004159956006333232,3.7222920000203885,3.7294170033419505,False,0.9998824,1.0,True,1.0,1.0,1.0,28.0,28.0,28.0,False,False,False,False
5866,359.0,True,0.000333995558321476,0.00549999822396785,0.00037500285543501377,0.0002500019036233425,0.00033299875212833285,6.904458001372404,6.91170799836982,False,0.9984922,1.0,True,1.0,1.0,1.0,100.0,100.0,100.0,False,False,False,False
5869,44.97,True,0.0005409965524449944,0.005250003596302122,0.00045899651013314724,0.00029199873097240925,0.0004159956006333232,3.834916999039706,3.8425410020863637,False,0.999811126,1.0,True,1.0,1.0,1.0,44.97,44.97,44.97,False,False,False,False
5916,386.0,True,0.00012500095181167126,0.0025420013116672635,0.00012500095181167126,0.00012500095181167126,0.0003749955794773996,7.198790997790638,7.202417000371497,False,0.9983788,0.9848886423490166,True,1.0,1.0,1.0,100.0,100.0,100.0,False,False,False,False
5918,98.0,True,0.0005840047379024327,0.005792004230897874,0.0004169996827840805,0.0004579997039400041,0.0005409965524449944,3.541582998877857,3.5499579971656203,False,0.9995884,0.9999986565038725,True,0.9999986565038725,0.9999986565038725,0.9999986565038725,98.0,98.0,98.0,False,False,False,False
5927,426.0,True,0.0004169996827840805,0.00616600300418213,0.0004169996827840805,0.00033400283427909017,0.0004169996827840805,7.754042002488859,7.762332999845967,False,0.9982108,0.7530525609686103,True,0.9146170005538099,0.9146170005538099,0.9146170005538099,100.0,100.0,100.0,True,False,False,False
5938,283.0,True,0.00016700505511835217,0.0023339962353929877,0.00012500095181167126,8.299684850499034e-05,0.00037500285543501377,7.49033300235169,7.493917000829242,False,0.9988114,1.0,True,1.0,1.0,1.0,100.0,100.0,100.0,False,False,False,False
5964,7.05,True,0.000667001586407423,0.005583999154623598,0.0004169996827840805,0.00024999462766572833,0.0004999965312890708,3.846208994218614,3.854249996948056,False,0.99997039,0.9131264954784956,True,0.9131264954784956,0.9131264954784956,0.9131264954784956,7.05,7.05,7.05,False,False,False,False
5971,242.0,True,0.00016700505511835217,0.002125001628883183,8.300412446260452e-05,0.00012500095181167126,0.00033299875212833285,6.967583998630289,6.9708330047433265,False,0.9989836,0.8711355943104894,True,0.9146170005538099,0.9146170005538099,0.9146170005538099,100.0,100.0,100.0,True,False,False,False
5973,45.0,True,0.0002500019036233425,0.0030000010156072676,0.00012500095181167126,0.00012500095181167126,0.00033300602808594704,3.737666003871709,3.741874999832362,False,0.999811,1.0,True,1.0,1.0,1.0,45.0,45.0,45.0,False,False,False,False
5978,714.5,True,0.000166997779160738,0.0023749962565489113,8.299684850499034e-05,0.00012500095181167126,0.00033299875212833285,6.926624999323394,6.930083000042941,False,0.9969991,0.994416982959972,True,1.0,1.0,1.0,100.0,100.0,100.0,False,False,False,False
6002,63.0,True,0.00012500095181167126,0.0019169965526089072,8.300412446260452e-05,8.300412446260452e-05,0.0004160028765909374,3.654125001048669,3.6571669988916256,False,0.9997354,1.0,True,1.0,1.0,1.0,63.0,63.0,63.0,False,False,False,False
6003,292.3,True,0.0004579997039400041,0.005041998520027846,0.0002079978003166616,0.00029199873097240925,0.00029199873097240925,7.340500000282191,7.347292004851624,False,0.99877234,0.8238754545887642,True,0.8995365401683191,0.8995365401683191,0.8995365401683191,100.0,100.0,100.0,True,True,True,True
6007,20.0,True,0.0002079978003166616,0.0025420013116672635,0.000166997779160738,0.0002079978003166616,0.00029199873097240925,3.794832999119535,3.7985829985700548,False,0.999916,0.8111299483046329,True,0.8111299483046329,0.8111299483046329,0.8111299483046329,20.0,20.0,20.0,True,True,True,True
6024,50.63,True,0.0005420006345957518,0.0056249991757795215,0.0003749955794773996,0.00037500285543501377,0.0004169996827840805,3.7868750005145557,3.794791999098379,False,0.999787354,0.950045568218069,True,0.950045568218069,0.950045568218069,0.950045568218069,50.63,50.63,50.63,False,False,False,False
6029,35.0,True,0.0006669943104498088,0.004832996637560427,0.0003749955794773996,0.00020800507627427578,0.00037500285543501377,3.7092499987920746,3.716250001161825,False,0.999853,1.0,True,1.0,1.0,1.0,35.0,35.0,35.0,False,False,False,False
6033,208.0,True,0.000500003807246685,0.004833003913518041,0.0002500019036233425,0.00024999462766572833,0.0004169996827840805,7.284167004399933,7.290999994438607,False,0.9991264,1.0,True,1.0,1.0,1.0,100.0,100.0,100.0,False,False,False,False
6040,35.0,True,0.0005830006557516754,0.005166999471839517,0.0003749955794773996,0.0002079978003166616,0.00033299875212833285,3.756165999220684,3.763499997148756,False,0.999853,0.8892844912358767,True,0.8892844912358767,0.8892844912358767,0.8892844912358767,35.0,35.0,35.0,True,True,True,True
6041,1037.5,True,0.00029200600693002343,0.004540997906588018,0.0002500019036233425,0.0002500019036233425,0.00033299875212833285,7.142541995563079,7.1487919994979165,False,0.9956425,0.9239696177761889,True,1.0,1.0,1.0,100.0,100.0,100.0,False,False,False,False
6047,426.02,True,0.00037500285543501377,0.005333997251000255,0.00037500285543501377,0.0002500019036233425,0.0003749955794773996,7.2870420044637285,7.2942920014611445,False,0.998210716,0.7899479856248425,True,0.9237376331502339,0.9237376331502339,0.9237376331502339,100.0,100.0,100.0,True,False,False,False
6048,410.67,True,0.0002910019247792661,0.004832996637560427,0.0002500019036233425,0.000166997779160738,0.00029199873097240925,7.001541001955047,7.007959000475239,False,0.998275186,1.0,True,1.0,1.0,1.0,100.0,100.0,100.0,False,False,False,False
6056,37.0,True,0.0006249974831007421,0.0054580013966187835,0.00033299875212833285,0.00024999462766572833,0.00033299875212833285,3.7137079998501576,3.721333996509202,False,0.9998446,0.9158847826961286,True,0.9158847826961286,0.9158847826961286,0.9158847826961286,37.0,37.0,37.0,False,False,False,False
6062,240.17,True,0.0005409965524449944,0.005207999492995441,0.0003749955794773996,0.0002500019036233425,0.00033300602808594704,7.189333002315834,7.19658299931325,False,0.998991286,1.0,True,1.0,1.0,1.0,100.0,100.0,100.0,False,False,False,False
6066,500.0,True,0.00012500095181167126,0.002458000381011516,0.00012499367585405707,8.299684850499034e-05,0.00033299875212833285,7.718749999185093,7.722290996753145,False,0.9979,0.7815620892020705,True,0.9401831759410586,0.9401831759410586,0.9401831759410586,100.0,100.0,100.0,True,False,False,False
6067,45.0,True,0.0005410038284026086,0.005291993147693574,0.00033299875212833285,0.0002500019036233425,0.00037500285543501377,3.739958003279753,3.747292001207825,False,0.999811,0.9036186027004626,True,0.9036186027004626,0.9036186027004626,0.9036186027004626,45.0,45.0,45.0,False,False,False,False
6071,307.0,True,0.0002079978003166616,0.0026669949875213206,0.00016700505511835217,0.000166997779160738,0.00029199873097240925,7.153958998969756,7.157915999414399,False,0.9987106,0.9830625051056008,True,0.9999196673918644,0.9999196673918644,0.9999196673918644,100.0,100.0,100.0,False,False,False,False
6075,9.0,True,0.00037500285543501377,0.0039590013329871,0.0002500019036233425,0.00012500095181167126,0.00033300602808594704,3.450292002526112,3.455833997577429,False,0.9999622,1.0,True,1.0,1.0,1.0,9.0,9.0,9.0,False,False,False,False
6080,617.46,True,0.0002090018824674189,0.0023339962353929877,0.00012500095181167126,0.00012499367585405707,0.00033299875212833285,7.5548340028035454,7.558375000371598,False,0.997406668,0.8398845058487512,True,0.9797611294690362,0.9797611294690362,0.9797611294690362,100.0,100.0,100.0,True,False,False,False
6081,20.0,True,0.0006249974831007421,0.005166999471839517,0.00033300602808594704,0.0002500019036233425,0.0003749955794773996,3.8111250032670796,3.8184590011951514,False,0.999916,0.881025931508921,True,0.881025931508921,0.881025931508921,0.881025931508921,20.0,20.0,20.0,True,True,True,True
6088,833.27,True,0.00016600097296759486,0.002291999408043921,8.300412446260452e-05,0.00016600097296759486,0.00033300602808594704,7.187416005763225,7.190791999164503,False,0.996500266,0.951741374803839,True,1.0,1.0,1.0,100.0,100.0,100.0,False,False,False,False
6089,92.0,True,0.0004169996827840805,0.0038750004023313522,0.00024999462766572833,0.0002090018824674189,0.00029199873097240925,3.5769580063060857,3.5825000013574027,False,0.9996136,1.0,True,1.0,1.0,1.0,92.0,92.0,92.0,False,False,False,False
6107,34.0,True,0.0006249974831007421,0.005374997272156179,0.00037500285543501377,0.00020800507627427578,0.0004579997039400041,3.704041999299079,3.7117080064490438,False,0.9998572,0.8697184684868486,True,0.8697184684868486,0.8697184684868486,0.8697184684868486,34.0,34.0,34.0,True,True,True,True
6123,267.37,True,0.0002090018824674189,0.00224999530473724,0.00012500095181167126,0.00012500095181167126,0.00033299875212833285,7.5994169965269975,7.602749996294733,False,0.998877046,0.8612137465422186,True,0.9146170005538099,0.9146170005538099,0.9146170005538099,100.0,100.0,100.0,True,False,False,False
6148,436.0,True,0.000166997779160738,0.001915999746415764,8.299684850499034e-05,8.299684850499034e-05,0.0004169996827840805,7.393291998596396,7.3963749964605086,False,0.9981688,0.8739936527496713,True,0.9609244451109185,0.9609244451109185,0.9609244451109185,100.0,100.0,100.0,True,False,False,False
6149,220.28,True,0.0004169996827840805,0.004541994712781161,0.0004160028765909374,0.0002079978003166616,0.00029199873097240925,7.041333003144246,7.0477910048794,False,0.999074824,1.0,True,1.0,1.0,1.0,100.0,100.0,100.0,False,False,False,False
6177,405.0,True,0.000166997779160738,0.0022500025806948543,8.300412446260452e-05,8.300412446260452e-05,0.00029199873097240925,7.279833000211511,7.283083999936935,False,0.998299,0.8854943507605645,True,0.9609244451109185,0.9609244451109185,0.9609244451109185,100.0,100.0,100.0,True,False,False,False
6183,392.09,True,0.000166997779160738,0.0028340000426396728,0.00012500095181167126,0.00012500095181167126,0.00037500285543501377,7.347582999500446,7.351665997703094,False,0.998353222,0.9840904185238235,True,1.0,1.0,1.0,100.0,100.0,100.0,False,False,False,False
6185,1006.38,True,0.00016600097296759486,0.003125001967418939,0.0002079978003166616,0.000166997779160738,0.00033400283427909017,7.220333005534485,7.224917004350573,False,0.995773204,0.9394917597398835,True,1.0,1.0,1.0,100.0,100.0,100.0,False,False,False,False
6186,292.93,True,0.00045899651013314724,0.004417001036927104,0.0002500019036233425,0.0002079978003166616,0.00029200600693002343,7.267749999300577,7.274042000062764,False,0.998769694,1.0,True,1.0,1.0,1.0,100.0,100.0,100.0,False,False,False,False
6211,591.91,True,0.0003749955794773996,0.0048340007197111845,0.000333995558321476,0.0002090018824674189,0.00037500285543501377,7.196708000265062,7.203332999779377,False,0.997513978,1.0,True,1.0,1.0,1.0,100.0,100.0,100.0,False,False,False,False
6212,1212.83,True,0.0003749955794773996,0.0049579975893720984,0.0004169996827840805,0.00024999462766572833,0.0004579997039400041,7.7628750004805624,7.76979199872585,False,0.994906114,0.7532446450111365,True,1.0,1.0,1.0,100.0,100.0,100.0,True,False,False,False
6216,567.73,True,0.000166997779160738,0.0030419978429563344,0.00016600097296759486,0.00012500095181167126,0.00033299875212833285,6.986042004427873,6.990374997258186,False,0.997615534,1.0,True,1.0,1.0,1.0,100.0,100.0,100.0,False,False,False,False
6217,138.0,True,0.0004160028765909374,0.004290996002964675,0.0002500019036233425,0.0002079978003166616,0.00029200600693002343,7.537625002441928,7.543583997176029,False,0.9994204,0.7889165184697543,True,0.8142143494265454,0.8142143494265454,0.8142143494265454,100.0,100.0,100.0,True,True,True,True
6221,625.0,True,0.00016700505511835217,0.0024999972083605826,4.1000021155923605e-05,0.00016700505511835217,0.0003749955794773996,6.999083001574036,7.0027920010033995,False,0.997375,1.0,True,1.0,1.0,1.0,100.0,100.0,100.0,False,False,False,False
6222,66.67,True,0.00037500285543501377,0.0040000013541430235,0.00024999462766572833,0.0002090018824674189,0.00037500285543501377,3.6207919984008186,3.6265419985284097,False,0.999719986,0.9032810196620323,True,0.9032810196620323,0.9032810196620323,0.9032810196620323,66.67,66.67,66.67,False,False,False,False
6223,350.71,True,0.0002079978003166616,0.0038329962990246713,0.0002079978003166616,0.00012500095181167126,0.00029099464882165194,7.036417002382223,7.0414579968201,False,0.998527018,0.9769515684412737,True,0.9999196673918644,0.9999196673918644,0.9999196673918644,100.0,100.0,100.0,False,False,False,False
6224,142.5,True,0.00037500285543501377,0.0038750004023313522,0.00020800507627427578,0.000166997779160738,0.0002500019036233425,7.00320800387999,7.008583001152147,False,0.9994015,1.0,True,1.0,1.0,1.0,100.0,100.0,100.0,False,False,False,False
6226,51.0,True,0.0004169996827840805,0.004290996002964675,0.00033299875212833285,0.0002079978003166616,0.00033299875212833285,3.529875000822358,3.5359579997020774,False,0.9997858,1.0,True,1.0,1.0,1.0,51.0,51.0,51.0,False,False,False,False
6233,282.0,True,0.000166997779160738,0.002334003511350602,0.00012500095181167126,0.00012500095181167126,0.0002910019247792661,7.114375002856832,7.117834000382572,False,0.9988156,1.0,True,1.0,1.0,1.0,100.0,100.0,100.0,False,False,False,False
6241,287.61,True,0.00012500095181167126,0.0023750035325065255,8.300412446260452e-05,0.00012500095181167126,0.00029199873097240925,7.066625003062654,7.070040999678895,False,0.998792038,1.0,True,1.0,1.0,1.0,100.0,100.0,100.0,False,False,False,False
6253,103.09,True,0.00016700505511835217,0.0021669984562322497,8.400093065574765e-05,0.00012499367585405707,0.0002910019247792661,7.174708000093233,7.177915998909157,False,0.999567022,1.0,True,1.0,1.0,1.0,100.0,100.0,100.0,False,False,False,False
6260,158.9,True,0.0004579997039400041,0.0051249953685328364,0.00033299875212833285,0.0002500019036233425,0.00037500285543501377,7.1999580031842925,7.207082999229897,False,0.99933262,1.0,True,1.0,1.0,1.0,100.0,100.0,100.0,False,False,False,False
6264,368.89,True,0.000166997779160738,0.0025839981390163302,0.00012500095181167126,0.00016700505511835217,0.00029199873097240925,7.363874996372033,7.36762500309851,False,0.998450662,0.9294571301014777,True,0.9797611294690362,0.9797611294690362,0.9797611294690362,100.0,100.0,100.0,False,False,False,False
6277,18.0,True,0.000166997779160738,0.0023329994291998446,0.00012500095181167126,0.00012500095181167126,0.000333995558321476,3.674416999274399,3.6779579968424514,False,0.9999244,1.0,True,1.0,1.0,1.0,18.0,18.0,18.0,False,False,False,False
6285,280.17,True,0.000166997779160738,0.0021660016500391066,4.1996827349066734e-05,8.299684850499034e-05,0.0004169996827840805,7.3019580013351515,7.305166996957269,False,0.998823286,0.8939114115449989,True,0.9401831759410586,0.9401831759410586,0.9401831759410586,100.0,100.0,100.0,True,False,False,False
6314,380.13,True,0.00012500095181167126,0.0021669984562322497,0.00012500095181167126,0.00012499367585405707,0.00033299875212833285,7.098207999661099,7.101416995283216,False,0.998403454,1.0,True,1.0,1.0,1.0,100.0,100.0,100.0,False,False,False,False
6322,276.94,True,0.0006249974831007421,0.004875000740867108,0.00037500285543501377,0.0002090018824674189,0.0003749955794773996,7.538750003732275,7.545666994701605,False,0.998836852,0.9504429537477846,True,0.9797611294690362,0.9797611294690362,0.9797611294690362,100.0,100.0,100.0,False,False,False,False
6323,64.13,True,0.00045899651013314724,0.005207999492995441,0.00033300602808594704,0.0002079978003166616,0.0004169996827840805,3.504875006910879,3.5121669934596866,False,0.999730654,1.0,True,1.0,1.0,1.0,64.13,64.13,64.13,False,False,False,False
6325,373.73,True,0.0002079978003166616,0.0031669987947680056,0.00012500095181167126,0.0002079978003166616,0.00033300602808594704,6.917207996593788,6.921791995409876,False,0.998430334,1.0,True,1.0,1.0,1.0,100.0,100.0,100.0,False,False,False,False
6326,150.44,True,0.00037500285543501377,0.0038750004023313522,0.0002500019036233425,0.00016700505511835217,0.00024999462766572833,7.341332995565608,7.346790996962227,False,0.999368152,1.0,True,1.0,1.0,1.0,100.0,100.0,100.0,False,False,False,False
6330,387.04,True,0.000166997779160738,0.0025839981390163302,0.00012500095181167126,0.00012499367585405707,0.00033299875212833285,7.5812920040334575,7.585042003483977,False,0.998374432,0.7946319614336266,True,0.9146170005538099,0.9146170005538099,0.9146170005538099,100.0,100.0,100.0,True,False,False,False
6331,151.0,True,0.0004999965312890708,0.005375004548113793,0.000333995558321476,0.0002090018824674189,0.00037500285543501377,7.062208002025727,7.06950000312645,False,0.9993658,1.0,True,1.0,1.0,1.0,100.0,100.0,100.0,False,False,False,False
6347,772.0,True,0.000166997779160738,0.0024170003598555923,0.00012500095181167126,0.00012499367585405707,0.0004999965312890708,7.310041997698136,7.313791997148655,False,0.9967576,0.9879164216067005,True,1.0,1.0,1.0,100.0,100.0,100.0,False,False,False,False
6348,38.0,True,0.0004580069798976183,0.005000001692678779,0.0004169996827840805,0.00024999462766572833,0.0004169996827840805,3.5547500010579824,3.561874997103587,False,0.9998404,1.0,True,1.0,1.0,1.0,38.0,38.0,38.0,False,False,False,False
6349,260.0,True,0.0004579997039400041,0.004666995664592832,0.00029199873097240925,0.0002090018824674189,0.00029199873097240925,7.413583000015933,7.42004099447513,False,0.998908,1.0,True,1.0,1.0,1.0,100.0,100.0,100.0,False,False,False,False
6358,786.17,True,0.00012500095181167126,0.0022500025806948543,0.00016600097296759486,0.00012500095181167126,0.00033299875212833285,7.35966600041138,7.36295800015796,False,0.996698086,0.889974929171571,True,1.0,1.0,1.0,100.0,100.0,100.0,True,False,False,False
6359,812.67,True,0.0002500019036233425,0.0040000013541430235,0.0002910019247792661,0.00012499367585405707,0.00033299875212833285,7.364666002104059,7.370124993030913,False,0.996586786,0.9830692924448364,True,1.0,1.0,1.0,100.0,100.0,100.0,False,False,False,False
6360,8.0,True,0.0004579997039400041,0.004999994416721165,0.00029199873097240925,0.0002090018824674189,0.000333995558321476,3.583416997571476,3.590333006286528,False,0.9999664,0.926910255146113,True,0.926910255146113,0.926910255146113,0.926910255146113,8.0,8.0,8.0,False,False,False,False
6362,228.0,True,0.0005409965524449944,0.004749999789055437,0.0002079978003166616,0.00020800507627427578,0.00033299875212833285,7.0756669956608675,7.0823339992784895,False,0.9990424,1.0,True,1.0,1.0,1.0,100.0,100.0,100.0,False,False,False,False
6363,544.0,True,0.0003749955794773996,0.004707995685748756,0.0002500019036233425,0.0002500019036233425,0.000333995558321476,6.995875002758112,7.00229100038996,False,0.9977152,0.9581214318699539,True,1.0,1.0,1.0,100.0,100.0,100.0,False,False,False,False
6364,172.0,True,0.0004579997039400041,0.004749999789055437,0.00024999462766572833,0.00020800507627427578,0.000333995558321476,7.003667000390124,7.010084002104122,False,0.9992776,0.9691779419480284,True,0.9797611294690362,0.9797611294690362,0.9797611294690362,100.0,100.0,100.0,False,False,False,False
6368,18.0,True,0.0004999965312890708,0.004999994416721165,0.00033299875212833285,0.0002500019036233425,0.0004160028765909374,3.4335410018684343,3.4405839978717268,False,0.9999244,1.0,True,1.0,1.0,1.0,18.0,18.0,18.0,False,False,False,False
6370,992.63,True,0.00016700505511835217,0.0030410010367631912,0.00016700505511835217,0.00012499367585405707,0.0002500019036233425,6.970583002839703,6.974791001994163,False,0.995830954,0.927513750461124,True,1.0,1.0,1.0,100.0,100.0,100.0,False,False,False,False
6371,210.0,True,0.0005420006345957518,0.0046670029405504465,0.00024999462766572833,0.0002079978003166616,0.00029200600693002343,7.845374995667953,7.851957998354919,False,0.999118,0.8554384582228177,True,0.8940181450675031,0.8940181450675031,0.8940181450675031,100.0,100.0,100.0,True,True,True,True
6373,179.0,True,0.000667001586407423,0.005250003596302122,0.0004579997039400041,0.0002079978003166616,0.00033299875212833285,7.266667002113536,7.274208001035731,False,0.9992482,1.0,True,1.0,1.0,1.0,100.0,100.0,100.0,False,False,False,False
6375,40.74,True,0.0002910019247792661,0.0031660019885748625,0.00020800507627427578,0.00016600097296759486,0.00033299875212833285,3.5521249956218526,3.556791998562403,False,0.999828892,1.0,True,1.0,1.0,1.0,40.74,40.74,40.74,False,False,False,False
6379,113.0,True,0.0004579997039400041,0.004708999767899513,0.00029199873097240925,0.0002500019036233425,0.00033299875212833285,6.903625006088987,6.910291995154694,False,0.9995254,1.0,True,1.0,1.0,1.0,100.0,100.0,100.0,False,False,False,False
6383,450.0,True,0.00012499367585405707,0.0024999972083605826,0.00012500095181167126,0.00012500095181167126,0.00033299875212833285,7.203708002634812,7.207374997960869,False,0.99811,1.0,True,1.0,1.0,1.0,100.0,100.0,100.0,False,False,False,False
6385,40.4,True,0.0004999965312890708,0.005458998202811927,0.0004169996827840805,0.00024999462766572833,0.00037500285543501377,3.6755420005647466,3.6831250035902485,False,0.99983032,1.0,True,1.0,1.0,1.0,40.4,40.4,40.4,False,False,False,False
6390,356.0,True,0.00020899460650980473,0.0023749962565489113,0.00012500095181167126,0.00012500095181167126,0.00033299875212833285,7.2395000024698675,7.2431250009685755,False,0.9985048,1.0,True,1.0,1.0,1.0,100.0,100.0,100.0,False,False,False,False
6393,687.92,True,0.000166997779160738,0.002625005436129868,0.00016600097296759486,8.300412446260452e-05,0.00037500285543501377,6.8720420022145845,6.875874998513609,False,0.997110736,1.0,True,1.0,1.0,1.0,100.0,100.0,100.0,False,False,False,False
6394,70.88,True,0.00037500285543501377,0.0040000013541430235,0.0002500019036233425,0.00024999462766572833,0.00033400283427909017,3.5070000012638047,3.5127499941154383,False,0.999702304,1.0,True,1.0,1.0,1.0,70.88,70.88,70.88,False,False,False,False
6398,397.4,True,0.00016700505511835217,0.002416003553662449,8.300412446260452e-05,0.00020899460650980473,0.00033400283427909017,7.036167000478599,7.039708005322609,False,0.99833092,1.0,True,1.0,1.0,1.0,100.0,100.0,100.0,False,False,False,False
6399,105.0,True,0.00045899651013314724,0.004499997885432094,0.00024999462766572833,0.0002090018824674189,0.00029199873097240925,7.230291994346771,7.236582998302765,False,0.999559,0.8925561419052769,True,0.8940181450675031,0.8940181450675031,0.8940181450675031,100.0,100.0,100.0,True,True,True,True
6417,27.92,True,0.00012500095181167126,0.002082997525576502,0.00012500095181167126,0.00016600097296759486,0.00033400283427909017,3.552291003870778,3.555499999492895,False,0.999882736,1.0,True,1.0,1.0,1.0,27.92,27.92,27.92,False,False,False,False
6421,589.93,True,0.00012500095181167126,0.002415996277704835,0.00012499367585405707,0.00016600097296759486,0.00029199873097240925,7.346999998844694,7.350542000494897,False,0.997522294,0.9756248267098196,True,1.0,1.0,1.0,100.0,100.0,100.0,False,False,False,False
6422,396.0,True,0.00029199873097240925,0.00549999822396785,0.0002500019036233425,0.00016700505511835217,0.0004169996827840805,7.303958002012223,7.311208006285597,False,0.9983368,1.0,True,1.0,1.0,1.0,100.0,100.0,100.0,False,False,False,False
6423,394.0,True,0.0002500019036233425,0.004417001036927104,0.0002500019036233425,0.0002079978003166616,0.00033299875212833285,7.3131250028382055,7.3191249975934625,False,0.9983452,1.0,True,1.0,1.0,1.0,100.0,100.0,100.0,False,False,False,False
6424,160.11,True,0.0004999965312890708,0.004415996954776347,0.00020800507627427578,0.000166997779160738,0.00029200600693002343,7.024291000561789,7.030375003523659,False,0.999327538,0.9710836952667944,True,0.9797611294690362,0.9797611294690362,0.9797611294690362,100.0,100.0,100.0,False,False,False,False
6435,252.77,True,0.000166997779160738,0.0022909953258931637,8.299684850499034e-05,0.00012500095181167126,0.0003749955794773996,7.386208002571948,7.389708000118844,False,0.998938366,0.8670318916166982,True,0.9146170005538099,0.9146170005538099,0.9146170005538099,100.0,100.0,100.0,True,False,False,False
6442,216.2,True,0.0004999965312890708,0.004708999767899513,0.00029199873097240925,0.0002500019036233425,0.000333995558321476,7.579375000204891,7.585999999719206,False,0.99909196,0.8527945379111318,True,0.8940181450675031,0.8940181450675031,0.8940181450675031,100.0,100.0,100.0,True,True,True,True
6457,186.0,True,0.0004169996827840805,0.004499997885432094,0.00029199873097240925,0.0002500019036233425,0.00037500285543501377,7.088457998179365,7.094832995790057,False,0.9992188,0.8783903406357484,True,0.9047710926081675,0.9047710926081675,0.9047710926081675,100.0,100.0,100.0,True,False,False,False
6478,677.5,True,0.00012500095181167126,0.0021660016500391066,8.300412446260452e-05,8.300412446260452e-05,0.00033299875212833285,7.529541995609179,7.532708004873712,False,0.9971545,0.9992257949179194,True,1.0,1.0,1.0,100.0,100.0,100.0,False,False,False,False
6479,116.0,True,0.0004169996827840805,0.004583002009894699,0.0002910019247792661,0.000166997779160738,0.0003749955794773996,7.098541995219421,7.10491700010607,False,0.9995128,1.0,True,1.0,1.0,1.0,100.0,100.0,100.0,False,False,False,False
6490,26.0,True,0.0005409965524449944,0.005166002665646374,0.00033299875212833285,0.0002079978003166616,0.00033300602808594704,4.055042001709808,4.062166997755412,False,0.9998908,0.8077071409957758,True,0.8077071409957758,0.8077071409957758,0.8077071409957758,26.0,26.0,26.0,True,True,True,True
6497,483.26,True,0.0002090018824674189,0.0023339962353929877,0.000166997779160738,8.299684850499034e-05,0.0003749955794773996,6.960666003578808,6.96425000205636,False,0.997970308,1.0,True,1.0,1.0,1.0,100.0,100.0,100.0,False,False,False,False
6511,294.0,True,8.300412446260452e-05,0.0020000006770715117,8.400093065574765e-05,0.00012500095181167126,0.000333995558321476,7.551417002105154,7.554374999017455,False,0.9987652,0.889436475292944,True,0.9401831759410586,0.9401831759410586,0.9401831759410586,100.0,100.0,100.0,True,False,False,False
6518,26.0,True,0.00012500095181167126,0.0021669984562322497,0.00012500095181167126,8.300412446260452e-05,0.0003749955794773996,3.5727080030483194,3.576000002794899,False,0.9998908,1.0,True,1.0,1.0,1.0,26.0,26.0,26.0,False,False,False,False
6541,21.0,True,0.00012499367585405707,0.0020410006982274354,0.00012500095181167126,0.00012499367585405707,0.00029200600693002343,3.5192089999327436,3.522291997796856,False,0.9999118,1.0,True,1.0,1.0,1.0,21.0,21.0,21.0,False,False,False,False
6557,246.0,True,0.00012500095181167126,0.0022079984773881733,8.299684850499034e-05,0.00016599369700998068,0.0004579997039400041,6.98266599647468,6.986125001276378,False,0.9989668,0.9905769899721099,True,0.9999196673918644,0.9999196673918644,0.9999196673918644,100.0,100.0,100.0,False,False,False,False
6568,92.0,True,0.0004169996827840805,0.00470800296170637,0.0004579997039400041,0.000166997779160738,0.00033299875212833285,3.7735839941888116,3.7802500010002404,False,0.9996136,0.916627259817351,True,0.916627259817351,0.916627259817351,0.916627259817351,92.0,92.0,92.0,False,False,False,False
6570,69.0,True,0.0005829933797940612,0.005542002327274531,0.00037500285543501377,0.00024999462766572833,0.0003749955794773996,3.93850000546081,3.9461659980588593,False,0.9997102,0.8490452952766181,True,0.8490452952766181,0.8490452952766181,0.8490452952766181,69.0,69.0,69.0,True,True,True,True
6576,348.19,True,0.000166997779160738,0.0022909953258931637,0.00012500095181167126,0.00012499367585405707,0.00033299875212833285,6.95566700596828,6.958999998460058,False,0.998537602,1.0,True,1.0,1.0,1.0,100.0,100.0,100.0,False,False,False,False
6577,95.0,True,0.0002910019247792661,0.003583001671358943,0.00020800507627427578,0.00012500095181167126,0.00037500285543501377,3.7964579969411716,3.801500002737157,False,0.999601,0.8170409321705799,True,0.8170409321705799,0.8170409321705799,0.8170409321705799,95.0,95.0,95.0,True,True,True,True
6593,530.0,True,0.00012500095181167126,0.0020000006770715117,8.400093065574765e-05,0.00012500095181167126,0.00029199873097240925,6.848959004855715,6.851874997664709,False,0.997774,0.994129941564115,True,1.0,1.0,1.0,100.0,100.0,100.0,False,False,False,False
6594,530.0,True,0.0002500019036233425,0.0037919962778687477,0.00016599369700998068,0.0002079978003166616,0.00029199873097240925,7.034416994429193,7.039583004370797,False,0.997774,0.9422000050874436,True,0.9999196673918644,0.9999196673918644,0.9999196673918644,100.0,100.0,100.0,False,False,False,False
6595,23.0,True,0.00033299875212833285,0.003957997250836343,0.00016700505511835217,0.00012500095181167126,0.00037500285543501377,3.561249999620486,3.566708997823298,False,0.9999034,1.0,True,1.0,1.0,1.0,23.0,23.0,23.0,False,False,False,False
6634,306.0,True,0.00012499367585405707,0.0020420047803781927,8.299684850499034e-05,8.299684850499034e-05,0.00033300602808594704,7.849832996726036,7.852832997741643,False,0.9987148,0.6979347731410026,True,0.8684136752395771,0.8684136752395771,0.8684136752395771,100.0,100.0,100.0,True,True,True,True
6641,346.88,True,0.00016700505511835217,0.0022089952835813165,0.00012500095181167126,0.000166997779160738,0.0002500019036233425,7.315416005440056,7.318750002013985,False,0.998543104,1.0,True,1.0,1.0,1.0,100.0,100.0,100.0,False,False,False,False
6642,1000.0,True,0.00029200600693002343,0.005333000444807112,0.0002500019036233425,0.00024999462766572833,0.0003749955794773996,7.484374997147825,7.491582997317892,False,0.9958,0.9351360664852526,True,1.0,1.0,1.0,100.0,100.0,100.0,False,False,False,False
6654,530.0,True,0.00016600097296759486,0.002082997525576502,0.00012499367585405707,0.00012500095181167126,0.0003749955794773996,7.098207999661099,7.101499999407679,False,0.997774,1.0,True,1.0,1.0,1.0,100.0,100.0,100.0,False,False,False,False
6655,88.0,True,0.0004579997039400041,0.005125002644490451,0.0002910019247792661,0.0002079978003166616,0.00033299875212833285,3.66241699521197,3.6692920039058663,False,0.9996304,0.8654980043100514,True,0.8654980043100514,0.8654980043100514,0.8654980043100514,88.0,88.0,88.0,True,True,True,True
6660,431.13,True,0.00020800507627427578,0.002458997187204659,8.400093065574765e-05,8.300412446260452e-05,0.00029199873097240925,7.161500005167909,7.165041999542154,False,0.998189254,0.9601481829227376,True,0.9992122092123257,0.9992122092123257,0.9992122092123257,100.0,100.0,100.0,False,False,False,False
6661,58.67,True,0.00037500285543501377,0.003916997229680419,0.0002079978003166616,0.00016700505511835217,0.0002910019247792661,3.8121670004329644,3.8175419977051206,False,0.999753586,0.9246242029979767,True,0.9246242029979767,0.9246242029979767,0.9246242029979767,58.67,58.67,58.67,False,False,False,False
6666,396.18,True,0.00012500095181167126,0.0023329994291998446,0.00016600097296759486,0.00012500095181167126,0.00033299875212833285,7.034499998553656,7.037959003355354,False,0.998336044,1.0,True,1.0,1.0,1.0,100.0,100.0,100.0,False,False,False,False
6668,410.94,True,0.00024999462766572833,0.004999994416721165,0.0002500019036233425,0.0002500019036233425,0.00037500285543501377,7.259625002916437,7.266291002451908,False,0.998274052,0.842203748077922,True,0.9401831759410586,0.9401831759410586,0.9401831759410586,100.0,100.0,100.0,True,False,False,False
6669,349.0,True,0.00024999462766572833,0.004624998837243766,0.0002500019036233425,0.0002090018824674189,0.00029199873097240925,7.0004580047680065,7.006624997302424,False,0.9985342,0.9343498676918924,True,0.9797611294690362,0.9797611294690362,0.9797611294690362,100.0,100.0,100.0,False,False,False,False
6670,77.29,True,0.0004579997039400041,0.004665998858399689,0.00029099464882165194,0.0002079978003166616,0.00033300602808594704,3.821792000962887,3.828375003649853,False,0.999675382,0.8263904724871831,True,0.8263904724871831,0.8263904724871831,0.8263904724871831,77.29,77.29,77.29,True,True,True,True
6675,151.11,True,0.0005410038284026086,0.0051249953685328364,0.00029199873097240925,0.0002090018824674189,0.000333995558321476,7.3985839990200475,7.40566700551426,False,0.999365338,0.8484627386245166,True,0.8684136752395771,0.8684136752395771,0.8684136752395771,100.0,100.0,100.0,True,True,True,True
6683,309.28,True,0.00016700505511835217,0.0022089952835813165,0.00012500095181167126,8.299684850499034e-05,0.00029200600693002343,7.167292002122849,7.170584001869429,False,0.998701024,0.9435317127243582,True,0.9797611294690362,0.9797611294690362,0.9797611294690362,100.0,100.0,100.0,False,False,False,False
6684,789.51,True,0.00029199873097240925,0.00504200579598546,0.003416003892198205,0.00024999462766572833,0.00033299875212833285,6.912707998708356,6.922583997948095,False,0.996684058,0.9850094410865595,True,1.0,1.0,1.0,100.0,100.0,100.0,False,False,False,False
6685,176.05,True,0.00045899651013314724,0.004707995685748756,0.0002500019036233425,0.0002079978003166616,0.00033299875212833285,6.92245800019009,6.928958006028552,False,0.99926059,0.9040655467427317,True,0.9237376331502339,0.9237376331502339,0.9237376331502339,100.0,100.0,100.0,False,False,False,False
6687,838.24,True,0.0002500019036233425,0.003083994670305401,0.00016700505511835217,0.0002079978003166616,0.0002910019247792661,7.045833001029678,7.0503750030184165,False,0.996479392,0.9762636853822371,True,1.0,1.0,1.0,100.0,100.0,100.0,False,False,False,False
6688,163.16,True,0.00037500285543501377,0.004292000085115433,0.00029099464882165194,0.0002090018824674189,0.00029199873097240925,7.016832998488098,7.022874997346662,False,0.999314728,1.0,True,1.0,1.0,1.0,100.0,100.0,100.0,False,False,False,False
6691,9.56,True,0.0004160028765909374,0.004624998837243766,0.0002910019247792661,0.00033299875212833285,0.00033299875212833285,3.606042002502363,3.6125840051681735,False,0.999959848,0.8775567896007807,True,0.8775567896007807,0.8775567896007807,0.8775567896007807,9.56,9.56,9.56,True,True,True,True
6713,364.0,True,0.00016700505511835217,0.002124994352925569,8.299684850499034e-05,8.299684850499034e-05,0.0004170069587416947,7.644750003237277,7.648041995707899,False,0.9984712,0.8115532471986805,True,0.9146170005538099,0.9146170005538099,0.9146170005538099,100.0,100.0,100.0,True,False,False,False
6714,45.0,True,0.00033400283427909017,0.004499997885432094,0.00033299875212833285,0.00020800507627427578,0.0003749955794773996,3.641125003923662,3.6474169974098913,False,0.999811,0.9088939391185438,True,0.9088939391185438,0.9088939391185438,0.9088939391185438,45.0,45.0,45.0,False,False,False,False
6733,268.0,True,0.00016700505511835217,0.002124994352925569,8.299684850499034e-05,0.00012500095181167126,0.00029200600693002343,7.011166999291163,7.014333998085931,False,0.9988744,1.0,True,1.0,1.0,1.0,100.0,100.0,100.0,False,False,False,False
6737,341.0,True,0.00012500095181167126,0.00224999530473724,8.400093065574765e-05,0.00016700505511835217,0.0003749955794773996,7.4130419961875305,7.416417000058573,False,0.9985678,0.7740405616513967,True,0.8940181450675031,0.8940181450675031,0.8940181450675031,100.0,100.0,100.0,True,True,True,True
6738,102.0,True,0.0004999965312890708,0.0049579975893720984,0.00024999462766572833,0.0002079978003166616,0.00029199873097240925,7.431833000737242,7.4385839980095625,False,0.9995716,1.0,True,1.0,1.0,1.0,100.0,100.0,100.0,False,False,False,False
6741,79.0,True,0.0004579997039400041,0.004958004865329713,0.00033299875212833285,0.00016599369700998068,0.0003749955794773996,3.7075000000186265,3.7143329973332584,False,0.9996682,0.8687025316718774,True,0.8687025316718774,0.8687025316718774,0.8687025316718774,79.0,79.0,79.0,True,True,True,True
6745,106.06,True,0.00029199873097240925,0.003125001967418939,0.00012499367585405707,0.0002079978003166616,0.00033299875212833285,7.147749995056074,7.1523750011692755,False,0.999554548,0.9790018428104809,True,0.9797611294690362,0.9797611294690362,0.9797611294690362,100.0,100.0,100.0,False,False,False,False
6747,15.0,True,0.00024999462766572833,0.0030419978429563344,0.0002079978003166616,0.00016600097296759486,0.00029199873097240925,3.6575420017470606,3.6620410028262995,False,0.999937,1.0,True,1.0,1.0,1.0,15.0,15.0,15.0,False,False,False,False
6751,363.88,True,0.000166997779160738,0.002583001332823187,0.00012500095181167126,0.00016600097296759486,0.0002500019036233425,7.488542003557086,7.492292003007606,False,0.998471704,1.0,True,1.0,1.0,1.0,100.0,100.0,100.0,False,False,False,False
6752,675.05,True,0.00029199873097240925,0.00508299854118377,0.00029199873097240925,0.0002500019036233425,0.00033299875212833285,6.974541996896733,6.981334001466166,False,0.99716479,0.9985016319166566,True,1.0,1.0,1.0,100.0,100.0,100.0,False,False,False,False
6753,33.0,True,0.00033400283427909017,0.0035420016502030194,0.0002090018824674189,0.00012500095181167126,0.00033299875212833285,3.3571250023669563,3.3621249967836775,False,0.9998614,1.0,True,1.0,1.0,1.0,33.0,33.0,33.0,False,False,False,False
6760,361.4,True,0.0002079978003166616,0.0037080026231706142,0.00016700505511835217,0.00012500095181167126,0.00037500285543501377,6.912125005328562,6.91716700384859,False,0.99848212,1.0,True,1.0,1.0,1.0,100.0,100.0,100.0,False,False,False,False
6762,306.0,True,0.0004579997039400041,0.004832996637560427,0.00033299875212833285,0.0002500019036233425,0.00037500285543501377,7.469208998372778,7.475999998860061,False,0.9987148,0.7903387391979615,True,0.8880973597911049,0.8880973597911049,0.8880973597911049,100.0,100.0,100.0,True,True,True,True
6767,500.0,True,0.00016600097296759486,0.0024999972083605826,8.299684850499034e-05,0.00012500095181167126,0.00033299875212833285,6.808749996707775,6.812291998357978,False,0.9979,1.0,True,1.0,1.0,1.0,100.0,100.0,100.0,False,False,False,False
6768,204.25,True,0.00037500285543501377,0.003749999450519681,0.00029099464882165194,0.00016700505511835217,0.0002910019247792661,7.3564170015743,7.361707997915801,False,0.99914215,0.9157741621559765,True,0.9401831759410586,0.9401831759410586,0.9401831759410586,100.0,100.0,100.0,False,False,False,False
6770,300.0,True,0.00024999462766572833,0.0031249946914613247,0.00016700505511835217,0.0002079978003166616,0.00033299875212833285,7.0148330050869845,7.019458003924228,False,0.99874,1.0,True,1.0,1.0,1.0,100.0,100.0,100.0,False,False,False,False
6776,264.0,True,0.000166997779160738,0.0023749962565489113,0.00012500095181167126,0.00012500095181167126,0.00029199873097240925,6.891375000122935,6.894834004924633,False,0.9988912,1.0,True,1.0,1.0,1.0,100.0,100.0,100.0,False,False,False,False
6780,38.0,True,0.0006250047590583563,0.005375004548113793,0.00037500285543501377,0.00029199873097240925,0.0004160028765909374,3.609332998166792,3.6169589948258363,False,0.9998404,1.0,True,1.0,1.0,1.0,38.0,38.0,38.0,False,False,False,False
6781,327.48,True,0.0004160028765909374,0.004582994733937085,0.00024999462766572833,0.0002090018824674189,0.00033400283427909017,7.064583995088469,7.070958999975119,False,0.998624584,0.9781915514854886,True,0.9992122092123257,0.9992122092123257,0.9992122092123257,100.0,100.0,100.0,False,False,False,False
6782,113.0,True,0.0004579997039400041,0.004458001058083028,0.0002090018824674189,0.0002090018824674189,0.00029199873097240925,7.198708000942133,7.204875000752509,False,0.9995254,1.0,True,1.0,1.0,1.0,100.0,100.0,100.0,False,False,False,False
6783,1216.27,True,0.00029199873097240925,0.005667003279086202,0.00029099464882165194,0.00029199873097240925,0.0004169996827840805,8.278583001811057,8.286333999421913,False,0.994891666,0.7436052608684062,True,1.0,1.0,1.0,100.0,100.0,100.0,True,False,False,False
6784,110.0,True,0.0004169996827840805,0.005500005499925464,0.0003749955794773996,0.00029199873097240925,0.00029199873097240925,7.456457999069244,7.463916997949127,False,0.999538,0.8572218561401295,True,0.8610658335900354,0.8610658335900354,0.8610658335900354,100.0,100.0,100.0,True,True,True,True
6789,54.0,True,0.0002090018824674189,0.0024999972083605826,8.299684850499034e-05,0.00012500095181167126,0.00033299875212833285,3.833083996141795,3.8367500019376166,False,0.9997732,0.8701830628578712,True,0.8701830628578712,0.8701830628578712,0.8701830628578712,54.0,54.0,54.0,True,True,True,True
6806,550.0,True,0.000166997779160738,0.0022909953258931637,0.00012500095181167126,0.00016600097296759486,0.00029200600693002343,7.025333005003631,7.028749998426065,False,0.99769,1.0,True,1.0,1.0,1.0,100.0,100.0,100.0,False,False,False,False
6807,115.0,True,0.00037500285543501377,0.003917004505638033,0.0002500019036233425,0.000166997779160738,0.00033400283427909017,7.664291995752137,7.669874998100568,False,0.999517,0.7501814311451642,True,0.7680093342580133,0.7680093342580133,0.7680093342580133,100.0,100.0,100.0,True,True,True,True
6814,384.19,True,0.00012500095181167126,0.0022500025806948543,0.00012500095181167126,0.00012500095181167126,0.00033299875212833285,7.028583997453097,7.031875000393484,False,0.998386402,1.0,True,1.0,1.0,1.0,100.0,100.0,100.0,False,False,False,False
6816,40.0,True,0.00029199873097240925,0.002749999111983925,0.00016600097296759486,0.00012500095181167126,0.0002500019036233425,3.589707994251512,3.59362499875715,False,0.999832,0.8676949108763293,True,0.8676949108763293,0.8676949108763293,0.8676949108763293,40.0,40.0,40.0,True,True,True,True
6819,400.0,True,0.0002090018824674189,0.0026670022634789348,0.00012500095181167126,0.000166997779160738,0.00029099464882165194,7.097000001522247,7.100832997821271,False,0.99832,1.0,True,1.0,1.0,1.0,100.0,100.0,100.0,False,False,False,False
6820,60.0,True,0.0004169996827840805,0.0038750004023313522,0.0002079978003166616,0.000166997779160738,0.00033400283427909017,3.5152499985997565,3.5206660031690262,False,0.999748,1.0,True,1.0,1.0,1.0,60.0,60.0,60.0,False,False,False,False
6825,29.0,True,0.00020800507627427578,0.0023750035325065255,8.399365469813347e-05,0.0002090018824674189,0.0002500019036233425,3.628124999522697,3.6316249970695935,False,0.9998782,0.9312728073953696,True,0.9312728073953696,0.9312728073953696,0.9312728073953696,29.0,29.0,29.0,False,False,False,False
6828,20.32,True,0.00016599369700998068,0.002749999111983925,8.400093065574765e-05,0.00012500095181167126,0.0002910019247792661,3.580207994673401,3.584167003282346,False,0.999914656,1.0,True,1.0,1.0,1.0,20.32,20.32,20.32,False,False,False,False
6835,725.0,True,0.00012500095181167126,0.002416003553662449,0.00012500095181167126,0.00012500095181167126,0.00029199873097240925,7.365042001765687,7.36854100250639,False,0.996955,0.8977248680410508,True,1.0,1.0,1.0,100.0,100.0,100.0,True,False,False,False
6836,212.0,True,0.0003749955794773996,0.003583001671358943,0.0002500019036233425,0.000166997779160738,0.00033300602808594704,7.1162920066853985,7.121417002053931,False,0.9991096,1.0,True,1.0,1.0,1.0,100.0,100.0,100.0,False,False,False,False
6840,488.0,True,0.00012500095181167126,0.002458000381011516,8.400093065574765e-05,0.00012499367585405707,0.00033300602808594704,7.3302919990965165,7.3338750007678755,False,0.9979504,0.9978464234968472,True,1.0,1.0,1.0,100.0,100.0,100.0,False,False,False,False
6841,52.0,True,0.00033299875212833285,0.004540997906588018,0.0002500019036233425,0.00020800507627427578,0.00033299875212833285,3.4769580015563406,3.4829999931389466,False,0.9997816,1.0,True,1.0,1.0,1.0,52.0,52.0,52.0,False,False,False,False
6844,401.21,True,0.0003749955794773996,0.0052910036174580455,0.00033299875212833285,0.0002079978003166616,0.00033300602808594704,7.206499998574145,7.213542005047202,False,0.998314918,0.9210358685225605,True,0.9797611294690362,0.9797611294690362,0.9797611294690362,100.0,100.0,100.0,False,False,False,False
6845,37.0,True,0.0004579997039400041,0.004207999154459685,0.00029199873097240925,0.0002090018824674189,0.000333995558321476,3.390999998373445,3.3970000004046597,False,0.9998446,1.0,True,1.0,1.0,1.0,37.0,37.0,37.0,False,False,False,False
6868,130.05,True,0.000500003807246685,0.00549999822396785,0.00033299875212833285,0.0002500019036233425,0.0004169996827840805,7.263083003635984,7.270582995261066,False,0.99945379,0.8847839982088384,True,0.8940181450675031,0.8940181450675031,0.8940181450675031,100.0,100.0,100.0,True,True,True,True
6875,95.74,True,0.0004579997039400041,0.0051670067477971315,0.00037500285543501377,0.00024999462766572833,0.0003749955794773996,3.5453329983283766,3.5524999984772876,False,0.999597892,1.0,True,1.0,1.0,1.0,95.74,95.74,95.74,False,False,False,False
6892,88.0,True,0.0002500019036233425,0.002540997229516506,0.00012500095181167126,0.00016600097296759486,0.00033299875212833285,3.555458999471739,3.559292003046721,False,0.9996304,1.0,True,1.0,1.0,1.0,88.0,88.0,88.0,False,False,False,False
6894,131.0,True,0.0004579997039400041,0.004832996637560427,0.0004169996827840805,0.00024999462766572833,0.00037500285543501377,7.444499999110121,7.451290999597404,False,0.9994498,0.8198126810915474,True,0.8355857541854383,0.8355857541854383,0.8355857541854383,100.0,100.0,100.0,True,True,True,True
6897,47.0,True,0.0002079978003166616,0.002707995008677244,0.00012500095181167126,0.00012500095181167126,0.00033299875212833285,3.762375003134366,3.7662920003640465,False,0.9998026,0.7944567138411504,True,0.7944567138411504,0.7944567138411504,0.7944567138411504,47.0,47.0,47.0,True,True,True,True
6905,30.0,True,0.00012499367585405707,0.002291002601850778,0.00012500095181167126,0.00012500095181167126,0.00029199873097240925,3.819624995230697,3.8229580022743903,False,0.999874,0.8053447377641734,True,0.8053447377641734,0.8053447377641734,0.8053447377641734,30.0,30.0,30.0,True,True,True,True
6931,590.36,True,0.0004579997039400041,0.00687500141793862,0.00037500285543501377,0.00033300602808594704,0.000500003807246685,7.613082998432219,7.622208999237046,False,0.997520488,0.9950979184707829,True,1.0,1.0,1.0,100.0,100.0,100.0,False,False,False,False
6933,100.0,True,0.0006250047590583563,0.0054580013966187835,0.0004999965312890708,0.00029199873097240925,0.0004169996827840805,3.8043340027797967,3.812292001384776,False,0.99958,0.8447972696279995,True,0.8447972696279995,0.8447972696279995,0.8447972696279995,100.0,100.0,100.0,True,True,True,True
6944,76.0,True,0.0005830006557516754,0.005000001692678779,0.00033299875212833285,0.0002079978003166616,0.0004160028765909374,3.4154169989051297,3.422499998123385,False,0.9996808,1.0,True,1.0,1.0,1.0,76.0,76.0,76.0,False,False,False,False
6947,17.09,True,0.00029199873097240925,0.0027500063879415393,0.000166997779160738,0.00012500095181167126,0.00033299875212833285,3.875542002788279,3.879707997839432,False,0.999928222,0.9157027878051532,True,0.9157027878051532,0.9157027878051532,0.9157027878051532,17.09,17.09,17.09,False,False,False,False
6967,21.94,True,0.0005830006557516754,0.005209003575146198,0.00029199873097240925,0.0002500019036233425,0.0004169996827840805,3.617834001488518,3.6251670026103966,False,0.999907852,1.0,True,1.0,1.0,1.0,21.94,21.94,21.94,False,False,False,False
6972,65.0,True,0.00020800507627427578,0.0024999972083605826,0.00012499367585405707,0.00012500095181167126,0.0003749955794773996,3.4551249991636723,3.458792001765687,False,0.999727,1.0,True,1.0,1.0,1.0,65.0,65.0,65.0,False,False,False,False
6981,354.0,True,0.00012500095181167126,0.00224999530473724,0.00012500095181167126,0.00012500095181167126,0.00029199873097240925,7.0608749956591055,7.064125005854294,False,0.9985132,1.0,True,1.0,1.0,1.0,100.0,100.0,100.0,False,False,False,False
6982,40.0,True,0.00037500285543501377,0.0037080026231706142,0.00020800507627427578,0.00012500095181167126,0.00033300602808594704,3.875166999932844,3.8805000003776513,False,0.999832,1.0,True,1.0,1.0,1.0,40.0,40.0,40.0,False,False,False,False
6988,35.0,True,0.00029199873097240925,0.0034999975468963385,0.00016700505511835217,0.00012499367585405707,0.00033299875212833285,3.733749996172264,3.7386249969131313,False,0.999853,1.0,True,1.0,1.0,1.0,35.0,35.0,35.0,False,False,False,False
6995,245.0,True,0.000166997779160738,0.002415996277704835,0.00012500095181167126,0.00012500095181167126,0.0002500019036233425,7.264834006491583,7.2683749967836775,False,0.998971,0.99067419284734,True,0.9999196673918644,0.9999196673918644,0.9999196673918644,100.0,100.0,100.0,False,False,False,False
7003,60.0,True,0.0005830006557516754,0.005332993168849498,0.000333995558321476,0.0002500019036233425,0.0004160028765909374,4.172332999587525,4.179916002613027,False,0.999748,0.7849459345750284,True,0.7849459345750284,0.7849459345750284,0.7849459345750284,60.0,60.0,60.0,True,True,True,True
7029,307.0,True,0.000166997779160738,0.0023750035325065255,0.00012500095181167126,0.00020800507627427578,0.0003749955794773996,7.224208995467052,7.227750000311062,False,0.9987106,0.9937520973366375,True,1.0,1.0,1.0,100.0,100.0,100.0,False,False,False,False
7036,290.0,True,0.000166997779160738,0.002334003511350602,0.00012500095181167126,0.00012499367585405707,0.00029200600693002343,7.292125003004912,7.295499999599997,False,0.998782,0.9852352621815025,True,0.9999196673918644,0.9999196673918644,0.9999196673918644,100.0,100.0,100.0,False,False,False,False
7039,397.0,True,0.0002079978003166616,0.0027909991331398487,0.00012500095181167126,0.00016600097296759486,0.00037500285543501377,7.120624999515712,7.124666997697204,False,0.9983326,0.9834407840088332,True,1.0,1.0,1.0,100.0,100.0,100.0,False,False,False,False
7041,329.33,True,0.0005420006345957518,0.004791996616404504,0.00037500285543501377,0.0002090018824674189,0.000333995558321476,7.110792001185473,7.117583001672756,False,0.998616814,0.8322739443610796,True,0.9146170005538099,0.9146170005538099,0.9146170005538099,100.0,100.0,100.0,True,False,False,False
7043,23.96,True,0.0005410038284026086,0.00508299854118377,0.00033299875212833285,0.0002500019036233425,0.00037500285543501377,3.828500004601665,3.8355840006261133,False,0.999899368,0.8088866139045743,True,0.8088866139045743,0.8088866139045743,0.8088866139045743,23.96,23.96,23.96,True,True,True,True
7052,413.0,True,0.00012500095181167126,0.002458000381011516,0.00012499367585405707,0.00012500095181167126,0.0003749955794773996,7.020500001090113,7.024083999567665,False,0.9982654,0.9178056464915234,True,0.9797611294690362,0.9797611294690362,0.9797611294690362,100.0,100.0,100.0,False,False,False,False
7053,134.61,True,0.000333995558321476,0.004082998202648014,0.0002079978003166616,0.00016599369700998068,0.00033400283427909017,6.826583005022258,6.832250001025386,False,0.999434638,1.0,True,1.0,1.0,1.0,100.0,100.0,100.0,False,False,False,False
7064,1100.0,True,0.000166997779160738,0.002125001628883183,8.299684850499034e-05,8.299684850499034e-05,0.00033299875212833285,7.27454099978786,7.277750002685934,False,0.99538,0.9104762742570427,True,1.0,1.0,1.0,100.0,100.0,100.0,False,False,False,False
7065,278.0,True,0.00037500285543501377,0.004083995008841157,0.0002090018824674189,0.00016700505511835217,0.00033299875212833285,7.200958003522828,7.20658299542265,False,0.9988324,1.0,True,1.0,1.0,1.0,100.0,100.0,100.0,False,False,False,False
7067,469.3,True,0.00033299875212833285,0.005209003575146198,0.00037500285543501377,0.00029199873097240925,0.00037500285543501377,6.866083000204526,6.873250000353437,False,0.99802894,0.9969378418427175,True,1.0,1.0,1.0,100.0,100.0,100.0,False,False,False,False
7068,138.62,True,0.0004999965312890708,0.004875000740867108,0.0002500019036233425,0.00020899460650980473,0.00029199873097240925,7.315750000998378,7.322417004616,False,0.999417796,0.8936880701683734,True,0.9047710926081675,0.9047710926081675,0.9047710926081675,100.0,100.0,100.0,True,False,False,False
7071,21.25,True,0.0002090018824674189,0.002625005436129868,0.00012500095181167126,0.00016700505511835217,0.00029199873097240925,3.9253340000868775,3.9292080036830157,False,0.99991075,0.8221321990366738,True,0.8221321990366738,0.8221321990366738,0.8221321990366738,21.25,21.25,21.25,True,True,True,True
7095,100.0,True,0.0006249974831007421,0.005333000444807112,0.00037500285543501377,0.0002500019036233425,0.00037500285543501377,3.5407500035944395,3.548332999343984,False,0.99958,1.0,True,1.0,1.0,1.0,100.0,100.0,100.0,False,False,False,False
7102,48.0,True,0.0004169996827840805,0.00508299854118377,0.00033299875212833285,0.0002500019036233425,0.00037500285543501377,3.4667910003918223,3.4737500027404167,False,0.9997984,1.0,True,1.0,1.0,1.0,48.0,48.0,48.0,False,False,False,False
7138,376.17,True,0.00012500095181167126,0.0022080057533457875,0.00012500095181167126,0.00012500095181167126,0.00037500285543501377,7.346500002313405,7.34987499890849,False,0.998420086,0.8030281029920477,True,0.9146170005538099,0.9146170005538099,0.9146170005538099,100.0,100.0,100.0,True,False,False,False
7139,800.0,True,0.0002079978003166616,0.0035420016502030194,0.0002079978003166616,0.00012500095181167126,0.00033299875212833285,7.05891599500319,7.063832999847364,False,0.99664,0.9449138892826004,True,1.0,1.0,1.0,100.0,100.0,100.0,False,False,False,False
7140,25.0,True,0.00037500285543501377,0.004042005457449704,0.0002079978003166616,0.000166997779160738,0.00029199873097240925,3.784124994126614,3.7897079964750446,False,0.999895,1.0,True,1.0,1.0,1.0,25.0,25.0,25.0,False,False,False,False
7150,28.0,True,0.0005420006345957518,0.006207999831531197,0.00037500285543501377,0.00033400283427909017,0.00045899651013314724,3.5962499969173223,3.6047079993295483,False,0.9998824,1.0,True,1.0,1.0,1.0,28.0,28.0,28.0,False,False,False,False
7151,236.0,True,0.0005420006345957518,0.004916997568216175,0.00020800507627427578,0.0002079978003166616,0.0004160028765909374,7.302999998501036,7.30979200307047,False,0.9990088,0.8856913782565258,True,0.9237376331502339,0.9237376331502339,0.9237376331502339,100.0,100.0,100.0,True,False,False,False
7155,51.0,True,0.0007500057108700275,0.010042000212706625,0.00029199873097240925,0.00024999462766572833,0.0004169996827840805,3.489417002128903,3.5016250039916486,False,0.9997858,1.0,True,1.0,1.0,1.0,51.0,51.0,51.0,False,False,False,False
7181,307.0,True,8.299684850499034e-05,0.0020000006770715117,0.00012500095181167126,8.299684850499034e-05,0.00037500285543501377,7.43575000524288,7.438874999934342,False,0.9987106,1.0,True,1.0,1.0,1.0,100.0,100.0,100.0,False,False,False,False
7182,45.98,True,0.0003749955794773996,0.0043339969124644995,0.00024999462766572833,0.0002079978003166616,0.00033299875212833285,3.8109579982119612,3.8170410043676384,False,0.999806884,0.7951540485479317,True,0.7951540485479317,0.7951540485479317,0.7951540485479317,45.98,45.98,45.98,True,True,True,True
7186,409.0,True,0.0002079978003166616,0.0025419940357096493,0.00012500095181167126,0.00016600097296759486,0.00033300602808594704,7.725875002506655,7.72970900288783,False,0.9982822,0.7743504042287626,True,0.9146170005538099,0.9146170005538099,0.9146170005538099,100.0,100.0,100.0,True,False,False,False
7187,73.0,True,0.00037500285543501377,0.003916000423487276,0.0002079978003166616,0.000166997779160738,0.00033400283427909017,3.5590419938671403,3.5645829993882217,False,0.9996934,1.0,True,1.0,1.0,1.0,73.0,73.0,73.0,False,False,False,False
7193,5.95,True,0.0005409965524449944,0.005374997272156179,0.00037500285543501377,0.0002500019036233425,0.0004169996827840805,3.60670800000662,3.614291999838315,False,0.99997501,1.0,True,1.0,1.0,1.0,5.95,5.95,5.95,False,False,False,False
7197,499.0,True,0.0003749955794773996,0.00516599538968876,0.00033400283427909017,0.0002500019036233425,0.00033299875212833285,7.39137499476783,7.398375004413538,False,0.9979042,0.9956198618696579,True,1.0,1.0,1.0,100.0,100.0,100.0,False,False,False,False
7207,23.0,True,0.0006249974831007421,0.005292000423651189,0.000333995558321476,0.0002090018824674189,0.00033400283427909017,3.6154169938527048,3.6227079981472343,False,0.9999034,0.9776902750034382,True,0.9776902750034382,0.9776902750034382,0.9776902750034382,23.0,23.0,23.0,False,False,False,False
7218,291.41,True,0.0005830006557516754,0.0054580013966187835,0.00029200600693002343,0.00029199873097240925,0.0004579997039400041,7.050165993859991,7.057833994622342,False,0.998776078,1.0,True,1.0,1.0,1.0,100.0,100.0,100.0,False,False,False,False
7220,382.0,True,0.00016600097296759486,0.0032910029403865337,0.00012500095181167126,0.00012500095181167126,0.00037500285543501377,7.187584000348579,7.192042001406662,False,0.9983956,1.0,True,1.0,1.0,1.0,100.0,100.0,100.0,False,False,False,False
7222,140.0,True,0.0005420006345957518,0.005083005817141384,0.00029199873097240925,0.00024999462766572833,0.0004170069587416947,6.99854100093944,7.005666004261002,False,0.999412,1.0,True,1.0,1.0,1.0,100.0,100.0,100.0,False,False,False,False
7225,59.33,True,0.0002079978003166616,0.0023750035325065255,0.00016600097296759486,0.000166997779160738,0.00033299875212833285,3.6499160050880164,3.6536249972414225,False,0.999750814,0.7854709696925053,True,0.7854709696925053,0.7854709696925053,0.7854709696925053,59.33,59.33,59.33,True,True,True,True
7226,336.66,True,0.000333995558321476,0.003541994374245405,0.0002500019036233425,0.00016600097296759486,0.00037500285543501377,7.293208000191953,7.298458003788255,False,0.998586028,0.7784514610426163,True,0.8940181450675031,0.8940181450675031,0.8940181450675031,100.0,100.0,100.0,True,True,True,True
7229,113.0,True,0.00045899651013314724,0.005249996320344508,0.00037500285543501377,0.00029199873097240925,0.0004159956006333232,7.530957998824306,7.538333004049491,False,0.9995254,0.8636911696169393,True,0.8684136752395771,0.8684136752395771,0.8684136752395771,100.0,100.0,100.0,True,True,True,True
7252,283.75,True,8.299684850499034e-05,0.0019169965526089072,8.400093065574765e-05,0.00016600097296759486,0.00037500285543501377,7.042790995910764,7.045708996884059,False,0.99880825,1.0,True,1.0,1.0,1.0,100.0,100.0,100.0,False,False,False,False
7260,69.0,True,0.000166997779160738,0.002125001628883183,0.00012499367585405707,0.00012500095181167126,0.00033400283427909017,3.5124170026392676,3.51550000050338,False,0.9997102,1.0,True,1.0,1.0,1.0,69.0,69.0,69.0,False,False,False,False
7262,21.36,True,0.0005420006345957518,0.005333997251000255,0.00029200600693002343,0.00020899460650980473,0.00033400283427909017,3.8062919993535616,3.81362500047544,False,0.999910288,0.8509086778717327,True,0.8509086778717327,0.8509086778717327,0.8509086778717327,21.36,21.36,21.36,True,True,True,True
7268,110.0,True,0.00012500095181167126,0.002125001628883183,0.00012500095181167126,0.00012500095181167126,0.0002500019036233425,7.152207996114157,7.155291001254227,False,0.999538,0.9120512982916331,True,0.9146170005538099,0.9146170005538099,0.9146170005538099,100.0,100.0,100.0,False,False,False,False
7270,33.0,True,0.0002500019036233425,0.003040993760805577,0.0002079978003166616,0.00012500095181167126,0.00037500285543501377,3.6547090057865717,3.659207999589853,False,0.9998614,1.0,True,1.0,1.0,1.0,33.0,33.0,33.0,False,False,False,False
7272,300.0,True,0.0005410038284026086,0.004624998837243766,0.000333995558321476,0.0002090018824674189,0.00029199873097240925,6.999874996836297,7.00650000362657,False,0.99874,1.0,True,1.0,1.0,1.0,100.0,100.0,100.0,False,False,False,False
7274,100.0,True,0.0006249974831007421,0.00758399983169511,0.00037500285543501377,0.0002500019036233425,0.0004590037860907614,3.782667001360096,3.792542003793642,False,0.99958,1.0,True,1.0,1.0,1.0,100.0,100.0,100.0,False,False,False,False
7280,40.4,True,0.000500003807246685,0.005207999492995441,0.00033299875212833285,0.00020800507627427578,0.0005420006345957518,3.608833998441696,3.6161250027362257,False,0.99983032,1.0,True,1.0,1.0,1.0,40.4,40.4,40.4,False,False,False,False
7291,482.5,True,0.00037500285543501377,0.005083005817141384,0.00037500285543501377,0.0002500019036233425,0.00037500285543501377,7.08070800465066,7.087832993420307,False,0.9979735,1.0,True,1.0,1.0,1.0,100.0,100.0,100.0,False,False,False,False
7306,1184.46,True,8.300412446260452e-05,0.0021660016500391066,8.299684850499034e-05,8.299684850499034e-05,0.00033299875212833285,7.52249999641208,7.5257089993101545,False,0.995025268,0.8658338204893632,True,1.0,1.0,1.0,100.0,100.0,100.0,True,False,False,False
7324,325.0,True,0.00016600097296759486,0.0022079984773881733,0.00012500095181167126,8.299684850499034e-05,0.0004579997039400041,7.181583998317365,7.185041999036912,False,0.998635,1.0,True,1.0,1.0,1.0,100.0,100.0,100.0,False,False,False,False
7325,109.0,True,0.0005420006345957518,0.004875000740867108,0.00033299875212833285,0.0002500019036233425,0.00033300602808594704,7.4651249960879795,7.471958000678569,False,0.9995422,0.8913681038654462,True,0.8940181450675031,0.8940181450675031,0.8940181450675031,100.0,100.0,100.0,True,True,True,True
7329,359.67,True,0.000166997779160738,0.0025420013116672635,0.000166997779160738,0.000166997779160738,0.0004159956006333232,6.888832998811267,6.892582998261787,False,0.998489386,1.0,True,1.0,1.0,1.0,100.0,100.0,100.0,False,False,False,False
7330,146.15,True,0.00033400283427909017,0.003958004526793957,0.0002500019036233425,0.00016600097296759486,0.00029199873097240925,7.381291994533967,7.386792000033893,False,0.99938617,0.8794703661527982,True,0.8940181450675031,0.8940181450675031,0.8940181450675031,100.0,100.0,100.0,True,True,True,True
7339,318.38,True,0.000166997779160738,0.0022079984773881733,0.00012500095181167126,0.00012500095181167126,0.00033299875212833285,6.743958001607098,6.747250001353677,False,0.998662804,1.0,True,1.0,1.0,1.0,100.0,100.0,100.0,False,False,False,False
7349,63.06,True,0.00012499367585405707,0.001957996573764831,8.299684850499034e-05,8.299684850499034e-05,0.00029199873097240925,3.789083995798137,3.791915994952433,False,0.999735148,0.9321512578350746,True,0.9321512578350746,0.9321512578350746,0.9321512578350746,63.06,63.06,63.06,False,False,False,False
7352,31.0,True,0.0005839974619448185,0.005041001713834703,0.00033299875212833285,0.00020800507627427578,0.0003749955794773996,3.7393340026028454,3.7462499967659824,False,0.9998698,1.0,True,1.0,1.0,1.0,31.0,31.0,31.0,False,False,False,False
7378,35.2,True,0.0005830006557516754,0.005166002665646374,0.0004160028765909374,0.0002500019036233425,0.00037500285543501377,3.701999994518701,3.7093749997438863,False,0.99985216,0.8021684631375287,True,0.8021684631375287,0.8021684631375287,0.8021684631375287,35.2,35.2,35.2,True,True,True,True
7386,382.93,True,0.00012500095181167126,0.002291002601850778,8.300412446260452e-05,8.300412446260452e-05,0.00033299875212833285,7.113666993973311,7.116958004189655,False,0.998391694,1.0,True,1.0,1.0,1.0,100.0,100.0,100.0,False,False,False,False
7388,91.0,True,0.0005409965524449944,0.0054580013966187835,0.00037500285543501377,0.0002500019036233425,0.00037500285543501377,3.8521250025951304,3.8596250014961697,False,0.9996178,0.8486187915304177,True,0.8486187915304177,0.8486187915304177,0.8486187915304177,91.0,91.0,91.0,True,True,True,True
7393,372.34,True,0.0002079978003166616,0.002624998160172254,8.300412446260452e-05,0.00012500095181167126,0.0003749955794773996,7.581666002806742,7.585583000036422,False,0.998436172,0.8601113682767659,True,0.9401831759410586,0.9401831759410586,0.9401831759410586,100.0,100.0,100.0,True,False,False,False
7394,107.86,True,0.0004579997039400041,0.004292000085115433,0.00029199873097240925,0.00024999462766572833,0.00029200600693002343,7.350708001467865,7.3567910003475845,False,0.999546988,0.8500035413739505,True,0.8532230366532213,0.8532230366532213,0.8532230366532213,100.0,100.0,100.0,True,True,True,True
7397,957.33,True,0.00016700505511835217,0.002458000381011516,0.00012499367585405707,8.400093065574765e-05,0.00033400283427909017,7.317374998820014,7.321041004615836,False,0.995979214,0.9522794667829058,True,1.0,1.0,1.0,100.0,100.0,100.0,False,False,False,False
7398,29.0,True,0.0005419933586381376,0.03233300230931491,0.0004159956006333232,0.0002500019036233425,0.0002910019247792661,3.5512079994077794,3.5856250033248216,False,0.9998782,1.0,True,1.0,1.0,1.0,29.0,29.0,29.0,False,False,False,False
7402,15.0,True,0.0004579997039400041,0.00508299854118377,0.00033299875212833285,0.0002079978003166616,0.0003749955794773996,3.5765830034506507,3.58362500264775,False,0.999937,1.0,True,1.0,1.0,1.0,15.0,15.0,15.0,False,False,False,False
7421,297.0,True,0.00020800507627427578,0.0022500025806948543,8.299684850499034e-05,8.299684850499034e-05,0.00033299875212833285,6.992750000790693,6.9961249973857775,False,0.9987526,1.0,True,1.0,1.0,1.0,100.0,100.0,100.0,False,False,False,False
7422,13.0,True,0.000500003807246685,0.004250003257766366,0.0002079978003166616,0.000166997779160738,0.00029199873097240925,3.8278330030152574,3.8337499936460517,False,0.9999454,1.0,True,1.0,1.0,1.0,13.0,13.0,13.0,False,False,False,False
7472,3.0,True,0.00012500095181167126,0.0018749997252598405,0.00012500095181167126,8.400093065574765e-05,0.000333995558321476,3.7299999967217445,3.733041994564701,False,0.9999874,1.0,True,1.0,1.0,1.0,3.0,3.0,3.0,False,False,False,False
7481,39.0,True,0.000166997779160738,0.0020830048015341163,8.300412446260452e-05,0.00012500095181167126,0.0002910019247792661,3.579290998459328,3.582375000405591,False,0.9998362,1.0,True,1.0,1.0,1.0,39.0,39.0,39.0,False,False,False,False
7490,40.0,True,0.00020800507627427578,0.002624998160172254,8.299684850499034e-05,0.000166997779160738,0.00037500285543501377,3.891792002832517,3.8956659991526976,False,0.999832,0.8434506114822519,True,0.8434506114822519,0.8434506114822519,0.8434506114822519,40.0,40.0,40.0,True,True,True,True
7537,62.0,True,0.0006249974831007421,0.00508299854118377,0.0004579997039400041,0.0002079978003166616,0.0003749955794773996,3.6602079999283887,3.667499993753154,False,0.9997396,1.0,True,1.0,1.0,1.0,62.0,62.0,62.0,False,False,False,False
7597,345.0,True,0.00012500095181167126,0.002291002601850778,8.300412446260452e-05,8.300412446260452e-05,0.0004169996827840805,7.558958001027349,7.562500002677552,False,0.998551,0.8234556697434333,True,0.9146170005538099,0.9146170005538099,0.9146170005538099,100.0,100.0,100.0,True,False,False,False
7603,621.06,True,0.00016700505511835217,0.0023749962565489113,8.300412446260452e-05,0.00012500095181167126,0.00033400283427909017,7.516165998822544,7.519582999520935,False,0.997391548,0.8378830059027894,True,0.9797611294690362,0.9797611294690362,0.9797611294690362,100.0,100.0,100.0,True,False,False,False
7604,102.0,True,0.0003749955794773996,0.0038750004023313522,0.00020899460650980473,0.00016700505511835217,0.0004160028765909374,7.146167001337744,7.151666999561712,False,0.9995716,1.0,True,1.0,1.0,1.0,100.0,100.0,100.0,False,False,False,False
7605,714.78,True,0.0002079978003166616,0.004499997885432094,0.0002500019036233425,0.00024999462766572833,0.00033400283427909017,7.079541996063199,7.085666002240032,False,0.996997924,0.9959684432949506,True,1.0,1.0,1.0,100.0,100.0,100.0,False,False,False,False
7606,55.67,True,0.0004169996827840805,0.004292000085115433,0.0002500019036233425,0.0002079978003166616,0.00033299875212833285,3.782250001677312,3.7882910037296824,False,0.999766186,1.0,True,1.0,1.0,1.0,55.67,55.67,55.67,False,False,False,False
7610,361.9,True,0.000166997779160738,0.002540997229516506,8.300412446260452e-05,0.00016700505511835217,0.000333995558321476,7.130958001653198,7.134583996958099,False,0.99848002,1.0,True,1.0,1.0,1.0,100.0,100.0,100.0,False,False,False,False
7611,63.2,True,0.0004159956006333232,0.004041001375298947,0.0002079978003166616,0.00016599369700998068,0.00033299875212833285,3.7962920032441616,3.80195899924729,False,0.99973456,0.7823845450945078,True,0.7823845450945078,0.7823845450945078,0.7823845450945078,63.2,63.2,63.2,True,True,True,True
7630,331.83,True,0.00016600097296759486,0.0020840016077272594,0.00012500095181167126,8.400093065574765e-05,0.000333995558321476,7.470666998415254,7.473750003555324,False,0.998606314,0.9384110445324898,True,0.9797611294690362,0.9797611294690362,0.9797611294690362,100.0,100.0,100.0,False,False,False,False
7631,45.45,True,0.0004169996827840805,0.004292000085115433,0.00033299875212833285,0.0002500019036233425,0.00037500285543501377,3.5123750058119185,3.518500001518987,False,0.99980911,1.0,True,1.0,1.0,1.0,45.45,45.45,45.45,False,False,False,False
7638,25.5,True,0.00012500095181167126,0.002291999408043921,8.400093065574765e-05,0.00016700505511835217,0.00033299875212833285,3.775999997742474,3.7793750016135164,False,0.9998929,1.0,True,1.0,1.0,1.0,25.5,25.5,25.5,False,False,False,False
7648,296.29,True,0.0004170069587416947,0.004292000085115433,0.00029199873097240925,0.0002079978003166616,0.00033299875212833285,7.082500000251457,7.088541999110021,False,0.998755582,1.0,True,1.0,1.0,1.0,100.0,100.0,100.0,False,False,False,False
7655,474.0,True,0.00033299875212833285,0.005540998245123774,0.00037500285543501377,0.00029099464882165194,0.0003749955794773996,7.279957993887365,7.287375003215857,False,0.9980092,1.0,True,1.0,1.0,1.0,100.0,100.0,100.0,False,False,False,False
7656,157.0,True,0.0004579997039400041,0.004707995685748756,0.00033299875212833285,0.0002079978003166616,0.0003749955794773996,7.747208001092076,7.753625002806075,False,0.9993406,1.0,True,1.0,1.0,1.0,100.0,100.0,100.0,False,False,False,False
7665,233.0,True,0.0005420006345957518,0.005374997272156179,0.00033300602808594704,0.0002910019247792661,0.00037500285543501377,7.355125002504792,7.362582997302525,False,0.9990214,1.0,True,1.0,1.0,1.0,100.0,100.0,100.0,False,False,False,False
7686,62.0,True,0.0003749955794773996,0.004707995685748756,0.00024999462766572833,0.0002079978003166616,0.00037500285543501377,3.705957999045495,3.7123750007594936,False,0.9997396,0.9045163314863802,True,0.9045163314863802,0.9045163314863802,0.9045163314863802,62.0,62.0,62.0,False,False,False,False
7688,107.71,True,0.000500003807246685,0.005207999492995441,0.00033299875212833285,0.00020800507627427578,0.00033299875212833285,7.5746250004158355,7.58174999646144,False,0.999547618,0.9126441436375072,True,0.9146170005538099,0.9146170005538099,0.9146170005538099,100.0,100.0,100.0,False,False,False,False
7708,286.44,True,0.000166997779160738,0.0023749962565489113,0.000166997779160738,0.00012500095181167126,0.00029199873097240925,7.0697909977752715,7.073416003549937,False,0.998796952,0.9856823699033845,True,0.9999196673918644,0.9999196673918644,0.9999196673918644,100.0,100.0,100.0,False,False,False,False
7736,362.0,True,0.00012500095181167126,0.0019999934011138976,4.200410330668092e-05,0.00016600097296759486,0.00033400283427909017,7.210999996459577,7.214042001578491,False,0.9984796,1.0,True,1.0,1.0,1.0,100.0,100.0,100.0,False,False,False,False
7738,85.0,True,0.0006249974831007421,0.005333000444807112,0.0003749955794773996,0.00024999462766572833,0.0004580069798976183,3.581083001336083,3.5886249970644712,False,0.999643,1.0,True,1.0,1.0,1.0,85.0,85.0,85.0,False,False,False,False
7741,280.0,True,0.0002079978003166616,0.002749999111983925,0.0002090018824674189,0.00012500095181167126,0.00029199873097240925,7.26408300397452,7.268082998052705,False,0.998824,1.0,True,1.0,1.0,1.0,100.0,100.0,100.0,False,False,False,False
7742,44.0,True,0.0005420006345957518,0.005000001692678779,0.00029200600693002343,0.0002079978003166616,0.0003749955794773996,3.5996250007883646,3.60670800000662,False,0.9998152,0.9142029831525608,True,0.9142029831525608,0.9142029831525608,0.9142029831525608,44.0,44.0,44.0,False,False,False,False
7748,20.0,True,0.0006249974831007421,0.005500005499925464,0.00037500285543501377,0.0002500019036233425,0.0003749955794773996,3.7159580024308525,3.7236670032143593,False,0.999916,0.9886772081670901,True,0.9886772081670901,0.9886772081670901,0.9886772081670901,20.0,20.0,20.0,False,False,False,False
7752,319.0,True,0.000166997779160738,0.0025000044843181968,0.00012500095181167126,0.000166997779160738,0.00037500285543501377,7.368750004388858,7.372415995632764,False,0.9986602,0.880874993247084,True,0.9401831759410586,0.9401831759410586,0.9401831759410586,100.0,100.0,100.0,True,False,False,False
7753,39.6,True,0.0004160028765909374,0.004082998202648014,0.0002079978003166616,0.00012500095181167126,0.00033299875212833285,3.360375005286187,3.3660000044619665,False,0.99983368,1.0,True,1.0,1.0,1.0,39.6,39.6,39.6,False,False,False,False
7776,25.0,True,0.0002079978003166616,0.0024170003598555923,0.00012500095181167126,0.000166997779160738,0.0004169996827840805,3.6876250014756806,3.6912919968017377,False,0.999895,0.8726797764359453,True,0.8726797764359453,0.8726797764359453,0.8726797764359453,25.0,25.0,25.0,True,True,True,True
7779,109.0,True,0.0005839974619448185,0.00549999822396785,0.00033299875212833285,0.00033299875212833285,0.0004170069587416947,7.060832998831756,7.0684579986846074,False,0.9995422,0.9995609875333923,True,0.9999196673918644,0.9999196673918644,0.9999196673918644,100.0,100.0,100.0,False,False,False,False
7791,340.0,True,0.00016700505511835217,0.002082997525576502,8.299684850499034e-05,8.299684850499034e-05,0.00033300602808594704,7.489000003261026,7.492165997973643,False,0.998572,0.9064380621691037,True,0.9609244451109185,0.9609244451109185,0.9609244451109185,100.0,100.0,100.0,False,False,False,False
7792,389.0,True,0.00029200600693002343,0.004333000106271356,0.0002500019036233425,0.0002090018824674189,0.00033400283427909017,7.0435420057037845,7.049500003631692,False,0.9983662,1.0,True,1.0,1.0,1.0,100.0,100.0,100.0,False,False,False,False
7793,112.0,True,0.0006249974831007421,0.004958004865329713,0.0002910019247792661,0.0002500019036233425,0.00037500285543501377,7.2072909970302135,7.2143330035032704,False,0.9995296,1.0,True,1.0,1.0,1.0,100.0,100.0,100.0,False,False,False,False
7799,364.0,True,0.00016600097296759486,0.0021669984562322497,8.400093065574765e-05,0.000166997779160738,0.00037500285543501377,6.944959000975359,6.948250003915746,False,0.9984712,0.9722125033589776,True,0.9992122092123257,0.9992122092123257,0.9992122092123257,100.0,100.0,100.0,False,False,False,False
7800,100.0,True,0.00037500285543501377,0.003792003553826362,0.00020899460650980473,0.00012500095181167126,0.0003749955794773996,3.5278750001452863,3.533207993314136,False,0.99958,1.0,True,1.0,1.0,1.0,100.0,100.0,100.0,False,False,False,False
7809,148.0,True,0.0005420006345957518,0.004958004865329713,0.00033299875212833285,0.0002079978003166616,0.00033300602808594704,7.122875002096407,7.129833000362851,False,0.9993784,0.9979442974844501,True,0.9999196673918644,0.9999196673918644,0.9999196673918644,100.0,100.0,100.0,False,False,False,False
7812,56.09,True,0.0005410038284026086,0.00516599538968876,0.0002910019247792661,0.00029200600693002343,0.0004579997039400041,3.6942920050933026,3.701709007145837,False,0.999764422,0.9060590782235447,True,0.9060590782235447,0.9060590782235447,0.9060590782235447,56.09,56.09,56.09,False,False,False,False
7813,351.29,True,0.00033300602808594704,0.004583002009894699,0.0002500019036233425,0.0002500019036233425,0.00037500285543501377,7.110500002454501,7.116749999113381,False,0.998524582,1.0,True,1.0,1.0,1.0,100.0,100.0,100.0,False,False,False,False
7818,414.0,True,0.00016599369700998068,0.0022079984773881733,0.00012500095181167126,0.00012500095181167126,0.00033299875212833285,6.938374994206242,6.9417080012499355,False,0.9982612,0.9688270389751579,True,1.0,1.0,1.0,100.0,100.0,100.0,False,False,False,False
7819,81.0,True,0.0004169996827840805,0.0049579975893720984,0.00029199873097240925,0.00024999462766572833,0.00033400283427909017,3.4864589979406446,3.4932080016005784,False,0.9996598,0.999968927899324,True,0.999968927899324,0.999968927899324,0.999968927899324,81.0,81.0,81.0,False,False,False,False
7821,469.0,True,0.0002910019247792661,0.004750007065013051,0.00029199873097240925,0.0002079978003166616,0.00033299875212833285,6.923082997673191,6.929542003490496,False,0.9980302,0.995679431859816,True,1.0,1.0,1.0,100.0,100.0,100.0,False,False,False,False
7824,28.0,True,0.0006250047590583563,0.00549999822396785,0.00033299875212833285,0.00020800507627427578,0.00033299875212833285,3.653499996289611,3.6610420065699145,False,0.9998824,1.0,True,1.0,1.0,1.0,28.0,28.0,28.0,False,False,False,False
7826,228.5,True,0.0002500019036233425,0.003082997864112258,0.0002079978003166616,0.00020800507627427578,0.00033299875212833285,7.358583003224339,7.3630420010886155,False,0.9990403,0.8881599302626774,True,0.9237376331502339,0.9237376331502339,0.9237376331502339,100.0,100.0,100.0,True,False,False,False
7839,419.0,True,0.00016600097296759486,0.0022080057533457875,8.299684850499034e-05,8.299684850499034e-05,0.00033299875212833285,6.969333000597544,6.972541996219661,False,0.9982402,1.0,True,1.0,1.0,1.0,100.0,100.0,100.0,False,False,False,False
7841,129.0,True,0.0004999965312890708,0.004916000762023032,0.00033299875212833285,0.0002500019036233425,0.00033299875212833285,6.885999995574821,6.892791003338061,False,0.9994582,1.0,True,1.0,1.0,1.0,100.0,100.0,100.0,False,False,False,False
7846,418.0,True,0.000166997779160738,0.003082997864112258,0.00016600097296759486,8.299684850499034e-05,0.00029199873097240925,7.362083000771236,7.366457997704856,False,0.9982444,1.0,True,1.0,1.0,1.0,100.0,100.0,100.0,False,False,False,False
7847,418.0,True,0.00033299875212833285,0.005292000423651189,0.00029199873097240925,0.0002079978003166616,0.00033299875212833285,7.51904200296849,7.525958004407585,False,0.9982444,0.7966400953884639,True,0.9237376331502339,0.9237376331502339,0.9237376331502339,100.0,100.0,100.0,True,False,False,False
7848,962.81,True,0.0002910019247792661,0.00470800296170637,0.00033299875212833285,0.0002079978003166616,0.00033400283427909017,7.189374999143183,7.19566699990537,False,0.995956198,0.9227046391921387,True,1.0,1.0,1.0,100.0,100.0,100.0,False,False,False,False
7849,141.82,True,0.0005419933586381376,0.004749999789055437,0.00029199873097240925,0.00033299875212833285,0.0003749955794773996,7.58687499910593,7.593624999572057,False,0.999404356,0.874560123611841,True,0.8880973597911049,0.8880973597911049,0.8880973597911049,100.0,100.0,100.0,True,True,True,True
7860,40.05,True,0.0004999965312890708,0.00508299854118377,0.00029199873097240925,0.0002500019036233425,0.0004160028765909374,3.5130000032950193,3.520082995237317,False,0.99983179,1.0,True,1.0,1.0,1.0,40.05,40.05,40.05,False,False,False,False
7868,12.0,True,0.00016600097296759486,0.0023329994291998446,8.299684850499034e-05,8.299684850499034e-05,0.00029199873097240925,3.5351249971427023,3.5385840019444004,False,0.9999496,0.9168972192980379,True,0.9168972192980379,0.9168972192980379,0.9168972192980379,12.0,12.0,12.0,False,False,False,False
7873,57.24,True,0.00012500095181167126,0.0021669984562322497,0.00016600097296759486,8.299684850499034e-05,0.00029199873097240925,3.7043330012238584,3.707666000991594,False,0.999759592,1.0,True,1.0,1.0,1.0,57.24,57.24,57.24,False,False,False,False
7876,8.0,True,0.0002079978003166616,0.0025420013116672635,0.00012500095181167126,8.400093065574765e-05,0.00029199873097240925,3.6541669978760183,3.6577089995262213,False,0.9999664,0.9570086711002285,True,0.9570086711002285,0.9570086711002285,0.9570086711002285,8.0,8.0,8.0,False,False,False,False
7883,200.0,True,0.00037500285543501377,0.0051249953685328364,0.00033400283427909017,0.00033400283427909017,0.000333995558321476,7.715166997513734,7.722166999883484,False,0.99916,0.96452683745666,True,0.9797611294690362,0.9797611294690362,0.9797611294690362,100.0,100.0,100.0,False,False,False,False
7912,459.0,True,0.000166997779160738,0.0020830048015341163,8.300412446260452e-05,8.300412446260452e-05,0.00033299875212833285,7.2795419982867315,7.282582999323495,False,0.9980722,0.9738994980468976,True,1.0,1.0,1.0,100.0,100.0,100.0,False,False,False,False
7927,8.0,True,0.0005410038284026086,0.00508299854118377,0.00029200600693002343,0.0002079978003166616,0.00033300602808594704,3.4777920009219088,3.484792003291659,False,0.9999664,1.0,True,1.0,1.0,1.0,8.0,8.0,8.0,False,False,False,False
7935,241.06,True,0.0002079978003166616,0.0023329994291998446,0.00012500095181167126,0.00012500095181167126,0.000333995558321476,7.636499998625368,7.639957999344915,False,0.998987548,0.7838047552458716,True,0.8610658335900354,0.8610658335900354,0.8610658335900354,100.0,100.0,100.0,True,True,True,True
7960,4.0,True,0.0006249974831007421,0.00549999822396785,0.000333995558321476,0.00029200600693002343,0.0004160028765909374,3.6982079982408322,3.70587500219699,False,0.9999832,0.8977738726485496,True,0.8977738726485496,0.8977738726485496,0.8977738726485496,4.0,4.0,4.0,True,True,True,True
7969,104.5,True,0.0005420006345957518,0.004624998837243766,0.00033299875212833285,0.000166997779160738,0.00037500285543501377,7.730792000074871,7.73733299865853,False,0.9995611,0.7632213000671159,True,0.7680093342580133,0.7680093342580133,0.7680093342580133,100.0,100.0,100.0,True,True,True,True
7971,14.25,True,0.0004999965312890708,0.0052910036174580455,0.0003749955794773996,0.0002500019036233425,0.0003749955794773996,3.856292001728434,3.8637080069747753,False,0.99994015,0.9562237552558436,True,0.9562237552558436,0.9562237552558436,0.9562237552558436,14.25,14.25,14.25,False,False,False,False
8008,455.93,True,0.00037500285543501377,0.005333000444807112,0.00033299875212833285,0.00020800507627427578,0.00033299875212833285,7.168083000578918,7.175165999797173,False,0.998085094,0.9994188469743065,True,1.0,1.0,1.0,100.0,100.0,100.0,False,False,False,False
8042,400.5,True,0.00016600097296759486,0.002082997525576502,8.299684850499034e-05,0.00012500095181167126,0.0004169996827840805,7.36666600278113,7.369999999355059,False,0.9983179,1.0,True,1.0,1.0,1.0,100.0,100.0,100.0,False,False,False,False
8062,32.0,True,0.0006669943104498088,0.00508299854118377,0.0002500019036233425,0.0002090018824674189,0.00033400283427909017,3.517625002132263,3.5246250045020133,False,0.9998656,1.0,True,1.0,1.0,1.0,32.0,32.0,32.0,False,False,False,False
8073,300.0,True,0.00012500095181167126,0.002458000381011516,8.299684850499034e-05,0.00016599369700998068,0.0002500019036233425,7.197500002803281,7.201000000350177,False,0.99874,1.0,True,1.0,1.0,1.0,100.0,100.0,100.0,False,False,False,False
8084,372.0,True,0.00012500095181167126,0.0024579931050539017,0.00012500095181167126,8.300412446260452e-05,0.00029199873097240925,6.948708003619686,6.952290998015087,False,0.9984376,1.0,True,1.0,1.0,1.0,100.0,100.0,100.0,False,False,False,False
8085,49.0,True,0.00033300602808594704,0.0033329997677356005,0.0002500019036233425,0.000166997779160738,0.0002500019036233425,3.369042002304923,3.3737920020939782,False,0.9997942,1.0,True,1.0,1.0,1.0,49.0,49.0,49.0,False,False,False,False
8086,262.14,True,0.0005830006557516754,0.0055829950724728405,0.0003749955794773996,0.011916999937966466,0.001624997821636498,7.123499999579508,7.145166004193015,False,0.998899012,1.0,True,1.0,1.0,1.0,100.0,100.0,100.0,False,False,False,False
8092,750.0,True,0.00012500095181167126,0.0022079984773881733,8.299684850499034e-05,0.00012500095181167126,0.003125001967418939,6.883540998387616,6.8895840013283305,False,0.99685,0.9416315373211497,True,1.0,1.0,1.0,100.0,100.0,100.0,False,False,False,False
8093,70.0,True,0.0004159956006333232,0.003916997229680419,0.0002500019036233425,0.00012500095181167126,0.00037500285543501377,3.779165999731049,3.7847080020583235,False,0.999706,1.0,True,1.0,1.0,1.0,70.0,70.0,70.0,False,False,False,False
8094,293.0,True,0.0004160028765909374,0.004374996933620423,0.00029199873097240925,0.00020899460650980473,0.00033400283427909017,6.887916999403387,6.894082995131612,False,0.9987694,1.0,True,1.0,1.0,1.0,100.0,100.0,100.0,False,False,False,False
8095,6.0,True,0.00033299875212833285,0.004290996002964675,0.00024999462766572833,0.000166997779160738,0.0003749955794773996,3.528834000462666,3.5348340024938807,False,0.9999748,1.0,True,1.0,1.0,1.0,6.0,6.0,6.0,False,False,False,False
8096,364.0,True,0.00033400283427909017,0.004083995008841157,0.00029200600693002343,0.0002500019036233425,0.00029199873097240925,7.110083002771717,7.115790998796001,False,0.9984712,1.0,True,1.0,1.0,1.0,100.0,100.0,100.0,False,False,False,False
8102,430.0,True,0.0003749955794773996,0.005792004230897874,0.00037500285543501377,0.00037500285543501377,0.0004579997039400041,6.906333001097664,6.914167002832983,False,0.998194,1.0,True,1.0,1.0,1.0,100.0,100.0,100.0,False,False,False,False
8103,110.0,True,0.0006249974831007421,0.004250003257766366,0.00033299875212833285,0.000166997779160738,0.00033299875212833285,7.168875003117137,7.175166996603366,False,0.999538,1.0,True,1.0,1.0,1.0,100.0,100.0,100.0,False,False,False,False
8108,395.0,True,0.00016600097296759486,0.0025000044843181968,0.00012500095181167126,0.00016600097296759486,0.0004169996827840805,7.330917003855575,7.334583002375439,False,0.998341,0.7488746667444363,True,0.9047710926081675,0.9047710926081675,0.9047710926081675,100.0,100.0,100.0,True,False,False,False
8109,83.0,True,0.00033299875212833285,0.004125002305954695,0.0002500019036233425,0.000166997779160738,0.00029200600693002343,3.5106659997836687,3.5163329957867973,False,0.9996514,0.981849416374624,True,0.981849416374624,0.981849416374624,0.981849416374624,83.0,83.0,83.0,False,False,False,False
8117,56.9,True,0.0005420006345957518,0.0046670029405504465,0.00033299875212833285,0.0002090018824674189,0.00037500285543501377,3.518749996146653,3.5254579997854307,False,0.99976102,1.0,True,1.0,1.0,1.0,56.9,56.9,56.9,False,False,False,False
8118,298.0,True,0.00037500285543501377,0.0045000051613897085,0.00024999462766572833,0.00020800507627427578,0.00029199873097240925,7.1007919978001155,7.106834003934637,False,0.9987484,0.8304831963482376,True,0.9047710926081675,0.9047710926081675,0.9047710926081675,100.0,100.0,100.0,True,False,False,False
8124,26.84,True,0.000166997779160738,0.002334003511350602,8.399365469813347e-05,0.00016700505511835217,0.00033299875212833285,3.788041998632252,3.791457995248493,False,0.999887272,0.9881954118834685,True,0.9881954118834685,0.9881954118834685,0.9881954118834685,26.84,26.84,26.84,False,False,False,False
8133,274.0,True,0.0002079978003166616,0.0023330067051574588,0.00016600097296759486,0.00012500095181167126,0.0004169996827840805,7.582459002151154,7.586042003822513,False,0.9988492,0.7697203733123277,True,0.8684136752395771,0.8684136752395771,0.8684136752395771,100.0,100.0,100.0,True,True,True,True
8136,31.0,True,0.0002500019036233425,0.0026669949875213206,0.00012500095181167126,0.000166997779160738,0.000333995558321476,3.737457998795435,3.741417000128422,False,0.9998698,1.0,True,1.0,1.0,1.0,31.0,31.0,31.0,False,False,False,False
8151,347.52,True,0.00016600097296759486,0.0024170003598555923,0.00012499367585405707,8.299684850499034e-05,0.00033299875212833285,7.396749999315944,7.40024999686284,False,0.998540416,0.8405576443138213,True,0.9237376331502339,0.9237376331502339,0.9237376331502339,100.0,100.0,100.0,True,False,False,False
8152,121.0,True,0.0004999965312890708,0.0051249953685328364,0.00029199873097240925,0.0002500019036233425,0.00037500285543501377,7.349667001108173,7.356791997153778,False,0.9994918,0.9573092542101638,True,0.9609244451109185,0.9609244451109185,0.9609244451109185,100.0,100.0,100.0,False,False,False,False
8200,330.0,True,0.000166997779160738,0.0023329994291998446,0.00012500095181167126,0.000166997779160738,0.00037500285543501377,7.866542000556365,7.870082998124417,False,0.998614,0.9388354218334007,True,0.9797611294690362,0.9797611294690362,0.9797611294690362,100.0,100.0,100.0,False,False,False,False
8201,569.0,True,0.0004159956006333232,0.005832996976096183,0.0002910019247792661,0.00037500285543501377,0.0004579997039400041,7.416874999762513,7.424833995173685,False,0.9976102,1.0,True,1.0,1.0,1.0,100.0,100.0,100.0,False,False,False,False
8202,244.0,True,0.0005840047379024327,0.005041998520027846,0.00033400283427909017,0.000166997779160738,0.0004159956006333232,7.418792003591079,7.425916999636684,False,0.9989752,1.0,True,1.0,1.0,1.0,100.0,100.0,100.0,False,False,False,False
8203,476.75,True,0.0002500019036233425,0.0037919962778687477,0.000166997779160738,0.00012500095181167126,0.00033299875212833285,7.4905420042341575,7.495707999623846,False,0.99799765,0.9540966395752699,True,0.9999196673918644,0.9999196673918644,0.9999196673918644,100.0,100.0,100.0,False,False,False,False
8204,158.83,True,0.00037500285543501377,0.004374996933620423,0.0002500019036233425,0.000166997779160738,0.00037500285543501377,7.342208999034483,7.348375002038665,False,0.999332914,0.8360357841457653,True,0.8610658335900354,0.8610658335900354,0.8610658335900354,100.0,100.0,100.0,True,True,True,True
8206,250.0,True,0.0004579997039400041,0.004792003892362118,0.00029199873097240925,0.00016700505511835217,0.00033299875212833285,7.182792003732175,7.189291005488485,False,0.99895,0.9901075692260828,True,0.9999196673918644,0.9999196673918644,0.9999196673918644,100.0,100.0,100.0,False,False,False,False
8208,59.0,True,0.0006249974831007421,0.005041001713834703,0.0004169996827840805,0.0002090018824674189,0.0003749955794773996,3.733833000296727,3.741000000445638,False,0.9997522,0.9245478636538398,True,0.9245478636538398,0.9245478636538398,0.9245478636538398,59.0,59.0,59.0,False,False,False,False
8220,246.0,True,0.0005420006345957518,0.005416994099505246,0.00029199873097240925,0.0002079978003166616,0.00029199873097240925,7.617499999469146,7.62491599743953,False,0.9989668,0.8390711231899911,True,0.8940181450675031,0.8940181450675031,0.8940181450675031,100.0,100.0,100.0,True,True,True,True
8224,337.0,True,0.00029199873097240925,0.003125001967418939,0.00020800507627427578,0.000166997779160738,0.00033400283427909017,7.6841250047436915,7.688790996326134,False,0.9985846,0.7781157738542446,True,0.8940181450675031,0.8940181450675031,0.8940181450675031,100.0,100.0,100.0,True,True,True,True
8250,30.0,True,0.0004590037860907614,0.004541994712781161,0.0003749955794773996,0.00016700505511835217,0.00033299875212833285,4.637416997866239,4.643790998670738,False,0.999874,0.9126091579742966,True,0.9126091579742966,0.9126091579742966,0.9126091579742966,30.0,30.0,30.0,False,False,False,False
8253,88.0,True,0.00020899460650980473,0.0028329959604889154,0.00012500095181167126,0.00012500095181167126,0.00037500285543501377,3.6911660063196905,3.695249994052574,False,0.9996304,0.9426684879789119,True,0.9426684879789119,0.9426684879789119,0.9426684879789119,88.0,88.0,88.0,False,False,False,False
8327,52.18,True,0.00016599369700998068,0.0020840016077272594,8.400093065574765e-05,8.400093065574765e-05,0.00037500285543501377,3.6668750035460107,3.6700830023619346,False,0.999780844,1.0,True,1.0,1.0,1.0,52.18,52.18,52.18,False,False,False,False
8361,14.0,True,0.0005830006557516754,0.0054580013966187835,0.00037500285543501377,0.0002500019036233425,0.00037500285543501377,3.504166001221165,3.5117090010317042,False,0.9999412,1.0,True,1.0,1.0,1.0,14.0,14.0,14.0,False,False,False,False
8362,223.33,True,0.0004579997039400041,0.005000001692678779,0.00029199873097240925,0.00020800507627427578,0.00033299875212833285,7.134415995096788,7.141207999666221,False,0.999062014,1.0,True,1.0,1.0,1.0,100.0,100.0,100.0,False,False,False,False
8369,280.0,True,0.00012499367585405707,0.002125001628883183,0.00012500095181167126,0.000166997779160738,0.0004169996827840805,7.15416599996388,7.157416999689303,False,0.998824,1.0,True,1.0,1.0,1.0,100.0,100.0,100.0,False,False,False,False
8372,150.0,True,0.0004169996827840805,0.005125002644490451,0.00037500285543501377,0.00020899460650980473,0.00037500285543501377,7.0625410007778555,7.069624996802304,False,0.99937,1.0,True,1.0,1.0,1.0,100.0,100.0,100.0,False,False,False,False
8378,30.0,True,0.00016700505511835217,0.0023329994291998446,0.00012500095181167126,0.00012499367585405707,0.00033299875212833285,3.668582998216152,3.672000006190501,False,0.999874,0.8845008679016737,True,0.8845008679016737,0.8845008679016737,0.8845008679016737,30.0,30.0,30.0,True,True,True,True
8385,382.0,True,0.00012500095181167126,0.002624998160172254,0.00016600097296759486,0.000166997779160738,0.00033300602808594704,7.032916997559369,7.036708004307002,False,0.9983956,1.0,True,1.0,1.0,1.0,100.0,100.0,100.0,False,False,False,False
8390,247.0,True,0.0005420006345957518,0.005000001692678779,0.0004160028765909374,0.0002079978003166616,0.0003749955794773996,7.019124997896142,7.026250001217704,False,0.9989626,0.9388852497637432,True,0.9667758969914794,0.9667758969914794,0.9667758969914794,100.0,100.0,100.0,False,False,False,False
8391,397.44,True,0.0002079978003166616,0.0047909998102113605,0.00037500285543501377,0.00020800507627427578,0.0004160028765909374,7.327792001888156,7.3342920004506595,False,0.998330752,1.0,True,1.0,1.0,1.0,100.0,100.0,100.0,False,False,False,False
8392,153.67,True,0.0005409965524449944,0.005249996320344508,0.00037500285543501377,0.0002090018824674189,0.0004169996827840805,7.357959002547432,7.365334000496659,False,0.999354586,1.0,True,1.0,1.0,1.0,100.0,100.0,100.0,False,False,False,False
8395,381.0,True,0.00020899460650980473,0.0027089990908280015,0.00012500095181167126,0.00012500095181167126,0.00033299875212833285,7.629708001331892,7.633665998582728,False,0.9983998,0.7679043451160177,True,0.9047710926081675,0.9047710926081675,0.9047710926081675,100.0,100.0,100.0,True,False,False,False
8399,156.37,True,0.0006249974831007421,0.005458998202811927,0.00037500285543501377,0.00033299875212833285,0.0003749955794773996,6.947041001694743,6.9547080056509,False,0.999343246,1.0,True,1.0,1.0,1.0,100.0,100.0,100.0,False,False,False,False
8409,243.0,True,0.000166997779160738,0.0026670022634789348,0.00012500095181167126,0.00012499367585405707,0.00029200600693002343,7.064249999530148,7.068083999911323,False,0.9989794,1.0,True,1.0,1.0,1.0,100.0,100.0,100.0,False,False,False,False
8412,97.5,True,0.0004579997039400041,0.005041001713834703,0.00033299875212833285,0.0002079978003166616,0.0004580069798976183,3.6293750017648563,3.6363330000313,False,0.9995905,0.9152491772839623,True,0.9152491772839623,0.9152491772839623,0.9152491772839623,97.5,97.5,97.5,False,False,False,False
8427,212.0,True,0.0004579997039400041,0.005207999492995441,0.00029200600693002343,0.0002079978003166616,0.0003749955794773996,7.359916999121197,7.367041005636565,False,0.9991096,1.0,True,1.0,1.0,1.0,100.0,100.0,100.0,False,False,False,False
8440,282.0,True,0.00012500095181167126,0.0019169965526089072,8.300412446260452e-05,0.00012500095181167126,0.00037500285543501377,6.957666999369394,6.960667000385001,False,0.9988156,1.0,True,1.0,1.0,1.0,100.0,100.0,100.0,False,False,False,False
8453,223.0,True,0.0002910019247792661,0.003040993760805577,0.00016600097296759486,0.000166997779160738,0.00037500285543501377,7.357875001616776,7.362499993178062,False,0.9990634,1.0,True,1.0,1.0,1.0,100.0,100.0,100.0,False,False,False,False
8458,589.04,True,0.00012500095181167126,0.002540997229516506,8.300412446260452e-05,0.00012500095181167126,0.00033299875212833285,7.201915999758057,7.2054589982144535,False,0.997526032,1.0,True,1.0,1.0,1.0,100.0,100.0,100.0,False,False,False,False
8463,339.0,True,0.0002079978003166616,0.0026659981813281775,0.00012500095181167126,0.00016600097296759486,0.00029199873097240925,7.949958002427593,7.95391700376058,False,0.9985762,0.826925913013613,True,0.9146170005538099,0.9146170005538099,0.9146170005538099,100.0,100.0,100.0,True,False,False,False
8464,113.0,True,0.0004169996827840805,0.004791996616404504,0.00029200600693002343,0.000166997779160738,0.00037500285543501377,7.30341699818382,7.3100410008919425,False,0.9995254,1.0,True,1.0,1.0,1.0,100.0,100.0,100.0,False,False,False,False
8502,85.0,True,0.0005839974619448185,0.005292000423651189,0.000333995558321476,0.0002090018824674189,0.00037500285543501377,3.7973329963278957,3.8046659974497743,False,0.999643,0.8423318606684156,True,0.8423318606684156,0.8423318606684156,0.8423318606684156,85.0,85.0,85.0,True,True,True,True
8504,443.95,True,0.0002079978003166616,0.0028750000637955964,0.00016600097296759486,0.00012500095181167126,0.00029099464882165194,6.618459003220778,6.622542001423426,False,0.99813541,0.9764485407309041,True,1.0,1.0,1.0,100.0,100.0,100.0,False,False,False,False
8505,388.6,True,0.0002079978003166616,0.003958004526793957,0.00029199873097240925,0.00016700505511835217,0.00037500285543501377,7.03362500644289,7.039165997412056,False,0.99836788,0.9679614102178712,True,0.9992122092123257,0.9992122092123257,0.9992122092123257,100.0,100.0,100.0,False,False,False,False
8506,106.0,True,0.00037500285543501377,0.0038330035749822855,0.00020800507627427578,0.000166997779160738,0.00033299875212833285,7.123499999579508,7.128792000003159,False,0.9995548,0.9989683079306417,True,0.9992122092123257,0.9992122092123257,0.9992122092123257,100.0,100.0,100.0,False,False,False,False
8518,22.75,True,0.00016600097296759486,0.0020420047803781927,8.399365469813347e-05,0.00012500095181167126,0.00037500285543501377,3.731165998033248,3.7343330041039735,False,0.99990445,1.0,True,1.0,1.0,1.0,22.75,22.75,22.75,False,False,False,False
8521,70.33,True,0.0006249974831007421,0.005665999196935445,0.0004169996827840805,0.00029199873097240925,0.0004579997039400041,3.588875006244052,3.596874994400423,False,0.999704614,0.9218933751972441,True,0.9218933751972441,0.9218933751972441,0.9218933751972441,70.33,70.33,70.33,False,False,False,False
8524,376.42,True,0.00016600097296759486,0.002749999111983925,8.400093065574765e-05,0.000166997779160738,0.0003749955794773996,7.878208998590708,7.882000005338341,False,0.998419036,0.7042337877401874,True,0.8940181450675031,0.8940181450675031,0.8940181450675031,100.0,100.0,100.0,True,True,True,True
8525,667.58,True,0.0002500019036233425,0.004917004844173789,0.00029199873097240925,0.0002090018824674189,0.00033400283427909017,7.0395420043496415,7.04612499976065,False,0.997196164,0.9996957799592242,True,1.0,1.0,1.0,100.0,100.0,100.0,False,False,False,False
8559,559.89,True,0.00037500285543501377,0.005750000127591193,0.0004159956006333232,0.00029199873097240925,0.0004169996827840805,7.346459002292249,7.354333996772766,False,0.997648462,0.9978192728491713,True,1.0,1.0,1.0,100.0,100.0,100.0,False,False,False,False
8560,56.0,True,0.0005409965524449944,0.005125002644490451,0.0003749955794773996,0.0002079978003166616,0.0004169996827840805,3.6452910062507726,3.652499995951075,False,0.9997648,0.9850436503351072,True,0.9850436503351072,0.9850436503351072,0.9850436503351072,56.0,56.0,56.0,False,False,False,False
8571,61.0,True,0.0004579997039400041,0.005000001692678779,0.00037500285543501377,0.0002079978003166616,0.0004169996827840805,3.769208997255191,3.7762080028187484,False,0.9997438,1.0,True,1.0,1.0,1.0,61.0,61.0,61.0,False,False,False,False
8585,359.47,True,0.00016700505511835217,0.0020000006770715117,8.400093065574765e-05,8.400093065574765e-05,0.000333995558321476,7.065417004923802,7.0683750018361025,False,0.998490226,0.910310251683741,True,0.9667758969914794,0.9667758969914794,0.9667758969914794,100.0,100.0,100.0,False,False,False,False
8586,80.0,True,0.00033400283427909017,0.0040000013541430235,0.0002079978003166616,0.000166997779160738,0.00033400283427909017,3.425584000069648,3.431124998314772,False,0.999664,1.0,True,1.0,1.0,1.0,80.0,80.0,80.0,False,False,False,False
8591,58.75,True,0.000166997779160738,0.002291999408043921,0.00012499367585405707,8.400093065574765e-05,0.0002090018824674189,3.4841670058085583,3.4874170014518313,False,0.99975325,0.9053675221835797,True,0.9053675221835797,0.9053675221835797,0.9053675221835797,58.75,58.75,58.75,False,False,False,False
8612,371.0,True,0.00033299875212833285,0.004916997568216175,0.00029199873097240925,0.0002090018824674189,0.00033400283427909017,6.9152089999988675,6.921832995431032,False,0.9984418,0.9997499233773296,True,1.0,1.0,1.0,100.0,100.0,100.0,False,False,False,False
8613,133.41,True,0.0004579997039400041,0.004624998837243766,0.0002500019036233425,0.0002090018824674189,0.00029199873097240925,7.680000002437737,7.686416000069585,False,0.999439678,0.8476172127656935,True,0.8610658335900354,0.8610658335900354,0.8610658335900354,100.0,100.0,100.0,True,True,True,True
8617,476.05,True,0.0002079978003166616,0.0024579931050539017,8.299684850499034e-05,0.00016600097296759486,0.00037500285543501377,7.026500003121328,7.030208005744498,False,0.99800059,0.9572076752121551,True,1.0,1.0,1.0,100.0,100.0,100.0,False,False,False,False
8665,270.0,True,0.00012500095181167126,0.0019170038285665214,0.00012500095181167126,8.400093065574765e-05,0.0003749955794773996,7.377041001745965,7.380124996416271,False,0.998866,1.0,True,1.0,1.0,1.0,100.0,100.0,100.0,False,False,False,False
8667,884.39,True,0.0002079978003166616,0.003291999746579677,0.000166997779160738,0.00016599369700998068,0.0004590037860907614,7.340874995861668,7.345583995629568,False,0.996285562,0.913617775190727,True,1.0,1.0,1.0,100.0,100.0,100.0,False,False,False,False
8668,43.4,True,0.00037500285543501377,0.0040000013541430235,0.0002910019247792661,0.000166997779160738,0.00033400283427909017,3.5094170016236603,3.5150830008205958,False,0.99981772,1.0,True,1.0,1.0,1.0,43.4,43.4,43.4,False,False,False,False
8676,548.0,True,0.000166997779160738,0.0023329994291998446,8.299684850499034e-05,0.00012500095181167126,0.0002910019247792661,7.198957995569799,7.202375003544148,False,0.9976984,1.0,True,1.0,1.0,1.0,100.0,100.0,100.0,False,False,False,False
8677,102.0,True,0.00045899651013314724,0.005041001713834703,0.00029199873097240925,0.00016700505511835217,0.0004160028765909374,7.678417001443449,7.6854170038132,False,0.9995716,0.7659277895569251,True,0.7680093342580133,0.7680093342580133,0.7680093342580133,100.0,100.0,100.0,True,True,True,True
8681,11.0,True,0.0002079978003166616,0.0028329959604889154,0.00012500095181167126,0.00016700505511835217,0.00029199873097240925,3.6837500010733493,3.687875003379304,False,0.9999538,1.0,True,1.0,1.0,1.0,11.0,11.0,11.0,False,False,False,False
8696,375.13,True,0.00012500095181167126,0.0021669984562322497,0.00012500095181167126,0.00012500095181167126,0.00029199873097240925,7.177749997936189,7.180958004028071,False,0.998424454,1.0,True,1.0,1.0,1.0,100.0,100.0,100.0,False,False,False,False
8697,130.5,True,0.00033400283427909017,0.0034999975468963385,0.0002079978003166616,0.000166997779160738,0.0004160028765909374,7.26195899915183,7.267124994541518,False,0.9994519,1.0,True,1.0,1.0,1.0,100.0,100.0,100.0,False,False,False,False
8702,882.4,True,0.0002090018824674189,0.0025419940357096493,0.00012500095181167126,0.00012500095181167126,0.0002500019036233425,7.4614170007407665,7.4650829992606305,False,0.99629392,0.9512548561217984,True,1.0,1.0,1.0,100.0,100.0,100.0,False,False,False,False
8703,226.0,True,0.0004169996827840805,0.004292000085115433,0.00024999462766572833,0.000166997779160738,0.00033400283427909017,7.783374996506609,7.789333998516668,False,0.9990508,0.8400511688390825,True,0.8880973597911049,0.8880973597911049,0.8880973597911049,100.0,100.0,100.0,True,True,True,True
8709,145.0,True,0.000500003807246685,0.005292000423651189,0.00033400283427909017,0.0002500019036233425,0.000333995558321476,6.969499998376705,6.976749995374121,False,0.999391,1.0,True,1.0,1.0,1.0,100.0,100.0,100.0,False,False,False,False
8711,48.75,True,0.0002500019036233425,0.003082997864112258,0.0002090018824674189,0.000166997779160738,0.00033299875212833285,3.729167001438327,3.73362500249641,False,0.99979525,0.7932454018401451,True,0.7932454018401451,0.7932454018401451,0.7932454018401451,48.75,48.75,48.75,True,True,True,True
8729,64.0,True,0.00012500095181167126,0.0021669984562322497,8.299684850499034e-05,8.299684850499034e-05,0.00033299875212833285,3.716749997693114,3.719874999660533,False,0.9997312,1.0,True,1.0,1.0,1.0,64.0,64.0,64.0,False,False,False,False
8735,99.95,True,0.0005830006557516754,0.005083995347376913,0.00033299875212833285,0.00020800507627427578,0.00033299875212833285,3.48212500102818,3.4893329939222895,False,0.99958021,1.0,True,1.0,1.0,1.0,99.95,99.95,99.95,False,False,False,False
8779,307.33,True,0.000500003807246685,0.005125002644490451,0.00037500285543501377,0.00020899460650980473,0.00037500285543501377,7.427167001878843,7.434166996972635,False,0.998709214,0.8434822620955688,True,0.9146170005538099,0.9146170005538099,0.9146170005538099,100.0,100.0,100.0,True,False,False,False
8783,102.0,True,0.0006659975042566657,0.005041001713834703,0.00029199873097240925,0.0002500019036233425,0.00037500285543501377,7.816375000402331,7.823499996447936,False,0.9995716,0.8130577185727519,True,0.8142143494265454,0.8142143494265454,0.8142143494265454,100.0,100.0,100.0,True,True,True,True
8792,280.0,True,0.000166997779160738,0.0022090025595389307,8.300412446260452e-05,8.300412446260452e-05,0.00033299875212833285,7.429833000060171,7.4331669966341,False,0.998824,0.8397983074158947,True,0.9047710926081675,0.9047710926081675,0.9047710926081675,100.0,100.0,100.0,True,False,False,False
8793,15.0,True,0.0003749955794773996,0.003916000423487276,0.0002500019036233425,0.0002079978003166616,0.00033299875212833285,3.991541998402681,3.9970420039026067,False,0.999937,1.0,True,1.0,1.0,1.0,15.0,15.0,15.0,False,False,False,False
8796,100.0,True,0.000500003807246685,0.005333000444807112,0.0003749955794773996,0.00024999462766572833,0.00037500285543501377,3.6025830049766228,3.609916995628737,False,0.99958,1.0,True,1.0,1.0,1.0,100.0,100.0,100.0,False,False,False,False
8800,15.0,True,0.0005839974619448185,0.005457994120661169,0.00037500285543501377,0.0002500019036233425,0.00045899651013314724,3.8884999958099797,3.8962079997872934,False,0.999937,0.8252016079354744,True,0.8252016079354744,0.8252016079354744,0.8252016079354744,15.0,15.0,15.0,True,True,True,True
8826,53.0,True,0.0002500019036233425,0.0029579969123005867,0.00012500095181167126,0.000166997779160738,0.0004169996827840805,3.4693749985308386,3.4737500027404167,False,0.9997774,1.0,True,1.0,1.0,1.0,53.0,53.0,53.0,False,False,False,False
8841,496.0,True,0.000166997779160738,0.0022080057533457875,8.299684850499034e-05,0.00012500095181167126,0.0003749955794773996,7.440041001245845,7.44341599784093,False,0.9979168,0.8921427133039187,True,0.9797611294690362,0.9797611294690362,0.9797611294690362,100.0,100.0,100.0,True,False,False,False
8842,209.0,True,0.0004999965312890708,0.005000001692678779,0.0002910019247792661,0.00020800507627427578,0.00037500285543501377,7.45370799995726,7.460708999133203,False,0.9991222,0.8558588448675085,True,0.8940181450675031,0.8940181450675031,0.8940181450675031,100.0,100.0,100.0,True,True,True,True
8845,56.0,True,0.00020899460650980473,0.002792003215290606,0.00012500095181167126,0.00012500095181167126,0.00033299875212833285,3.586874998291023,3.5908329955418594,False,0.9997648,1.0,True,1.0,1.0,1.0,56.0,56.0,56.0,False,False,False,False
8846,575.13,True,0.00029199873097240925,0.0036670026020146906,0.00020800507627427578,0.00016600097296759486,0.00029199873097240925,7.0296250050887465,7.034708993160166,False,0.997584454,0.9993932949054298,True,1.0,1.0,1.0,100.0,100.0,100.0,False,False,False,False
8847,103.0,True,0.00037500285543501377,0.0038750004023313522,0.0002079978003166616,0.00016700505511835217,0.00029199873097240925,6.685542000923306,6.690916001389269,False,0.9995674,1.0,True,1.0,1.0,1.0,100.0,100.0,100.0,False,False,False,False
8850,853.0,True,0.00012500095181167126,0.0024999972083605826,0.00012500095181167126,0.00012500095181167126,0.00024999462766572833,7.017583004198968,7.021083001745865,False,0.9964174,0.9660584599728684,True,1.0,1.0,1.0,100.0,100.0,100.0,False,False,False,False
8851,9.0,True,0.00033299875212833285,0.003707995347213,0.0002079978003166616,0.00012500095181167126,0.00029199873097240925,3.730749995156657,3.7358330009737983,False,0.9999622,0.9568836761115403,True,0.9568836761115403,0.9568836761115403,0.9568836761115403,9.0,9.0,9.0,False,False,False,False
8852,222.0,True,0.0004160028765909374,0.004249995981808752,0.00033400283427909017,0.000166997779160738,0.0003749955794773996,7.591875000798609,7.597957999678329,False,0.9990676000000001,0.9110256494889782,True,0.9401831759410586,0.9401831759410586,0.9401831759410586,100.0,100.0,100.0,False,False,False,False
8858,349.0,True,0.0004169996827840805,0.005458998202811927,0.00037500285543501377,0.00033300602808594704,0.0004160028765909374,7.358625000051688,7.36620800307719,False,0.9985342,0.9837089641599985,True,1.0,1.0,1.0,100.0,100.0,100.0,False,False,False,False
8860,349.0,True,0.00033400283427909017,0.00541700137546286,0.00033299875212833285,0.0002079978003166616,0.0004579997039400041,7.246250002935994,7.253666997712571,False,0.9985342,0.9837089641599985,True,1.0,1.0,1.0,100.0,100.0,100.0,False,False,False,False
8861,45.0,True,0.000500003807246685,0.004666995664592832,0.00029199873097240925,0.000166997779160738,0.0004159956006333232,3.5961670000688173,3.6028329996042885,False,0.999811,0.9088939391185438,True,0.9088939391185438,0.9088939391185438,0.9088939391185438,45.0,45.0,45.0,False,False,False,False
8882,456.0,True,0.00012500095181167126,0.0021660016500391066,0.00012500095181167126,0.00012500095181167126,0.000333995558321476,7.477541999833193,7.480792002752423,False,0.9980848,0.9052086349586711,True,0.9797611294690362,0.9797611294690362,0.9797611294690362,100.0,100.0,100.0,False,False,False,False
8886,45.0,True,0.00033299875212833285,0.0030000010156072676,0.000166997779160738,0.00016600097296759486,0.0003749955794773996,3.5748340014833957,3.5792920025414787,False,0.999811,0.8799602541636882,True,0.8799602541636882,0.8799602541636882,0.8799602541636882,45.0,45.0,45.0,True,True,True,True
8916,370.0,True,0.00016600097296759486,0.001957996573764831,8.400093065574765e-05,8.299684850499034e-05,0.00033299875212833285,7.012250003754161,7.015250004769769,False,0.998446,1.0,True,1.0,1.0,1.0,100.0,100.0,100.0,False,False,False,False
8924,174.0,True,0.0005420006345957518,0.005292000423651189,0.000333995558321476,0.0002090018824674189,0.00033400283427909017,7.590708999487106,7.598000003781635,False,0.9992692,0.8177251429987404,True,0.8532230366532213,0.8532230366532213,0.8532230366532213,100.0,100.0,100.0,True,True,True,True
8928,271.88,True,0.0002079978003166616,0.002458000381011516,0.00016600097296759486,0.00012500095181167126,0.00037500285543501377,7.0113330002641305,7.01508299971465,False,0.998858104,0.9514333616404737,True,0.9797611294690362,0.9797611294690362,0.9797611294690362,100.0,100.0,100.0,False,False,False,False
8929,11.0,True,0.00033299875212833285,0.004083005478605628,0.0002079978003166616,0.0002079978003166616,0.00033400283427909017,3.5276670023449697,3.5332500046934,False,0.9999538,1.0,True,1.0,1.0,1.0,11.0,11.0,11.0,False,False,False,False
8948,305.0,True,8.300412446260452e-05,0.002125001628883183,8.300412446260452e-05,0.00012500095181167126,0.00033400283427909017,7.302999998501036,7.306209001399111,False,0.998719,1.0,True,1.0,1.0,1.0,100.0,100.0,100.0,False,False,False,False
8966,1006.69,True,0.00012500095181167126,0.002082997525576502,8.299684850499034e-05,0.00012499367585405707,0.00029199873097240925,7.240874998387881,7.244125001307111,False,0.995771902,0.8999360570570181,True,1.0,1.0,1.0,100.0,100.0,100.0,True,False,False,False
8967,92.94,True,0.0004579997039400041,0.0046670029405504465,0.00029199873097240925,0.0002090018824674189,0.00033400283427909017,3.562708996469155,3.5690840013558045,False,0.999609652,1.0,True,1.0,1.0,1.0,92.94,92.94,92.94,False,False,False,False
8970,433.0,True,0.00016600097296759486,0.0027500063879415393,0.00012500095181167126,0.00012500095181167126,0.00033299875212833285,6.871417004731484,6.8753749947063625,False,0.9981814,1.0,True,1.0,1.0,1.0,100.0,100.0,100.0,False,False,False,False
8975,425.0,True,0.0004169996827840805,0.004958004865329713,0.00033299875212833285,0.00024999462766572833,0.00037500285543501377,7.232042000396177,7.238917001814116,False,0.998215,1.0,True,1.0,1.0,1.0,100.0,100.0,100.0,False,False,False,False
8977,10.0,True,0.0002910019247792661,0.0028750000637955964,0.00016700505511835217,0.000166997779160738,0.00029199873097240925,3.4316660021431744,3.435915998124983,False,0.999958,0.9741458185584418,True,0.9741458185584418,0.9741458185584418,0.9741458185584418,10.0,10.0,10.0,False,False,False,False
8978,346.0,True,0.0002500019036233425,0.003749999450519681,0.000166997779160738,8.400093065574765e-05,0.00033400283427909017,6.715458002872765,6.720499994116835,False,0.9985468,1.0,True,1.0,1.0,1.0,100.0,100.0,100.0,False,False,False,False
8979,20.0,True,0.00037500285543501377,0.0037080026231706142,0.0002500019036233425,0.000166997779160738,0.0002910019247792661,3.787500005273614,3.7927500015939586,False,0.999916,0.851427354779476,True,0.851427354779476,0.851427354779476,0.851427354779476,20.0,20.0,20.0,True,True,True,True
8985,378.54,True,0.000166997779160738,0.0024999972083605826,0.00012499367585405707,0.00012500095181167126,0.000333995558321476,6.823792005889118,6.827416000305675,False,0.998410132,1.0,True,1.0,1.0,1.0,100.0,100.0,100.0,False,False,False,False
8986,102.0,True,0.0004169996827840805,0.003916000423487276,0.00024999462766572833,0.00016700505511835217,0.00029199873097240925,6.9039590016473085,6.909499999892432,False,0.9995716,1.0,True,1.0,1.0,1.0,100.0,100.0,100.0,False,False,False,False
8988,28.66,True,0.0002079978003166616,0.003207998815923929,0.00020800507627427578,0.00016600097296759486,0.00033300602808594704,3.6727089973283,3.6772919993381947,False,0.999879628,1.0,True,1.0,1.0,1.0,28.66,28.66,28.66,False,False,False,False
8990,246.58,True,0.0002500019036233425,0.003083005140069872,0.00016600097296759486,0.00016700505511835217,0.00029199873097240925,7.127042001229711,7.131499995011836,False,0.998964364,1.0,True,1.0,1.0,1.0,100.0,100.0,100.0,False,False,False,False
8992,136.0,True,0.0005830006557516754,0.004958004865329713,0.00029199873097240925,0.00029200600693002343,0.0004160028765909374,7.378041998890694,7.3851249981089495,False,0.9994288,0.9984527169181237,True,0.9999196673918644,0.9999196673918644,0.9999196673918644,100.0,100.0,100.0,False,False,False,False
8996,117.0,True,0.0005830006557516754,0.0049159934860654175,0.0003749955794773996,0.00033299875212833285,0.0004169996827840805,7.7489169998443685,7.755957994959317,False,0.9995086,0.8371320000254278,True,0.8447972696279995,0.8447972696279995,0.8447972696279995,100.0,100.0,100.0,True,True,True,True
9014,48.67,True,0.0005420006345957518,0.005083005817141384,0.00033300602808594704,0.0002079978003166616,0.0003749955794773996,3.776834004384,3.7839579963474534,False,0.999795586,0.9352566051924758,True,0.9352566051924758,0.9352566051924758,0.9352566051924758,48.67,48.67,48.67,False,False,False,False
9026,20.0,True,0.00012499367585405707,0.0021669984562322497,0.00012500095181167126,8.400093065574765e-05,0.0003749955794773996,3.531166999891866,3.53437499870779,False,0.999916,1.0,True,1.0,1.0,1.0,20.0,20.0,20.0,False,False,False,False
9027,364.63,True,0.00020899460650980473,0.003583001671358943,0.0002079978003166616,0.000166997779160738,0.0002500019036233425,7.315124996239319,7.320083001104649,False,0.998468554,1.0,True,1.0,1.0,1.0,100.0,100.0,100.0,False,False,False,False
9028,113.0,True,0.0004579997039400041,0.004832996637560427,0.00029199873097240925,0.0002500019036233425,0.00033400283427909017,7.506832997023594,7.513666001614183,False,0.9995254,0.9112697943161054,True,0.9146170005538099,0.9146170005538099,0.9146170005538099,100.0,100.0,100.0,False,False,False,False
9035,70.0,True,0.000166997779160738,0.0023329994291998446,8.299684850499034e-05,0.00016600097296759486,0.0003749955794773996,3.820957994321361,3.8243339949985966,False,0.999706,1.0,True,1.0,1.0,1.0,70.0,70.0,70.0,False,False,False,False
9040,246.75,True,0.0002090018824674189,0.0024170003598555923,0.00012500095181167126,0.00012500095181167126,0.0002910019247792661,7.1095830062404275,7.113207997463178,False,0.99896365,1.0,True,1.0,1.0,1.0,100.0,100.0,100.0,False,False,False,False
9046,282.0,True,0.000166997779160738,0.002458000381011516,0.00016600097296759486,0.000166997779160738,0.00033400283427909017,7.02304200240178,7.026707993645687,False,0.9988156,1.0,True,1.0,1.0,1.0,100.0,100.0,100.0,False,False,False,False
9055,40.0,True,0.000166997779160738,0.002291999408043921,0.00012500095181167126,8.399365469813347e-05,0.00029200600693002343,3.908459002559539,3.9117920023272745,False,0.999832,0.8434506114822519,True,0.8434506114822519,0.8434506114822519,0.8434506114822519,40.0,40.0,40.0,True,True,True,True
9075,92.4,True,0.0005839974619448185,0.005000001692678779,0.00033299875212833285,0.0002500019036233425,0.00037500285543501377,3.6954579991288483,3.702457994222641,False,0.99961192,0.8710790114425389,True,0.8710790114425389,0.8710790114425389,0.8710790114425389,92.4,92.4,92.4,True,True,True,True
9084,28.0,True,0.0006669943104498088,0.005541995051316917,0.0004160028765909374,0.0003749955794773996,0.0004579997039400041,3.7344579977798276,3.7425000045914203,False,0.9998824,0.8912855572513376,True,0.8912855572513376,0.8912855572513376,0.8912855572513376,28.0,28.0,28.0,True,True,True,True
9089,405.0,True,0.00012500095181167126,0.0024999972083605826,0.00012500095181167126,0.00012500095181167126,0.00037500285543501377,6.956416997127235,6.959999998798594,False,0.998299,1.0,True,1.0,1.0,1.0,100.0,100.0,100.0,False,False,False,False
9092,618.0,True,0.0002090018824674189,0.003125001967418939,0.000166997779160738,0.00012500095181167126,0.0004160028765909374,7.094583001162391,7.09912500315113,False,0.9974044,0.9963639849514521,True,1.0,1.0,1.0,100.0,100.0,100.0,False,False,False,False
9093,227.06,True,0.0004169996827840805,0.004374996933620423,0.00033299875212833285,0.00016700505511835217,0.000333995558321476,6.772374996216968,6.7785830033244565,False,0.999046348,1.0,True,1.0,1.0,1.0,100.0,100.0,100.0,False,False,False,False
9094,8.0,True,0.00037500285543501377,0.004250003257766366,0.0002090018824674189,0.000166997779160738,0.00033400283427909017,3.6368340006447397,3.642707997641992,False,0.9999664,0.8845890578155666,True,0.8845890578155666,0.8845890578155666,0.8845890578155666,8.0,8.0,8.0,True,True,True,True
9095,261.0,True,0.0003749955794773996,0.004125002305954695,0.0002500019036233425,0.000166997779160738,0.0002910019247792661,7.306749997951556,7.312458001251798,False,0.9989038,0.9974543484977618,True,1.0,1.0,1.0,100.0,100.0,100.0,False,False,False,False
9096,24.0,True,0.0004579997039400041,0.005208996299188584,0.00033299875212833285,0.00016700505511835217,0.000333995558321476,3.660041998955421,3.6671669950010255,False,0.9998992,0.932353007493075,True,0.932353007493075,0.932353007493075,0.932353007493075,24.0,24.0,24.0,False,False,False,False
9102,150.0,True,0.0005830006557516754,0.005250003596302122,0.000333995558321476,0.0002090018824674189,0.00033400283427909017,7.035124996036757,7.042333003482781,False,0.99937,1.0,True,1.0,1.0,1.0,100.0,100.0,100.0,False,False,False,False
9103,538.0,True,0.0002500019036233425,0.004624998837243766,0.0002500019036233425,0.000166997779160738,0.00033400283427909017,6.81754200195428,6.823707997682504,False,0.9977404,1.0,True,1.0,1.0,1.0,100.0,100.0,100.0,False,False,False,False
9104,158.0,True,0.0004999965312890708,0.004249995981808752,0.0002090018824674189,0.00016700505511835217,0.0003749955794773996,6.986291002249345,6.992209004238248,False,0.9993364,1.0,True,1.0,1.0,1.0,100.0,100.0,100.0,False,False,False,False
9110,325.0,True,0.000166997779160738,0.0022500025806948543,0.00012500095181167126,0.00012500095181167126,0.00029199873097240925,7.16183400072623,7.165208000515122,False,0.998635,0.8028088838707746,True,0.8995365401683191,0.8995365401683191,0.8995365401683191,100.0,100.0,100.0,True,True,True,True
9114,324.52,True,0.0034999975468963385,0.006250003934837878,0.0003749955794773996,0.00033400283427909017,0.00045899651013314724,6.936666002729908,6.948250003915746,False,0.998637016,1.0,True,1.0,1.0,1.0,100.0,100.0,100.0,False,False,False,False
9117,318.54,True,0.0002079978003166616,0.0027080022846348584,0.00012499367585405707,8.299684850499034e-05,0.0003749955794773996,8.179999997082632,8.183999998436775,False,0.998662132,0.9414572011845813,True,0.9797611294690362,0.9797611294690362,0.9797611294690362,100.0,100.0,100.0,False,False,False,False
9119,291.0,True,0.012333999620750546,0.010583004041109234,0.0005830006557516754,0.0003749955794773996,0.000667001586407423,8.341458000359125,8.366791997104883,False,0.9987778,1.0,True,1.0,1.0,1.0,100.0,100.0,100.0,False,False,False,False
9121,276.0,True,0.0008749993867240846,0.006249996658880264,0.0005420006345957518,0.0003749955794773996,0.0004999965312890708,7.608332998643164,7.6173749985173345,False,0.9988408,1.0,True,1.0,1.0,1.0,100.0,100.0,100.0,False,False,False,False
9122,22.0,True,0.0006249974831007421,0.005374997272156179,0.00029099464882165194,0.0002079978003166616,0.0003749955794773996,4.5239580067573115,4.531582999334205,False,0.9999076,0.8100044126922623,True,0.8100044126922623,0.8100044126922623,0.8100044126922623,22.0,22.0,22.0,True,True,True,True
9129,445.01,True,0.000166997779160738,0.00224999530473724,0.00012500095181167126,0.00012499367585405707,0.0004169996827840805,7.7412919999915175,7.744750000711065,False,0.998130958,1.0,True,1.0,1.0,1.0,100.0,100.0,100.0,False,False,False,False
9131,361.0,True,0.0002090018824674189,0.0032089956221170723,0.000166997779160738,0.000166997779160738,0.0005409965524449944,8.499791998474393,8.504750003339723,False,0.9984838,0.7879187673211936,True,0.9047710926081675,0.9047710926081675,0.9047710926081675,100.0,100.0,100.0,True,False,False,False
9132,111.0,True,0.0009169962140731514,0.010374998964834958,0.0007499984349124134,0.0004999965312890708,0.000790998456068337,13.131084000633564,13.14558300509816,False,0.9995338,1.0,True,1.0,1.0,1.0,100.0,100.0,100.0,False,False,False,False
9135,592.58,True,0.00033299875212833285,0.005000001692678779,0.0002500019036233425,0.0002500019036233425,0.0007500057108700275,10.852792001969647,10.860041998967063,False,0.997511164,1.0,True,1.0,1.0,1.0,100.0,100.0,100.0,False,False,False,False
9136,206.0,True,0.0007920025382190943,0.007791997632011771,0.0005839974619448185,0.00033300602808594704,0.0005420006345957518,27.10454200132517,27.115542005049065,True,0.9991348,1.0,True,1.0,1.0,1.0,100.0,100.0,100.0,False,False,False,False
9143,447.0,True,0.0002500019036233425,1.8317909998586401,0.0010410003596916795,0.0007499984349124134,0.0008749993867240846,18.757875004666857,20.594166999217123,True,0.9981226,1.0,True,1.0,1.0,1.0,100.0,100.0,100.0,False,False,False,False
9153,789.81,True,0.0002079978003166616,0.002458997187204659,8.400093065574765e-05,8.400093065574765e-05,0.0004169996827840805,7.745459006400779,7.749041993520223,False,0.996682798,0.9888571863659767,True,1.0,1.0,1.0,100.0,100.0,100.0,False,False,False,False
9161,244.0,True,0.0002079978003166616,0.0023750035325065255,8.300412446260452e-05,0.00012500095181167126,0.0004579997039400041,7.779292005579919,7.783000000927132,False,0.9989752,1.0,True,1.0,1.0,1.0,100.0,100.0,100.0,False,False,False,False
9164,342.0,True,0.0004169996827840805,0.00549999822396785,0.00033400283427909017,0.00037500285543501377,0.0004579997039400041,7.180458000220824,7.188250005128793,False,0.9985636,0.9783479831388342,True,0.9999196673918644,0.9999196673918644,0.9999196673918644,100.0,100.0,100.0,False,False,False,False
9171,86.17,True,0.0007080016075633466,0.006249996658880264,0.0004159956006333232,0.00024999462766572833,0.0004169996827840805,3.731207994860597,3.7398339991341345,False,0.999638086,1.0,True,1.0,1.0,1.0,86.17,86.17,86.17,False,False,False,False
9173,50.0,True,0.0006250047590583563,0.005375004548113793,0.0004160028765909374,0.00033299875212833285,0.0006249974831007421,3.5295420020702295,3.537500000675209,False,0.99979,1.0,True,1.0,1.0,1.0,50.0,50.0,50.0,False,False,False,False
9178,10.0,True,0.0002079978003166616,0.002458000381011516,0.00012500095181167126,0.00012500095181167126,0.00029199873097240925,3.6631249968195334,3.666791999421548,False,0.999958,1.0,True,1.0,1.0,1.0,10.0,10.0,10.0,False,False,False,False
9187,229.0,True,0.0005830006557516754,0.005041001713834703,0.00033299875212833285,0.00029199873097240925,0.00033400283427909017,7.071749998431187,7.0788749944767915,False,0.9990382,1.0,True,1.0,1.0,1.0,100.0,100.0,100.0,False,False,False,False
9212,345.83,True,0.00012500095181167126,0.0022079984773881733,0.00012500095181167126,0.00012500095181167126,0.0004579997039400041,7.064790996082593,7.068250000884291,False,0.998547514,0.9777365516197547,True,0.9999196673918644,0.9999196673918644,0.9999196673918644,100.0,100.0,100.0,False,False,False,False
9219,358.0,True,0.00029099464882165194,0.004749999789055437,0.00029200600693002343,0.0002500019036233425,0.0003749955794773996,7.26349999604281,7.27008399553597,False,0.9984964,1.0,True,1.0,1.0,1.0,100.0,100.0,100.0,False,False,False,False
9228,423.49,True,0.0002500019036233425,0.004749999789055437,0.00033299875212833285,0.00020800507627427578,0.00029199873097240925,7.250875001773238,7.257332996232435,False,0.998221342,1.0,True,1.0,1.0,1.0,100.0,100.0,100.0,False,False,False,False
9229,738.31,True,0.00033400283427909017,0.004958004865329713,0.00029199873097240925,0.0002500019036233425,0.0004169996827840805,7.199792002211325,7.206624999525957,False,0.996899098,0.8711088916388657,True,0.9992122092123257,0.9992122092123257,0.9992122092123257,100.0,100.0,100.0,True,False,False,False
9230,90.38,True,0.000500003807246685,0.004540997906588018,0.00024999462766572833,0.0002090018824674189,0.00033400283427909017,3.5363749993848614,3.54279200109886,False,0.999620404,1.0,True,1.0,1.0,1.0,90.38,90.38,90.38,False,False,False,False
9238,491.47,True,0.0002079978003166616,0.0022909953258931637,8.299684850499034e-05,0.00012500095181167126,0.00033299875212833285,7.075458997860551,7.078916998580098,False,0.997935826,1.0,True,1.0,1.0,1.0,100.0,100.0,100.0,False,False,False,False
9239,138.36,True,0.0004169996827840805,0.004542001988738775,0.0002500019036233425,0.00020800507627427578,0.00033299875212833285,7.262707993504591,7.268958004715387,False,0.999418888,0.954212266264514,True,0.9609244451109185,0.9609244451109185,0.9609244451109185,100.0,100.0,100.0,False,False,False,False
9247,518.23,True,0.000333995558321476,0.005207999492995441,0.00033299875212833285,0.0002079978003166616,0.0003749955794773996,7.248583002365194,7.255624994286336,False,0.997823434,1.0,True,1.0,1.0,1.0,100.0,100.0,100.0,False,False,False,False
9248,150.71,True,0.000500003807246685,0.004749999789055437,0.0002500019036233425,0.0002500019036233425,0.0004579997039400041,7.083333002810832,7.090083003276959,False,0.999367018,1.0,True,1.0,1.0,1.0,100.0,100.0,100.0,False,False,False,False
9250,397.19,True,0.0002079978003166616,0.003082997864112258,0.00016600097296759486,0.00012500095181167126,0.00037500285543501377,7.182584005931858,7.187042006989941,False,0.998331802,0.9717542431648705,True,1.0,1.0,1.0,100.0,100.0,100.0,False,False,False,False
9251,85.0,True,0.0004579997039400041,0.004792003892362118,0.00037500285543501377,0.000166997779160738,0.00029099464882165194,3.917499998351559,3.924167001969181,False,0.999643,0.866577158542761,True,0.866577158542761,0.866577158542761,0.866577158542761,85.0,85.0,85.0,True,True,True,True
9256,366.0,True,0.00029199873097240925,0.004749999789055437,0.00037500285543501377,0.00020800507627427578,0.00033299875212833285,7.0992910041240975,7.1057079985621385,False,0.9984628,0.9769592663549932,True,1.0,1.0,1.0,100.0,100.0,100.0,False,False,False,False
9257,371.63,True,0.00024999462766572833,0.0051249953685328364,0.00029199873097240925,0.0002079978003166616,0.0003749955794773996,6.921416999830399,6.928249997145031,False,0.998439154,1.0,True,1.0,1.0,1.0,100.0,100.0,100.0,False,False,False,False
9263,298.0,True,0.0002079978003166616,0.002415996277704835,0.00012500095181167126,0.00012500095181167126,0.00037500285543501377,7.030332999420352,7.03395799791906,False,0.9987484,1.0,True,1.0,1.0,1.0,100.0,100.0,100.0,False,False,False,False
9267,351.0,True,0.00012500095181167126,0.002334003511350602,8.399365469813347e-05,0.00012500095181167126,0.00029199873097240925,6.920832995092496,6.9241660021361895,False,0.9985258,1.0,True,1.0,1.0,1.0,100.0,100.0,100.0,False,False,False,False
9269,40.0,True,0.0002090018824674189,0.002749999111983925,0.00012500095181167126,0.000166997779160738,0.00033299875212833285,3.948958998080343,3.953082996304147,False,0.999832,0.9151673718894501,True,0.9151673718894501,0.9151673718894501,0.9151673718894501,40.0,40.0,40.0,False,False,False,False
9275,428.67,True,0.00024999462766572833,0.0036249984987080097,0.000166997779160738,0.00016600097296759486,0.00029199873097240925,6.854457998997532,6.85933400382055,False,0.998199586,0.9634445236863678,True,0.9999196673918644,0.9999196673918644,0.9999196673918644,100.0,100.0,100.0,False,False,False,False
9277,180.0,True,0.00045899651013314724,0.004666995664592832,0.00029199873097240925,0.0002500019036233425,0.00037500285543501377,7.2543749993201345,7.261000006110407,False,0.999244,1.0,True,1.0,1.0,1.0,100.0,100.0,100.0,False,False,False,False
9283,16.0,True,0.000166997779160738,0.0023750035325065255,8.300412446260452e-05,0.00012500095181167126,0.00037500285543501377,3.790333001234103,3.7937500019324943,False,0.9999328,0.8133372235713666,True,0.8133372235713666,0.8133372235713666,0.8133372235713666,16.0,16.0,16.0,True,True,True,True
9298,312.93,True,0.00016600097296759486,0.0019169965526089072,0.00012500095181167126,8.300412446260452e-05,0.00037500285543501377,6.867125004646368,6.870124998386018,False,0.998685694,1.0,True,1.0,1.0,1.0,100.0,100.0,100.0,False,False,False,False
9299,37.78,True,0.000500003807246685,0.00470800296170637,0.0002500019036233425,0.000166997779160738,0.00033300602808594704,3.415209001104813,3.421665998757817,False,0.999841324,1.0,True,1.0,1.0,1.0,37.78,37.78,37.78,False,False,False,False
9313,460.0,True,0.00012500095181167126,0.0020419975044205785,8.400093065574765e-05,8.300412446260452e-05,0.0002500019036233425,6.935000004887115,6.9379590058815666,False,0.998068,0.9574505931262831,True,0.9999196673918644,0.9999196673918644,0.9999196673918644,100.0,100.0,100.0,False,False,False,False
9314,50.0,True,0.000333995558321476,0.0036249984987080097,0.00020800507627427578,0.0002079978003166616,0.0002910019247792661,3.3840420001070015,3.389165998669341,False,0.99979,1.0,True,1.0,1.0,1.0,50.0,50.0,50.0,False,False,False,False
9316,732.0,True,0.00033299875212833285,0.004958994395565242,0.00024999462766572833,0.0002500019036233425,0.0003749955794773996,7.085707999067381,7.092458006809466,False,0.9969256,0.9885557684011652,True,1.0,1.0,1.0,100.0,100.0,100.0,False,False,False,False
9317,199.0,True,0.0004579997039400041,0.004624998837243766,0.0002500019036233425,0.0002079978003166616,0.00033299875212833285,6.922624997969251,6.929041002877057,False,0.9991642,1.0,True,1.0,1.0,1.0,100.0,100.0,100.0,False,False,False,False
9329,310.0,True,0.00016700505511835217,0.00224999530473724,0.00012500095181167126,0.00012500095181167126,0.00029200600693002343,6.923082997673191,6.9264999983715825,False,0.998698,1.0,True,1.0,1.0,1.0,100.0,100.0,100.0,False,False,False,False
9330,342.5,True,0.0002500019036233425,0.0035410048440098763,0.0002079978003166616,0.00012500095181167126,0.00033299875212833285,7.015167000645306,7.020042001386173,False,0.9985615,1.0,True,1.0,1.0,1.0,100.0,100.0,100.0,False,False,False,False
9331,37.0,True,0.0004579997039400041,0.004665998858399689,0.00024999462766572833,0.0002090018824674189,0.00033400283427909017,3.6369999943417497,3.6434579960769042,False,0.9998446,0.8887004677827305,True,0.8887004677827305,0.8887004677827305,0.8887004677827305,37.0,37.0,37.0,True,True,True,True
9333,339.13,True,0.00020800507627427578,0.003291999746579677,0.00016600097296759486,0.000166997779160738,0.00029199873097240925,7.004624996625353,7.00929100275971,False,0.998575654,1.0,True,1.0,1.0,1.0,100.0,100.0,100.0,False,False,False,False
9336,50.0,True,0.00020899460650980473,0.002459004463162273,0.00012500095181167126,0.000166997779160738,0.00029200600693002343,3.4091670022462495,3.4128749975934625,False,0.99979,1.0,True,1.0,1.0,1.0,50.0,50.0,50.0,False,False,False,False
9338,239.85,True,0.0002090018824674189,0.002959000994451344,0.00012500095181167126,0.00012500095181167126,0.00033299875212833285,6.8069170010858215,6.811083003412932,False,0.99899263,1.0,True,1.0,1.0,1.0,100.0,100.0,100.0,False,False,False,False
9340,17.0,True,0.0002910019247792661,0.002749999111983925,0.00012499367585405707,0.00012500095181167126,0.0002910019247792661,3.5795410003629513,3.583542005799245,False,0.9999286,0.8127907378214835,True,0.8127907378214835,0.8127907378214835,0.8127907378214835,17.0,17.0,17.0,True,True,True,True
9347,451.25,True,0.00016600097296759486,0.0022500025806948543,8.299684850499034e-05,0.00016600097296759486,0.00033299875212833285,6.747625004209112,6.751000000804197,False,0.99810475,0.9752205914451264,True,1.0,1.0,1.0,100.0,100.0,100.0,False,False,False,False
9348,346.0,True,0.0002500019036233425,0.0034999975468963385,0.000166997779160738,0.00016600097296759486,0.0002500019036233425,6.783082993933931,6.787792000977788,False,0.9985468,1.0,True,1.0,1.0,1.0,100.0,100.0,100.0,False,False,False,False
9353,92.0,True,0.00045899651013314724,0.004499997885432094,0.00033300602808594704,0.0002500019036233425,0.00033299875212833285,3.437666004174389,3.4441669995430857,False,0.9996136,1.0,True,1.0,1.0,1.0,92.0,92.0,92.0,False,False,False,False
9357,74.17,True,0.000500003807246685,0.004875000740867108,0.0002910019247792661,0.0002079978003166616,0.0004169996827840805,3.5825829982059076,3.5894579996238463,False,0.999688486,1.0,True,1.0,1.0,1.0,74.17,74.17,74.17,False,False,False,False
9358,320.13,True,0.0004160028765909374,0.004374996933620423,0.0002500019036233425,0.0002500019036233425,0.00037500285543501377,7.3631249979371205,7.369416998699307,False,0.998655454,0.7931720429003459,True,0.8940181450675031,0.8940181450675031,0.8940181450675031,100.0,100.0,100.0,True,True,True,True
9362,31.5,True,0.0002079978003166616,0.0027500063879415393,0.00012499367585405707,0.000166997779160738,0.00033400283427909017,3.610583000408951,3.614583001763094,False,0.9998677,0.8705497973249046,True,0.8705497973249046,0.8705497973249046,0.8705497973249046,31.5,31.5,31.5,True,True,True,True
9378,40.0,True,0.0005410038284026086,0.004707995685748756,0.00033299875212833285,0.00020800507627427578,0.00037500285543501377,4.110500005481299,4.117250005947426,False,0.999832,1.0,True,1.0,1.0,1.0,40.0,40.0,40.0,False,False,False,False
9388,370.0,True,0.0002500019036233425,0.002582994056865573,8.299684850499034e-05,0.00016600097296759486,0.00037500285543501377,7.399457994324621,7.4033750061062165,False,0.998446,1.0,True,1.0,1.0,1.0,100.0,100.0,100.0,False,False,False,False
9389,157.0,True,0.0004579997039400041,0.005084002623334527,0.00029199873097240925,0.0002090018824674189,0.00033400283427909017,7.076333997247275,7.083291995513719,False,0.9993406,1.0,True,1.0,1.0,1.0,100.0,100.0,100.0,False,False,False,False
9403,9.55,True,0.0002500019036233425,0.0031669987947680056,0.000166997779160738,0.0002500019036233425,0.00033400283427909017,3.605208999942988,3.6099170029046945,False,0.99995989,1.0,True,1.0,1.0,1.0,9.55,9.55,9.55,False,False,False,False
9408,461.86,True,0.00024999462766572833,0.003125001967418939,0.0002079978003166616,0.00012500095181167126,0.0003749955794773996,6.915917001606431,6.920500003616326,False,0.998060188,1.0,True,1.0,1.0,1.0,100.0,100.0,100.0,False,False,False,False
9409,155.0,True,0.0004170069587416947,0.004417001036927104,0.000333995558321476,0.0002090018824674189,0.0004160028765909374,7.285749998118263,7.292082998901606,False,0.999349,0.8764371669900425,True,0.8940181450675031,0.8940181450675031,0.8940181450675031,100.0,100.0,100.0,True,True,True,True
9410,365.92,True,0.00024999462766572833,0.004333000106271356,0.00024999462766572833,0.0002079978003166616,0.00024999462766572833,7.148166994738858,7.154124999942724,False,0.998463136,0.8308767036328176,True,0.9237376331502339,0.9237376331502339,0.9237376331502339,100.0,100.0,100.0,True,False,False,False
9411,403.85,True,0.00020899460650980473,0.004207999154459685,0.00020800507627427578,0.0002079978003166616,0.00029200600693002343,7.8517910005757585,7.857458003854845,False,0.99830383,0.8072827981154799,True,0.9237376331502339,0.9237376331502339,0.9237376331502339,100.0,100.0,100.0,True,False,False,False
9412,50.0,True,0.0004169996827840805,0.004417001036927104,0.0002079978003166616,0.00016600097296759486,0.00033299875212833285,3.4959170006914064,3.50191599864047,False,0.99979,1.0,True,1.0,1.0,1.0,50.0,50.0,50.0,False,False,False,False
9414,264.0,True,0.0004590037860907614,0.004916997568216175,0.0002090018824674189,0.000166997779160738,0.00029199873097240925,7.268291003128979,7.274875002622139,False,0.9988912,0.8196933281124351,True,0.8880973597911049,0.8880973597911049,0.8880973597911049,100.0,100.0,100.0,True,True,True,True
9434,405.0,True,0.0002079978003166616,0.0027080022846348584,0.00012500095181167126,0.00016600097296759486,0.00033299875212833285,7.2585409943712875,7.26241699885577,False,0.998299,0.920007186902737,True,0.9797611294690362,0.9797611294690362,0.9797611294690362,100.0,100.0,100.0,False,False,False,False
9448,401.67,True,0.00020800507627427578,0.0033329997677356005,0.000166997779160738,0.00012500095181167126,0.00033299875212833285,7.192459001089446,7.197082995844539,False,0.998312986,0.9209114974717704,True,0.9797611294690362,0.9797611294690362,0.9797611294690362,100.0,100.0,100.0,False,False,False,False
9449,15.0,True,0.0004160028765909374,0.004540997906588018,0.00024999462766572833,0.0002500019036233425,0.0003749955794773996,3.629500002716668,3.63587500032736,False,0.999937,0.9421471573355509,True,0.9421471573355509,0.9421471573355509,0.9421471573355509,15.0,15.0,15.0,False,False,False,False
9460,315.34,True,0.000166997779160738,0.0023329994291998446,8.299684850499034e-05,0.00012499367585405707,0.0003749955794773996,7.089250000717584,7.09274999826448,False,0.998675572,1.0,True,1.0,1.0,1.0,100.0,100.0,100.0,False,False,False,False
9463,465.0,True,0.000166997779160738,0.002624998160172254,0.00012500095181167126,0.00012500095181167126,0.00033400283427909017,7.048583000141662,7.052417000522837,False,0.998047,0.9534645981996598,True,0.9992122092123257,0.9992122092123257,0.9992122092123257,100.0,100.0,100.0,False,False,False,False
9464,18.0,True,0.00037500285543501377,0.0038750004023313522,0.0002090018824674189,0.000166997779160738,0.00033400283427909017,3.76670799596468,3.7721249973401427,False,0.9999244,0.8521850808822361,True,0.8521850808822361,0.8521850808822361,0.8521850808822361,18.0,18.0,18.0,True,True,True,True
9474,74.5,True,0.0004169996827840805,0.004583002009894699,0.0002500019036233425,0.0002079978003166616,0.0003749955794773996,3.6290419957367703,3.6354160038172267,False,0.9996871,1.0,True,1.0,1.0,1.0,74.5,74.5,74.5,False,False,False,False
9486,817.52,True,0.00016599369700998068,0.0021669984562322497,8.400093065574765e-05,4.200410330668092e-05,0.000333995558321476,7.14950000110548,7.152707999921404,False,0.996566416,0.9735320963118027,True,1.0,1.0,1.0,100.0,100.0,100.0,False,False,False,False
9487,50.0,True,0.00037500285543501377,0.004542001988738775,0.00029200600693002343,0.00024999462766572833,0.00033299875212833285,3.6188750018482096,3.6251670026103966,False,0.99979,0.8642294527819276,True,0.8642294527819276,0.8642294527819276,0.8642294527819276,50.0,50.0,50.0,True,True,True,True
9503,70.0,True,0.0004579997039400041,0.004624998837243766,0.000333995558321476,0.0002500019036233425,0.00037500285543501377,3.4855830017477274,3.49212499713758,False,0.999706,1.0,True,1.0,1.0,1.0,70.0,70.0,70.0,False,False,False,False
9505,285.0,True,0.00024999462766572833,0.0030410010367631912,0.000166997779160738,0.00016700505511835217,0.00037500285543501377,7.148583994421642,7.153124999604188,False,0.998803,1.0,True,1.0,1.0,1.0,100.0,100.0,100.0,False,False,False,False
9506,39.0,True,0.0004160028765909374,0.004332992830313742,0.0002500019036233425,0.000166997779160738,0.00029200600693002343,3.5448749986244366,3.5509170047589578,False,0.9998362,1.0,True,1.0,1.0,1.0,39.0,39.0,39.0,False,False,False,False
9509,251.1,True,0.0002079978003166616,0.002540997229516506,0.00012500095181167126,0.00016600097296759486,0.00029199873097240925,6.98591599939391,6.989667002926581,False,0.99894538,1.0,True,1.0,1.0,1.0,100.0,100.0,100.0,False,False,False,False
9524,96.0,True,0.00037500285543501377,0.004292000085115433,0.00029200600693002343,0.00016600097296759486,0.00037500285543501377,3.6562079985742457,3.6622080006054603,False,0.9995968,0.889306160821708,True,0.889306160821708,0.889306160821708,0.889306160821708,96.0,96.0,96.0,True,True,True,True
9536,52.67,True,0.0004579997039400041,0.004665998858399689,0.00029200600693002343,0.00020899460650980473,0.00029200600693002343,3.385833006177563,3.3922909933608025,False,0.999778786,1.0,True,1.0,1.0,1.0,52.67,52.67,52.67,False,False,False,False
9570,778.29,True,0.00037500285543501377,0.005374997272156179,0.00033299875212833285,0.00029099464882165194,0.0004169996827840805,7.338542003708426,7.346000005782116,False,0.996731182,0.8520734087686332,True,0.9992122092123257,0.9992122092123257,0.9992122092123257,100.0,100.0,100.0,True,False,False,False
9576,353.0,True,0.00016600097296759486,0.002291999408043921,8.400093065574765e-05,8.400093065574765e-05,0.0003749955794773996,7.446499999787193,7.449875003658235,False,0.9985174,0.7294759215783324,True,0.8880973597911049,0.8880973597911049,0.8880973597911049,100.0,100.0,100.0,True,True,True,True
9578,102.83,True,0.0004580069798976183,0.005041998520027846,0.0003749955794773996,0.00024999462766572833,0.0004169996827840805,7.124333998945076,7.131417005439289,False,0.999568114,1.0,True,1.0,1.0,1.0,100.0,100.0,100.0,False,False,False,False
9579,312.5,True,0.0004160028765909374,0.004583002009894699,0.0002910019247792661,0.0002500019036233425,0.0002910019247792661,7.259790996613447,7.266250002430752,False,0.9986875,0.7991362376016091,True,0.8940181450675031,0.8940181450675031,0.8940181450675031,100.0,100.0,100.0,True,True,True,True
9580,46.0,True,0.0004169996827840805,0.004666006134357303,0.0002910019247792661,0.0002079978003166616,0.00033300602808594704,3.4870419985963963,3.4935419971589,False,0.9998068,1.0,True,1.0,1.0,1.0,46.0,46.0,46.0,False,False,False,False
9597,80.0,True,0.0004169996827840805,0.004959001671522856,0.00033400283427909017,0.000166997779160738,0.00029200600693002343,3.636415996879805,3.6432080014492385,False,0.999664,1.0,True,1.0,1.0,1.0,80.0,80.0,80.0,False,False,False,False
9602,220.0,True,0.0002090018824674189,0.002583001332823187,0.00012500095181167126,0.00012500095181167126,0.00033299875212833285,7.2039580045384355,7.207875001768116,False,0.999076,1.0,True,1.0,1.0,1.0,100.0,100.0,100.0,False,False,False,False
9603,433.0,True,0.0002500019036233425,0.004749999789055437,0.00033299875212833285,0.0002079978003166616,0.00033300602808594704,6.906957998580765,6.913541998073924,False,0.9981814,1.0,True,1.0,1.0,1.0,100.0,100.0,100.0,False,False,False,False
9604,176.0,True,0.0004590037860907614,0.004792003892362118,0.00029199873097240925,0.0002079978003166616,0.00033299875212833285,7.15762499748962,7.164125003328081,False,0.9992608,0.8371259759898224,True,0.8684136752395771,0.8684136752395771,0.8684136752395771,100.0,100.0,100.0,True,True,True,True
9605,396.67,True,0.0002910019247792661,0.004541994712781161,0.00024999462766572833,0.00020800507627427578,0.00029199873097240925,6.857833999674767,6.863875001727138,False,0.998333986,0.8990556999180689,True,0.9667758969914794,0.9667758969914794,0.9667758969914794,100.0,100.0,100.0,True,False,False,False
9606,118.6,True,0.0004579997039400041,0.004125002305954695,0.0002500019036233425,0.0002079978003166616,0.0002910019247792661,6.9673329999204725,6.973083000048064,False,0.99950188,1.0,True,1.0,1.0,1.0,100.0,100.0,100.0,False,False,False,False
9612,280.0,True,0.00012500095181167126,0.0023329994291998446,0.00012500095181167126,8.400093065574765e-05,0.00033400283427909017,6.828666999354027,6.8321250000735745,False,0.998824,0.8939653459428479,True,0.9401831759410586,0.9401831759410586,0.9401831759410586,100.0,100.0,100.0,True,False,False,False
9619,280.0,True,0.00016600097296759486,0.0023329994291998446,4.200410330668092e-05,0.00012500095181167126,0.0002910019247792661,6.911625001521315,6.915042002219707,False,0.998824,1.0,True,1.0,1.0,1.0,100.0,100.0,100.0,False,False,False,False
9624,681.46,True,0.0002500019036233425,0.004540997906588018,0.0002500019036233425,0.0002090018824674189,0.00033299875212833285,7.2102920021279715,7.216500001959503,False,0.997137868,0.7961503525859884,True,0.9797611294690362,0.9797611294690362,0.9797611294690362,100.0,100.0,100.0,True,False,False,False
9625,420.0,True,0.00029199873097240925,0.00470800296170637,0.00029099464882165194,0.0002090018824674189,0.00029199873097240925,7.12154100619955,7.127749995561317,False,0.998236,0.9158447554516256,True,0.9797611294690362,0.9797611294690362,0.9797611294690362,100.0,100.0,100.0,False,False,False,False
9626,110.0,True,0.0004579997039400041,0.004292000085115433,0.0002500019036233425,0.00020800507627427578,0.00033299875212833285,7.171707999077626,7.17770800110884,False,0.999538,0.8572218561401295,True,0.8610658335900354,0.8610658335900354,0.8610658335900354,100.0,100.0,100.0,True,True,True,True
9636,281.73,True,0.0004169996827840805,0.004499997885432094,0.00029200600693002343,0.0002500019036233425,0.0003749955794773996,7.230416995298583,7.2368330002063885,False,0.998816734,0.8934152963316806,True,0.9401831759410586,0.9401831759410586,0.9401831759410586,100.0,100.0,100.0,True,False,False,False
9638,566.04,True,0.00033299875212833285,0.004832996637560427,0.00033299875212833285,0.00024999462766572833,0.0004159956006333232,6.887791998451576,6.894457997987047,False,0.997622632,0.9991420624214706,True,1.0,1.0,1.0,100.0,100.0,100.0,False,False,False,False
9639,256.83,True,0.000500003807246685,0.004416004230733961,0.0002500019036233425,0.0002500019036233425,0.00037500285543501377,7.340625001234002,7.346958002017345,False,0.998921314,0.8335946083723268,True,0.8940181450675031,0.8940181450675031,0.8940181450675031,100.0,100.0,100.0,True,True,True,True
9643,399.0,True,0.000166997779160738,0.0023329994291998446,0.00012500095181167126,0.000166997779160738,0.00029099464882165194,6.6765830051735975,6.680040998617187,False,0.9983242,1.0,True,1.0,1.0,1.0,100.0,100.0,100.0,False,False,False,False
9644,399.0,True,0.0002500019036233425,0.0036249984987080097,0.000166997779160738,0.000166997779160738,0.00029200600693002343,7.201166998129338,7.206041002064012,False,0.9983242,0.7842666347184978,True,0.9146170005538099,0.9146170005538099,0.9146170005538099,100.0,100.0,100.0,True,False,False,False
9651,100.0,True,0.0004579997039400041,0.004417001036927104,0.0002910019247792661,0.0002079978003166616,0.00033300602808594704,3.611624997574836,3.617834001488518,False,0.99958,0.8610658335900354,True,0.8610658335900354,0.8610658335900354,0.8610658335900354,100.0,100.0,100.0,True,True,True,True
9655,400.0,True,0.00029200600693002343,0.004583998816087842,0.00024999462766572833,0.000166997779160738,0.00037500285543501377,6.952625000849366,6.958790996577591,False,0.99832,0.921362387009714,True,0.9797611294690362,0.9797611294690362,0.9797611294690362,100.0,100.0,100.0,False,False,False,False
9656,34.2,True,0.0004160028765909374,0.004333000106271356,0.0002500019036233425,0.000166997779160738,0.000333995558321476,3.481167004792951,3.487249996396713,False,0.99985636,1.0,True,1.0,1.0,1.0,34.2,34.2,34.2,False,False,False,False
9664,40.0,True,0.00037500285543501377,0.00429100327892229,0.00012500095181167126,0.0002079978003166616,0.0002910019247792661,3.421917004743591,3.4276669975952245,False,0.999832,1.0,True,1.0,1.0,1.0,40.0,40.0,40.0,False,False,False,False
9680,55.74,True,0.0004169996827840805,0.004457993782125413,0.0002500019036233425,0.0002079978003166616,0.00033299875212833285,3.5627920005936176,3.568957996321842,False,0.999765892,0.9113194381355408,True,0.9113194381355408,0.9113194381355408,0.9113194381355408,55.74,55.74,55.74,False,False,False,False
9701,105.0,True,0.0004999965312890708,0.005000001692678779,0.000333995558321476,0.0002500019036233425,0.00037500285543501377,7.868375003454275,7.875250004872214,False,0.999559,0.7321401771507284,True,0.7415397500008176,0.7415397500008176,0.7415397500008176,100.0,100.0,100.0,True,True,True,True
9712,79.0,True,0.0006659975042566657,0.006207999831531197,0.00037500285543501377,0.00033299875212833285,0.000500003807246685,3.689832999953069,3.6984589969506487,False,0.9996682,0.8687025316718774,True,0.8687025316718774,0.8687025316718774,0.8687025316718774,79.0,79.0,79.0,True,True,True,True
9721,86.0,True,0.0004579997039400041,0.004499997885432094,0.0002500019036233425,0.0002079978003166616,0.00033299875212833285,3.9011670014588162,3.9074589949450456,False,0.9996388,0.7606221967122383,True,0.7606221967122383,0.7606221967122383,0.7606221967122383,86.0,86.0,86.0,True,True,True,True
9723,100.0,True,0.0004169996827840805,0.00470800296170637,0.00029199873097240925,0.00016700505511835217,0.0004160028765909374,3.5492919996613637,3.555832998245023,False,0.99958,1.0,True,1.0,1.0,1.0,100.0,100.0,100.0,False,False,False,False
9731,436.0,True,0.00016700505511835217,0.0021669984562322497,0.00012500095181167126,0.00016600097296759486,0.00033400283427909017,6.818667003244627,6.821957998909056,False,0.9981688,1.0,True,1.0,1.0,1.0,100.0,100.0,100.0,False,False,False,False
9732,108.0,True,0.00033300602808594704,0.003583001671358943,0.00016600097296759486,0.000166997779160738,0.00037500285543501377,6.774540997867007,6.77966699731769,False,0.9995464,1.0,True,1.0,1.0,1.0,100.0,100.0,100.0,False,False,False,False
9734,287.0,True,0.00029199873097240925,0.003083994670305401,0.0002090018824674189,0.0002079978003166616,0.0004159956006333232,7.492042001103982,7.496750004065689,False,0.9987946,0.8268849338917564,True,0.8995365401683191,0.8995365401683191,0.8995365401683191,100.0,100.0,100.0,True,True,True,True
9738,289.0,True,0.0002079978003166616,0.002583001332823187,8.299684850499034e-05,0.00016600097296759486,0.00033299875212833285,7.227499998407438,7.231291994685307,False,0.9987862,0.8519809548764153,True,0.9146170005538099,0.9146170005538099,0.9146170005538099,100.0,100.0,100.0,True,False,False,False
9752,26.8,True,8.300412446260452e-05,0.0020000006770715117,0.00012500095181167126,8.299684850499034e-05,0.00029199873097240925,3.6740420036949217,3.67716600158019,False,0.99988744,1.0,True,1.0,1.0,1.0,26.8,26.8,26.8,False,False,False,False
9755,112.23,True,0.000500003807246685,0.004875000740867108,0.00029199873097240925,0.0002500019036233425,0.0003749955794773996,7.526458997745067,7.5333339991630055,False,0.999528634,0.9114709085262716,True,0.9146170005538099,0.9146170005538099,0.9146170005538099,100.0,100.0,100.0,False,False,False,False
9769,93.0,True,0.0004579997039400041,0.004666995664592832,0.00029199873097240925,0.0002090018824674189,0.000333995558321476,3.506375003780704,3.512832998239901,False,0.9996094,1.0,True,1.0,1.0,1.0,93.0,93.0,93.0,False,False,False,False
9770,300.0,True,0.00037500285543501377,0.004417001036927104,0.0002500019036233425,0.0002079978003166616,0.00029199873097240925,7.156542000302579,7.162666996009648,False,0.99874,1.0,True,1.0,1.0,1.0,100.0,100.0,100.0,False,False,False,False
9771,436.07,True,0.00029199873097240925,0.004666995664592832,0.0002079978003166616,0.00020800507627427578,0.00037500285543501377,7.147707998228725,7.154124999942724,False,0.998168506,1.0,True,1.0,1.0,1.0,100.0,100.0,100.0,False,False,False,False
9772,83.0,True,0.0004579997039400041,0.004583998816087842,0.00029199873097240925,0.0002500019036233425,0.00037500285543501377,3.5170830014976673,3.5235840041423216,False,0.9996514,1.0,True,1.0,1.0,1.0,83.0,83.0,83.0,False,False,False,False
9774,253.0,True,0.0004590037860907614,0.004916997568216175,0.00033299875212833285,0.0002910019247792661,0.0004169996827840805,7.591749999846797,7.598625001264736,False,0.9989374,0.8355653582682776,True,0.8940181450675031,0.8940181450675031,0.8940181450675031,100.0,100.0,100.0,True,True,True,True
9777,26.0,True,0.00024999462766572833,0.002625005436129868,0.000166997779160738,0.00016700505511835217,0.00033299875212833285,3.822250000666827,3.8262079979176633,False,0.9998908,0.8077071409957758,True,0.8077071409957758,0.8077071409957758,0.8077071409957758,26.0,26.0,26.0,True,True,True,True
9779,399.0,True,0.0002079978003166616,0.002792003215290606,0.000166997779160738,0.00012500095181167126,0.0002910019247792661,7.244334003189579,7.248333997267764,False,0.9983242,0.8106525142089576,True,0.9237376331502339,0.9237376331502339,0.9237376331502339,100.0,100.0,100.0,True,False,False,False
9783,393.93,True,0.0002079978003166616,0.0027909991331398487,0.00016700505511835217,0.00012499367585405707,0.00033299875212833285,6.9623750023311,6.966416993236635,False,0.998345494,0.9773485709415531,True,1.0,1.0,1.0,100.0,100.0,100.0,False,False,False,False
9811,477.83,True,0.00012500095181167126,0.0022079984773881733,0.00012500095181167126,8.400093065574765e-05,0.00033299875212833285,7.192791999841575,7.196165999630466,False,0.997993114,1.0,True,1.0,1.0,1.0,100.0,100.0,100.0,False,False,False,False
9812,24.0,True,0.0004579997039400041,0.0048340007197111845,0.00029199873097240925,0.00016600097296759486,0.00037500285543501377,3.602666998631321,3.609334002248943,False,0.9998992,1.0,True,1.0,1.0,1.0,24.0,24.0,24.0,False,False,False,False
9832,12.8,True,0.00033299875212833285,0.003874993126373738,0.0002090018824674189,0.000166997779160738,0.0002910019247792661,3.6791250022361055,3.6845000067842193,False,0.99994624,0.9167104156452021,True,0.9167104156452021,0.9167104156452021,0.9167104156452021,12.8,12.8,12.8,False,False,False,False
9836,190.0,True,0.0004999965312890708,0.004959001671522856,0.00033400283427909017,0.0002090018824674189,0.000333995558321476,6.954249998671003,6.961084000067785,False,0.999202,1.0,True,1.0,1.0,1.0,100.0,100.0,100.0,False,False,False,False
9862,759.5,True,0.000166997779160738,0.0020410006982274354,8.299684850499034e-05,8.299684850499034e-05,0.00029199873097240925,7.252957999298815,7.256040997162927,False,0.9968101,0.8737180401468909,True,1.0,1.0,1.0,100.0,100.0,100.0,True,False,False,False
9873,515.9,True,0.0004169996827840805,0.005583999154623598,0.00033299875212833285,0.0002079978003166616,0.0004579997039400041,7.484582994948141,7.492249998904299,False,0.99783322,1.0,True,1.0,1.0,1.0,100.0,100.0,100.0,False,False,False,False
9874,15.93,True,0.0003749955794773996,0.0038750004023313522,0.0002910019247792661,0.00020800507627427578,0.0003749955794773996,3.7934579959255643,3.7990830023773015,False,0.999933094,1.0,True,1.0,1.0,1.0,15.93,15.93,15.93,False,False,False,False
9879,371.95,True,0.000166997779160738,0.0025420013116672635,0.00020800507627427578,0.00012500095181167126,0.00033299875212833285,7.217916994704865,7.221625004603993,False,0.99843781,1.0,True,1.0,1.0,1.0,100.0,100.0,100.0,False,False,False,False
9880,114.44,True,0.00045899651013314724,0.004958004865329713,0.00029199873097240925,0.0002090018824674189,0.00033400283427909017,7.129833997169044,7.136667001759633,False,0.999519352,0.9202619086037376,True,0.9237376331502339,0.9237376331502339,0.9237376331502339,100.0,100.0,100.0,False,False,False,False
9896,240.07,True,0.0004579997039400041,0.004166002327110618,0.00024999462766572833,0.0002079978003166616,0.0002910019247792661,7.18241700087674,7.188291994680185,False,0.998991706,1.0,True,1.0,1.0,1.0,100.0,100.0,100.0,False,False,False,False
9903,402.0,True,0.000166997779160738,0.002458000381011516,0.00012500095181167126,0.00012500095181167126,0.00033299875212833285,6.842374998086598,6.846040996606462,False,0.9983116,0.9827736043072262,True,1.0,1.0,1.0,100.0,100.0,100.0,False,False,False,False
9904,105.0,True,0.0004999965312890708,0.0051670067477971315,0.0002910019247792661,0.0002079978003166616,0.00029199873097240925,7.034000002022367,7.041083001240622,False,0.999559,1.0,True,1.0,1.0,1.0,100.0,100.0,100.0,False,False,False,False
9910,342.56,True,0.000166997779160738,0.0023750035325065255,0.00012500095181167126,8.300412446260452e-05,0.00029199873097240925,7.030458000372164,7.033916001091711,False,0.998561248,1.0,True,1.0,1.0,1.0,100.0,100.0,100.0,False,False,False,False
9911,1.0,True,0.00037500285543501377,0.0036660057958215475,0.0002079978003166616,0.000166997779160738,0.00033400283427909017,3.647958998044487,3.6531250007101335,False,0.9999958,0.9365165417091369,True,0.9365165417091369,0.9365165417091369,0.9365165417091369,1.0,1.0,1.0,False,False,False,False
9912,213.88,True,0.00037500285543501377,0.003583001671358943,0.00024999462766572833,0.00016600097296759486,0.00029199873097240925,6.97083400154952,6.975999996939208,False,0.999101704,1.0,True,1.0,1.0,1.0,100.0,100.0,100.0,False,False,False,False
9915,360.0,True,0.00012499367585405707,0.002583001332823187,0.000166997779160738,8.300412446260452e-05,0.0002910019247792661,7.191124997916631,7.19470799958799,False,0.998488,0.8141879388579295,True,0.9146170005538099,0.9146170005538099,0.9146170005538099,100.0,100.0,100.0,True,False,False,False
9934,5.0,True,0.00012500095181167126,0.0022079984773881733,8.300412446260452e-05,8.300412446260452e-05,0.00037500285543501377,3.802457998972386,3.805749998718966,False,0.999979,0.8191306823715253,True,0.8191306823715253,0.8191306823715253,0.8191306823715253,5.0,5.0,5.0,True,True,True,True
9937,401.67,True,0.00016600097296759486,0.0028750000637955964,0.00012500095181167126,0.00012500095181167126,0.0004169996827840805,7.038124997052364,7.042291996185668,False,0.998312986,1.0,True,1.0,1.0,1.0,100.0,100.0,100.0,False,False,False,False
9938,105.0,True,0.00033400283427909017,0.004082998202648014,0.0002079978003166616,0.000166997779160738,0.00029199873097240925,7.414125000650529,7.419749999826308,False,0.999559,0.8426036639258863,True,0.8447972696279995,0.8447972696279995,0.8447972696279995,100.0,100.0,100.0,True,True,True,True
9963,79.0,True,0.0002079978003166616,0.0024579931050539017,0.00016700505511835217,0.00012500095181167126,0.0003749955794773996,3.729707997990772,3.733416997420136,False,0.9996682,0.8756197124152681,True,0.8756197124152681,0.8756197124152681,0.8756197124152681,79.0,79.0,79.0,True,True,True,True
9968,435.33,True,0.0002500019036233425,0.004750007065013051,0.00029199873097240925,0.0002500019036233425,0.0003749955794773996,7.302208003238775,7.308624997676816,False,0.998171614,0.8290879737982462,True,0.9401831759410586,0.9401831759410586,0.9401831759410586,100.0,100.0,100.0,True,False,False,False
9969,18.0,True,0.00033299875212833285,0.0036249984987080097,0.00012500095181167126,0.00012500095181167126,0.00033300602808594704,3.6273750010877848,3.6324169996078126,False,0.9999244,0.9336346156783099,True,0.9336346156783099,0.9336346156783099,0.9336346156783099,18.0,18.0,18.0,False,False,False,False
9985,84.03,True,0.0003749955794773996,0.004540997906588018,0.0002500019036233425,0.0002079978003166616,0.00029199873097240925,3.7058339948998764,3.71212499885587,False,0.999647074,0.8985576041036687,True,0.8985576041036687,0.8985576041036687,0.8985576041036687,84.03,84.03,84.03,True,True,True,True
9996,52.0,True,0.00012500095181167126,0.002125001628883183,0.00012500095181167126,8.300412446260452e-05,0.00033299875212833285,3.675457999634091,3.6786670025321655,False,0.9997816,0.934546125783351,True,0.934546125783351,0.934546125783351,0.934546125783351,52.0,52.0,52.0,False,False,False,False
10058,350.0,True,0.00012500095181167126,0.0020420047803781927,4.200410330668092e-05,8.300412446260452e-05,0.00033299875212833285,7.046416001685429,7.049500003631692,False,0.99853,0.8692783298285994,True,0.9401831759410586,0.9401831759410586,0.9401831759410586,100.0,100.0,100.0,True,False,False,False
10059,18.0,True,0.0003749955794773996,0.0038750004023313522,0.00020800507627427578,0.0002079978003166616,0.000333995558321476,3.3691670032567345,3.3745830005500466,False,0.9999244,1.0,True,1.0,1.0,1.0,18.0,18.0,18.0,False,False,False,False
10080,40.0,True,0.0006659975042566657,0.005750000127591193,0.0004169996827840805,0.00033299875212833285,0.0004579997039400041,3.577083996788133,3.5853340014000423,False,0.999832,1.0,True,1.0,1.0,1.0,40.0,40.0,40.0,False,False,False,False
10104,293.0,True,8.400093065574765e-05,0.0020420047803781927,4.1000021155923605e-05,8.300412446260452e-05,0.00037500285543501377,7.360875002632383,7.3639580004964955,False,0.9987694,0.9280491417736261,True,0.9667758969914794,0.9667758969914794,0.9667758969914794,100.0,100.0,100.0,False,False,False,False
10108,439.66,True,0.00016600097296759486,0.0026659981813281775,0.00012500095181167126,0.000166997779160738,0.000333995558321476,7.319625001400709,7.3235000018030405,False,0.998153428,0.9101556275724028,True,0.9797611294690362,0.9797611294690362,0.9797611294690362,100.0,100.0,100.0,False,False,False,False
10110,13.0,True,0.00045899651013314724,0.0049579975893720984,0.00029200600693002343,0.0002079978003166616,0.0004579997039400041,3.398291999474168,3.4050829999614507,False,0.9999454,1.0,True,1.0,1.0,1.0,13.0,13.0,13.0,False,False,False,False
10123,190.0,True,0.0003749955794773996,0.003749999450519681,0.0002090018824674189,0.00012500095181167126,0.00033300602808594704,7.0140000025276095,7.01929099886911,False,0.999202,1.0,True,1.0,1.0,1.0,100.0,100.0,100.0,False,False,False,False
10147,83.13,True,0.00012500095181167126,0.0019169965526089072,8.400093065574765e-05,8.300412446260452e-05,0.00029199873097240925,3.5614580046967603,3.564334001566749,False,0.999650854,1.0,True,1.0,1.0,1.0,83.13,83.13,83.13,False,False,False,False
10154,340.18,True,0.0002079978003166616,0.003291999746579677,0.000166997779160738,0.00012500095181167126,0.0004169996827840805,7.100540999090299,7.1053329957067035,False,0.998571244,0.9807578898616155,True,1.0,1.0,1.0,100.0,100.0,100.0,False,False,False,False
10155,73.64,True,0.000500003807246685,0.005209003575146198,0.00033400283427909017,0.0002079978003166616,0.0004169996827840805,3.6248339965823106,3.63212500087684,False,0.999690712,1.0,True,1.0,1.0,1.0,73.64,73.64,73.64,False,False,False,False
10159,183.71,True,0.0005830006557516754,0.00549999822396785,0.00029099464882165194,0.0002079978003166616,0.00037500285543501377,7.343583005422261,7.351125001150649,False,0.999228418,1.0,True,1.0,1.0,1.0,100.0,100.0,100.0,False,False,False,False
10161,467.5,True,0.0002079978003166616,0.0034580007195472717,0.0002079978003166616,0.00012500095181167126,0.0003749955794773996,7.123584000510164,7.128375000320375,False,0.9980365,1.0,True,1.0,1.0,1.0,100.0,100.0,100.0,False,False,False,False
10163,143.0,True,0.0005830006557516754,0.004665998858399689,0.0002079978003166616,0.00016700505511835217,0.00029199873097240925,7.244417000038084,7.250958995427936,False,0.9993994,0.8923585473703757,True,0.9047710926081675,0.9047710926081675,0.9047710926081675,100.0,100.0,100.0,True,False,False,False
10193,436.05,True,0.00012500095181167126,0.002334003511350602,8.399365469813347e-05,0.00012500095181167126,0.0003749955794773996,6.9412919983733445,6.944707994989585,False,0.99816859,0.9982268031269798,True,1.0,1.0,1.0,100.0,100.0,100.0,False,False,False,False
10200,687.5,True,0.000166997779160738,0.0024999972083605826,8.299684850499034e-05,0.00012499367585405707,0.0004159956006333232,7.231957999465521,7.235666998894885,False,0.9971125,0.9895980825738486,True,1.0,1.0,1.0,100.0,100.0,100.0,False,False,False,False
10201,13.0,True,0.000500003807246685,0.005125002644490451,0.00033299875212833285,0.0002079978003166616,0.00033299875212833285,3.542375001416076,3.5494159965310246,False,0.9999454,1.0,True,1.0,1.0,1.0,13.0,13.0,13.0,False,False,False,False
10208,2.62,True,0.00016700505511835217,0.0024999972083605826,0.00016700505511835217,0.00012499367585405707,0.00033299875212833285,3.4429160004947335,3.4465839999029413,False,0.999988996,0.9896319285263704,True,0.9896319285263704,0.9896319285263704,0.9896319285263704,2.62,2.62,2.62,False,False,False,False
10212,73.0,True,0.00016700505511835217,0.0023329994291998446,0.00012500095181167126,0.00012499367585405707,0.00033299875212833285,3.412209000089206,3.4156659967266023,False,0.9996934,1.0,True,1.0,1.0,1.0,73.0,73.0,73.0,False,False,False,False
10216,9.75,True,0.0002090018824674189,0.002416993083897978,0.00012500095181167126,0.00012500095181167126,0.00029199873097240925,3.665083000669256,3.668707999167964,False,0.99995905,0.8774990542369893,True,0.8774990542369893,0.8774990542369893,0.8774990542369893,9.75,9.75,9.75,True,True,True,True
10217,228.0,True,0.00033300602808594704,0.0035420016502030194,0.0002090018824674189,0.00012499367585405707,0.00029199873097240925,7.598666998092085,7.603666002978571,False,0.9990424,0.7576197641412873,True,0.8447972696279995,0.8447972696279995,0.8447972696279995,100.0,100.0,100.0,True,True,True,True
10233,337.29,True,0.000166997779160738,0.0020419975044205785,0.00012500095181167126,8.399365469813347e-05,0.00033400283427909017,7.078957998601254,7.082124997396022,False,0.998583382,1.0,True,1.0,1.0,1.0,100.0,100.0,100.0,False,False,False,False
10270,359.44,True,0.00012500095181167126,0.0022079984773881733,8.299684850499034e-05,8.299684850499034e-05,0.00033300602808594704,7.463374997314531,7.466667004337069,False,0.998490352,0.9318077894756772,True,0.9797611294690362,0.9797611294690362,0.9797611294690362,100.0,100.0,100.0,False,False,False,False
10276,36.0,True,0.0004590037860907614,0.004792003892362118,0.00033299875212833285,0.0002079978003166616,0.0003749955794773996,3.5214579984312877,3.5282079988974147,False,0.9998488,1.0,True,1.0,1.0,1.0,36.0,36.0,36.0,False,False,False,False
10289,40.0,True,0.0004160028765909374,0.0049579975893720984,0.00029199873097240925,0.0002500019036233425,0.00037500285543501377,3.499291000480298,3.5062080060015433,False,0.999832,1.0,True,1.0,1.0,1.0,40.0,40.0,40.0,False,False,False,False
10300,271.0,True,0.0002079978003166616,0.002082997525576502,8.300412446260452e-05,8.300412446260452e-05,0.0004579997039400041,7.543332998466212,7.54662500548875,False,0.9988618,0.8354503439892284,True,0.8995365401683191,0.8995365401683191,0.8995365401683191,100.0,100.0,100.0,True,True,True,True
10308,300.0,True,0.0002079978003166616,0.0022080057533457875,8.299684850499034e-05,4.1996827349066734e-05,0.00033299875212833285,7.069874998705927,7.0731249943492,False,0.99874,1.0,True,1.0,1.0,1.0,100.0,100.0,100.0,False,False,False,False
10309,20.0,True,0.0004579997039400041,0.0038750004023313522,0.0002500019036233425,0.00020899460650980473,0.00029200600693002343,3.570250002667308,3.5757080040639266,False,0.999916,0.9198578111595942,True,0.9198578111595942,0.9198578111595942,0.9198578111595942,20.0,20.0,20.0,False,False,False,False
10325,494.0,True,0.00012500095181167126,0.0023749962565489113,8.299684850499034e-05,0.00012500095181167126,0.0004590037860907614,7.014667004114017,7.018208001682069,False,0.9979252,1.0,True,1.0,1.0,1.0,100.0,100.0,100.0,False,False,False,False
10326,494.0,True,0.000333995558321476,0.00404199818149209,0.0002500019036233425,0.0002090018824674189,0.0004169996827840805,7.291750000149477,7.297457996173762,False,0.9979252,0.9676997153439015,True,1.0,1.0,1.0,100.0,100.0,100.0,False,False,False,False
10327,26.0,True,0.0004579997039400041,0.004333000106271356,0.00029099464882165194,0.0002079978003166616,0.00033299875212833285,3.7689579985453747,3.77512499835575,False,0.9998908,0.8491177382768621,True,0.8491177382768621,0.8491177382768621,0.8491177382768621,26.0,26.0,26.0,True,True,True,True
10338,232.0,True,0.00016599369700998068,0.002082997525576502,0.00012500095181167126,0.00012500095181167126,0.00029199873097240925,6.9887920035398565,6.991957998252474,False,0.9990256,1.0,True,1.0,1.0,1.0,100.0,100.0,100.0,False,False,False,False
10378,150.0,True,0.0004159956006333232,0.004832996637560427,0.00033299875212833285,0.00029200600693002343,0.00045899651013314724,7.111708000593353,7.118625006114598,False,0.99937,1.0,True,1.0,1.0,1.0,100.0,100.0,100.0,False,False,False,False
10382,376.0,True,0.00029199873097240925,0.004749999789055437,0.00029199873097240925,0.0002090018824674189,0.0004169996827840805,7.279791003384162,7.286290994670708,False,0.9984208,0.8251505349129727,True,0.9237376331502339,0.9237376331502339,0.9237376331502339,100.0,100.0,100.0,True,False,False,False
10383,71.67,True,0.0005420006345957518,0.004917004844173789,0.00029199873097240925,0.0002090018824674189,0.00037500285543501377,3.6337499986984767,3.6406660001375712,False,0.999698986,0.9215750537819435,True,0.9215750537819435,0.9215750537819435,0.9215750537819435,71.67,71.67,71.67,False,False,False,False
10399,323.0,True,0.00012500095181167126,0.002082997525576502,8.299684850499034e-05,8.299684850499034e-05,0.00033299875212833285,7.2136249946197495,7.216749996587168,False,0.9986434,0.7908100805266853,True,0.8940181450675031,0.8940181450675031,0.8940181450675031,100.0,100.0,100.0,True,True,True,True
10418,72.0,True,0.00012499367585405707,0.0020419975044205785,8.299684850499034e-05,8.300412446260452e-05,0.00037500285543501377,3.4270000032847747,3.4300829938729294,False,0.9996976,1.0,True,1.0,1.0,1.0,72.0,72.0,72.0,False,False,False,False
10425,300.0,True,0.000166997779160738,0.0022500025806948543,8.299684850499034e-05,0.00012500095181167126,0.00029199873097240925,6.825834003393538,6.829208999988623,False,0.99874,1.0,True,1.0,1.0,1.0,100.0,100.0,100.0,False,False,False,False
10430,15.0,True,0.0004160028765909374,0.0047909998102113605,0.0002910019247792661,0.0002500019036233425,0.0004169996827840805,3.617083995777648,3.623791999416426,False,0.999937,0.8252016079354744,True,0.8252016079354744,0.8252016079354744,0.8252016079354744,15.0,15.0,15.0,True,True,True,True
10452,32.75,True,0.00020899460650980473,0.0024170003598555923,0.00012500095181167126,0.00012500095181167126,0.00037500285543501377,3.5619589980342425,3.5656249965541065,False,0.99986245,1.0,True,1.0,1.0,1.0,32.75,32.75,32.75,False,False,False,False
10468,870.63,True,0.000166997779160738,0.0026659981813281775,0.00012500095181167126,0.00012500095181167126,0.00037500285543501377,7.098583999322727,7.102499999746215,False,0.996343354,0.9218395707883413,True,1.0,1.0,1.0,100.0,100.0,100.0,False,False,False,False
10471,899.84,True,0.0002090018824674189,0.002959000994451344,0.00012500095181167126,0.00012500095181167126,0.0004169996827840805,6.9417499980772845,6.945958004507702,False,0.996220672,0.9606679399114466,True,1.0,1.0,1.0,100.0,100.0,100.0,False,False,False,False
10472,23.0,True,0.0004170069587416947,0.00404199818149209,0.0002500019036233425,0.000166997779160738,0.00033299875212833285,3.44549999863375,3.451167001912836,False,0.9999034,1.0,True,1.0,1.0,1.0,23.0,23.0,23.0,False,False,False,False
10493,72.0,True,0.000166997779160738,0.0020420047803781927,8.299684850499034e-05,8.299684850499034e-05,0.00033299875212833285,3.923874995962251,3.926958001102321,False,0.9996976,0.7748191701880155,True,0.7748191701880155,0.7748191701880155,0.7748191701880155,72.0,72.0,72.0,True,True,True,True
10502,112.21,True,0.000667001586407423,0.0054159972933121026,0.0004169996827840805,0.000333995558321476,0.0005420006345957518,7.644582998182159,7.652458996744826,False,0.999528718,0.8297184060116758,True,0.8355857541854383,0.8355857541854383,0.8355857541854383,100.0,100.0,100.0,True,True,True,True
10538,57.0,True,0.0005420006345957518,0.005083005817141384,0.00037500285543501377,0.00033299875212833285,0.000500003807246685,4.128166998270899,4.135582996241283,False,0.9997606,0.8761454551287563,True,0.8761454551287563,0.8761454551287563,0.8761454551287563,57.0,57.0,57.0,True,True,True,True
10547,26.0,True,0.0004579997039400041,0.004708999767899513,0.00029199873097240925,0.000166997779160738,0.0003749955794773996,3.69579199468717,3.7024170014774427,False,0.9998908,0.8791947349436074,True,0.8791947349436074,0.8791947349436074,0.8791947349436074,26.0,26.0,26.0,True,True,True,True
10549,77.32,True,0.0004999965312890708,0.005166999471839517,0.00037500285543501377,0.0002500019036233425,0.00037500285543501377,3.844332997687161,3.8516249987878837,False,0.999675256,0.7697960021457361,True,0.7697960021457361,0.7697960021457361,0.7697960021457361,77.32,77.32,77.32,True,True,True,True
10558,35.75,True,0.0005830006557516754,0.0055829950724728405,0.0003749955794773996,0.0002500019036233425,0.0004170069587416947,3.802834005909972,3.810624999459833,False,0.99984985,0.8018251393948329,True,0.8018251393948329,0.8018251393948329,0.8018251393948329,35.75,35.75,35.75,True,True,True,True
10565,494.0,True,0.0002079978003166616,0.0022500025806948543,8.399365469813347e-05,8.299684850499034e-05,0.0003749955794773996,6.925582994881552,6.928875001904089,False,0.9979252,1.0,True,1.0,1.0,1.0,100.0,100.0,100.0,False,False,False,False
10567,339.0,True,0.0005830006557516754,0.005707996024284512,0.0003749955794773996,0.0002079978003166616,0.0004159956006333232,7.125749994884245,7.133625003916677,False,0.9985762,0.9907793342570852,True,1.0,1.0,1.0,100.0,100.0,100.0,False,False,False,False
10571,494.0,True,0.00016700505511835217,0.002583001332823187,0.000166997779160738,0.00012500095181167126,0.00033300602808594704,6.673249998129904,6.676917000731919,False,0.9979252,1.0,True,1.0,1.0,1.0,100.0,100.0,100.0,False,False,False,False
10572,100.0,True,0.0003749955794773996,0.003582994395401329,0.0002910019247792661,0.0002079978003166616,0.00029199873097240925,3.333624998049345,3.3388329975423403,False,0.99958,1.0,True,1.0,1.0,1.0,100.0,100.0,100.0,False,False,False,False
10573,497.51,True,0.0002079978003166616,0.0035000048228539526,0.0002500019036233425,0.000166997779160738,0.00029199873097240925,6.860833003884181,6.865666997327935,False,0.997910458,0.9895308565402418,True,1.0,1.0,1.0,100.0,100.0,100.0,False,False,False,False
10574,57.06,True,0.0004590037860907614,0.004583002009894699,0.0002500019036233425,0.0002079978003166616,0.00037500285543501377,3.549583998392336,3.5560000033001415,False,0.999760348,0.9249958669867344,True,0.9249958669867344,0.9249958669867344,0.9249958669867344,57.06,57.06,57.06,False,False,False,False
10578,349.51,True,0.00016600097296759486,0.002458000381011516,0.00012500095181167126,0.00012500095181167126,0.00037500285543501377,6.803875003242865,6.8073750007897615,False,0.998532058,1.0,True,1.0,1.0,1.0,100.0,100.0,100.0,False,False,False,False
10580,469.84,True,0.0002079978003166616,0.002792003215290606,0.00016600097296759486,0.00012500095181167126,0.0002500019036233425,6.889708005473949,6.893625002703629,False,0.998026672,1.0,True,1.0,1.0,1.0,100.0,100.0,100.0,False,False,False,False
10582,55.0,True,0.00029199873097240925,0.004084002284798771,0.00033299875212833285,0.000166997779160738,0.00037500285543501377,3.5898749993066303,3.5955420025857165,False,0.999769,0.8698459417200122,True,0.8698459417200122,0.8698459417200122,0.8698459417200122,55.0,55.0,55.0,True,True,True,True
10626,80.0,True,0.00029200600693002343,0.003249995643272996,0.0002079978003166616,0.00016700505511835217,0.0003749955794773996,3.9482919964939356,3.953040999476798,False,0.999664,0.7671081123542811,True,0.7671081123542811,0.7671081123542811,0.7671081123542811,80.0,80.0,80.0,True,True,True,True
10650,514.0,True,0.00012500095181167126,0.0022080057533457875,0.00012499367585405707,0.00020800507627427578,0.0003749955794773996,7.22791700536618,7.231291994685307,False,0.9978412,1.0,True,1.0,1.0,1.0,100.0,100.0,100.0,False,False,False,False
10651,37.5,True,0.0004169996827840805,0.004375004209578037,0.0002500019036233425,0.00016700505511835217,0.000333995558321476,3.6596670033759438,3.6657919990830123,False,0.9998425,0.9107682274190766,True,0.9107682274190766,0.9107682274190766,0.9107682274190766,37.5,37.5,37.5,False,False,False,False
10653,280.0,True,0.00029099464882165194,0.0030000010156072676,0.000166997779160738,0.0002079978003166616,0.00033300602808594704,6.944833003217354,6.949416994757485,False,0.998824,1.0,True,1.0,1.0,1.0,100.0,100.0,100.0,False,False,False,False
10656,340.0,True,0.00016600097296759486,0.002624998160172254,0.00012499367585405707,0.00012500095181167126,0.0003749955794773996,6.833874998847023,6.837624998297542,False,0.998572,1.0,True,1.0,1.0,1.0,100.0,100.0,100.0,False,False,False,False
10658,1260.25,True,0.0004590037860907614,0.005083005817141384,0.00033299875212833285,0.0002079978003166616,0.00037500285543501377,7.506041001761332,7.5130000041099265,False,0.99470695,0.824637971049061,True,1.0,1.0,1.0,100.0,100.0,100.0,True,False,False,False
10659,228.04,True,0.0005839974619448185,0.004791996616404504,0.0002500019036233425,0.000166997779160738,0.00037500285543501377,7.048416999168694,7.055250003759284,False,0.999042232,0.8390574936089165,True,0.8880973597911049,0.8880973597911049,0.8880973597911049,100.0,100.0,100.0,True,True,True,True
10666,285.91,True,0.0002500019036233425,0.0022079984773881733,0.00012500095181167126,8.299684850499034e-05,0.00029200600693002343,7.197083003120497,7.2004579997155815,False,0.998799178,0.8171868693446072,True,0.8940181450675031,0.8940181450675031,0.8940181450675031,100.0,100.0,100.0,True,True,True,True
10673,288.0,True,0.0002079978003166616,0.002415996277704835,0.00012499367585405707,0.00016600097296759486,0.00024999462766572833,7.2215000036521815,7.225000001199078,False,0.9987904,1.0,True,1.0,1.0,1.0,100.0,100.0,100.0,False,False,False,False
10674,54.0,True,0.0004579997039400041,0.0041669991333037615,0.0002910019247792661,0.000166997779160738,0.00033400283427909017,3.715499995450955,3.7213750038063154,False,0.9997732,0.9117519040947117,True,0.9117519040947117,0.9117519040947117,0.9117519040947117,54.0,54.0,54.0,False,False,False,False
10676,34.65,True,0.0006249974831007421,0.004250003257766366,0.0002500019036233425,0.00016700505511835217,0.00029199873097240925,3.61745800182689,3.623625001637265,False,0.99985447,1.0,True,1.0,1.0,1.0,34.65,34.65,34.65,False,False,False,False
10684,596.83,True,0.000166997779160738,0.0023749962565489113,0.00012500095181167126,0.00016600097296759486,0.0004169996827840805,7.305917002668139,7.309583997994196,False,0.997493314,0.9856371530877621,True,1.0,1.0,1.0,100.0,100.0,100.0,False,False,False,False
10685,30.0,True,0.0004169996827840805,0.0036669953260570765,0.0002500019036233425,0.0002500019036233425,0.00029199873097240925,3.76325000252109,3.7686249997932464,False,0.999874,0.8176483313279072,True,0.8176483313279072,0.8176483313279072,0.8176483313279072,30.0,30.0,30.0,True,True,True,True
10687,110.0,True,0.0005409965524449944,0.005250003596302122,0.00037500285543501377,0.0002910019247792661,0.0004169996827840805,7.649958999536466,7.657417001610156,False,0.999538,0.7567820696869135,True,0.7680093342580133,0.7680093342580133,0.7680093342580133,100.0,100.0,100.0,True,True,True,True
10701,266.33,True,0.0005420006345957518,0.004833003913518041,0.00033299875212833285,0.0002500019036233425,0.0003749955794773996,7.139875000575557,7.146875002945308,False,0.998881414,0.9861937831272476,True,0.9992122092123257,0.9992122092123257,0.9992122092123257,100.0,100.0,100.0,False,False,False,False
10712,21.0,True,0.00029200600693002343,0.0027080022846348584,0.00020800507627427578,0.00016600097296759486,0.00037500285543501377,3.699125001730863,3.7032910040579736,False,0.9999118,1.0,True,1.0,1.0,1.0,21.0,21.0,21.0,False,False,False,False
10713,237.0,True,0.00037500285543501377,0.004333000106271356,0.00024999462766572833,0.0002500019036233425,0.0003749955794773996,6.816542001615744,6.822584000474308,False,0.9990046,1.0,True,1.0,1.0,1.0,100.0,100.0,100.0,False,False,False,False
10719,316.0,True,0.000166997779160738,0.0022090025595389307,8.400093065574765e-05,0.00012499367585405707,0.00029199873097240925,7.232625001051929,7.2359170007985085,False,0.9986728,1.0,True,1.0,1.0,1.0,100.0,100.0,100.0,False,False,False,False
10727,406.22,True,0.00016600097296759486,0.0023329994291998446,0.00012500095181167126,0.00016599369700998068,0.00037500285543501377,7.406791002722457,7.4102500002481975,False,0.998293876,1.0,True,1.0,1.0,1.0,100.0,100.0,100.0,False,False,False,False
10728,195.41,True,0.00037500285543501377,0.0038750004023313522,0.0002500019036233425,0.000166997779160738,0.00033299875212833285,6.795624998630956,6.801042000006419,False,0.999179278,1.0,True,1.0,1.0,1.0,100.0,100.0,100.0,False,False,False,False
10730,355.0,True,0.0002079978003166616,0.003083005140069872,0.000166997779160738,0.00016700505511835217,0.00033299875212833285,6.954500000574626,6.9588749975082465,False,0.998509,1.0,True,1.0,1.0,1.0,100.0,100.0,100.0,False,False,False,False
10731,118.92,True,0.0004169996827840805,0.004207999154459685,0.00020899460650980473,0.000166997779160738,0.00029199873097240925,7.211874995846301,7.217792001029011,False,0.999500536,0.8821861180511925,True,0.8880973597911049,0.8880973597911049,0.8880973597911049,100.0,100.0,100.0,True,True,True,True
10755,177.15,True,0.000500003807246685,0.005000001692678779,0.00033299875212833285,0.0002079978003166616,0.00037500285543501377,7.168124997406267,7.17508299567271,False,0.99925597,1.0,True,1.0,1.0,1.0,100.0,100.0,100.0,False,False,False,False
10758,34.0,True,0.00024999462766572833,0.002792003215290606,0.00016600097296759486,0.0002090018824674189,0.00033400283427909017,3.5550829998101108,3.5592499989434145,False,0.9998572,1.0,True,1.0,1.0,1.0,34.0,34.0,34.0,False,False,False,False
10767,25.0,True,0.0005410038284026086,0.004833003913518041,0.00033300602808594704,0.0002079978003166616,0.0004999965312890708,3.671167003631126,3.6781250018975697,False,0.999895,1.0,True,1.0,1.0,1.0,25.0,25.0,25.0,False,False,False,False
10772,198.0,True,0.0005410038284026086,0.005708003300242126,0.00033300602808594704,0.00020899460650980473,0.000500003807246685,7.294499999261461,7.302291996893473,False,0.9991684,0.8603778280934689,True,0.8940181450675031,0.8940181450675031,0.8940181450675031,100.0,100.0,100.0,True,True,True,True
10774,53.08,True,0.0002910019247792661,0.0030000010156072676,0.00020800507627427578,0.00016600097296759486,0.00033300602808594704,3.8580420005018823,3.8625000015599653,False,0.999777064,0.8378090058595092,True,0.8378090058595092,0.8378090058595092,0.8378090058595092,53.08,53.08,53.08,True,True,True,True
10792,324.0,True,0.000166997779160738,0.0020410006982274354,8.299684850499034e-05,8.299684850499034e-05,0.00029199873097240925,7.067957994877361,7.070999999996275,False,0.9986392,1.0,True,1.0,1.0,1.0,100.0,100.0,100.0,False,False,False,False
10800,55.0,True,0.0004999965312890708,0.005250003596302122,0.00033299875212833285,0.000166997779160738,0.0004169996827840805,3.5307079961057752,3.5379579931031913,False,0.999769,0.9254695344903452,True,0.9254695344903452,0.9254695344903452,0.9254695344903452,55.0,55.0,55.0,False,False,False,False
10811,66.0,True,0.00016700505511835217,0.0021660016500391066,0.00012500095181167126,0.00012500095181167126,0.00029199873097240925,3.806959000939969,3.8102920007077046,False,0.9997228,0.7961242347739862,True,0.7961242347739862,0.7961242347739862,0.7961242347739862,66.0,66.0,66.0,True,True,True,True
10818,981.33,True,0.00016700505511835217,0.0024170003598555923,0.00012499367585405707,8.299684850499034e-05,0.00029199873097240925,7.3859580006683245,7.3894580054911785,False,0.995878414,0.9275198243299138,True,1.0,1.0,1.0,100.0,100.0,100.0,False,False,False,False
10819,31.0,True,0.00045899651013314724,0.004666995664592832,0.00029199873097240925,0.0002090018824674189,0.0003749955794773996,3.744792003999464,3.7514170035137795,False,0.9998698,0.890440570642016,True,0.890440570642016,0.890440570642016,0.890440570642016,31.0,31.0,31.0,True,True,True,True
10821,468.41,True,0.0002079978003166616,0.0031660019885748625,0.00012499367585405707,0.00012500095181167126,0.000333995558321476,7.018167001660913,7.022541998594534,False,0.998032678,1.0,True,1.0,1.0,1.0,100.0,100.0,100.0,False,False,False,False
10822,34.0,True,0.00037500285543501377,0.0038340003811754286,0.00029199873097240925,0.000166997779160738,0.00037500285543501377,3.5357910019229166,3.5412919969530776,False,0.9998572,0.976737243587467,True,0.976737243587467,0.976737243587467,0.976737243587467,34.0,34.0,34.0,False,False,False,False
10823,300.0,True,0.00037500285543501377,0.0037080026231706142,0.00020800507627427578,0.00012500095181167126,0.0002910019247792661,7.3167080045095645,7.321958000829909,False,0.99874,0.9263049382034025,True,0.9667758969914794,0.9667758969914794,0.9667758969914794,100.0,100.0,100.0,False,False,False,False
10836,448.58,True,0.000166997779160738,0.002125001628883183,8.299684850499034e-05,8.299684850499034e-05,0.00029199873097240925,7.0067920023575425,7.0099170043249615,False,0.998115964,0.9074808313078095,True,0.9797611294690362,0.9797611294690362,0.9797611294690362,100.0,100.0,100.0,False,False,False,False
10847,92.5,True,0.0005839974619448185,0.005000001692678779,0.00037500285543501377,0.00020899460650980473,0.0004590037860907614,3.6913340009050444,3.6985829938203096,False,0.9996115,1.0,True,1.0,1.0,1.0,92.5,92.5,92.5,False,False,False,False
10854,635.22,True,0.0002500019036233425,0.0026669949875213206,0.00012500095181167126,0.00020899460650980473,0.0004590037860907614,7.15949999721488,7.163583999499679,False,0.997332076,0.9895653710641259,True,1.0,1.0,1.0,100.0,100.0,100.0,False,False,False,False
10869,255.0,True,0.0005830006557516754,0.006333000783342868,0.00029199873097240925,0.000166997779160738,0.000500003807246685,7.4331669966341,7.441708999976981,False,0.998929,0.7879235857544675,True,0.8684136752395771,0.8684136752395771,0.8684136752395771,100.0,100.0,100.0,True,True,True,True
10870,27.0,True,0.0004579997039400041,0.004959001671522856,0.000333995558321476,0.0002500019036233425,0.00029199873097240925,3.5319579983479343,3.538833996572066,False,0.9998866,1.0,True,1.0,1.0,1.0,27.0,27.0,27.0,False,False,False,False
10896,89.0,True,0.00012499367585405707,0.002125001628883183,8.299684850499034e-05,0.00012499367585405707,0.00033299875212833285,3.7860420052311383,3.789165995840449,False,0.9996262,0.8405786038583062,True,0.8405786038583062,0.8405786038583062,0.8405786038583062,89.0,89.0,89.0,True,True,True,True
10901,881.74,True,0.0002910019247792661,0.005125002644490451,0.0002910019247792661,0.0002500019036233425,0.0002910019247792661,7.3522500024409965,7.35920800070744,False,0.996296692,0.9647424269836106,True,1.0,1.0,1.0,100.0,100.0,100.0,False,False,False,False
10902,28.2,True,0.0004169996827840805,0.004916997568216175,0.00029099464882165194,0.0002500019036233425,0.00037500285543501377,3.2688329956727102,3.275584000220988,False,0.99988156,1.0,True,1.0,1.0,1.0,28.2,28.2,28.2,False,False,False,False
10903,297.0,True,0.00037500285543501377,0.003916997229680419,0.00020800507627427578,0.000166997779160738,0.00033400283427909017,7.4475000001257285,7.452958001522347,False,0.9987526,0.9462243640373823,True,0.9797611294690362,0.9797611294690362,0.9797611294690362,100.0,100.0,100.0,False,False,False,False
10906,289.17,True,0.0002500019036233425,0.0025419940357096493,0.00016600097296759486,8.300412446260452e-05,0.0004579997039400041,7.605958002386615,7.609833002788946,False,0.9987854860000001,0.8033171702075701,True,0.8880973597911049,0.8880973597911049,0.8880973597911049,100.0,100.0,100.0,True,True,True,True
10908,706.95,True,0.0002500019036233425,0.0030000010156072676,0.00016700505511835217,0.00012500095181167126,0.00029199873097240925,7.099082999047823,7.103374999132939,False,0.99703081,0.9866360612459394,True,1.0,1.0,1.0,100.0,100.0,100.0,False,False,False,False
10909,136.56,True,0.0004159956006333232,0.004250003257766366,0.0002500019036233425,0.000166997779160738,0.007667003956157714,7.653332999325357,7.666666999284644,False,0.999426448,0.8166593858091639,True,0.8355857541854383,0.8355857541854383,0.8355857541854383,100.0,100.0,100.0,True,True,True,True
10942,55.0,True,0.000166997779160738,0.0020000006770715117,0.00012500095181167126,8.300412446260452e-05,0.00033299875212833285,3.6769579965039156,3.6800829984713346,False,0.999769,1.0,True,1.0,1.0,1.0,55.0,55.0,55.0,False,False,False,False
10965,307.72,True,8.299684850499034e-05,0.0019169965526089072,8.400093065574765e-05,8.400093065574765e-05,0.000333995558321476,7.004916995356325,7.007833999523427,False,0.998707576,1.0,True,1.0,1.0,1.0,100.0,100.0,100.0,False,False,False,False
10967,72.0,True,0.0002500019036233425,0.002792003215290606,0.000166997779160738,0.00012500095181167126,0.00029199873097240925,3.3933750019059516,3.3974170000874437,False,0.9996976,1.0,True,1.0,1.0,1.0,72.0,72.0,72.0,False,False,False,False
10988,681.0,True,0.000166997779160738,0.0020410006982274354,8.400093065574765e-05,8.400093065574765e-05,0.00033400283427909017,6.815250002546236,6.81820899626473,False,0.9971398,0.988725146216695,True,1.0,1.0,1.0,100.0,100.0,100.0,False,False,False,False
10989,210.0,True,0.00037500285543501377,0.004165995051153004,0.0002500019036233425,0.0002079978003166616,0.00033299875212833285,7.112333005352411,7.118250003259163,False,0.999118,1.0,True,1.0,1.0,1.0,100.0,100.0,100.0,False,False,False,False
11000,542.17,True,0.00012500095181167126,0.0022080057533457875,0.00012500095181167126,8.400093065574765e-05,0.000333995558321476,6.604999995033722,6.608249997952953,False,0.997722886,1.0,True,1.0,1.0,1.0,100.0,100.0,100.0,False,False,False,False
11001,200.0,True,0.00037500285543501377,0.0037089994293637574,0.000166997779160738,0.0002079978003166616,0.00033299875212833285,7.597875002829824,7.603167003253475,False,0.99916,0.7864424313441535,True,0.8447972696279995,0.8447972696279995,0.8447972696279995,100.0,100.0,100.0,True,True,True,True
11010,14.0,True,8.299684850499034e-05,0.0022079984773881733,0.00012500095181167126,0.00012499367585405707,0.00033299875212833285,3.6612090043490753,3.664542004116811,False,0.9999412,0.8761851229303484,True,0.8761851229303484,0.8761851229303484,0.8761851229303484,14.0,14.0,14.0,True,True,True,True
11011,690.0,True,0.0002079978003166616,0.003749999450519681,0.0002079978003166616,0.00012500095181167126,0.00029199873097240925,7.084958000632469,7.09004100644961,False,0.997102,0.7882581833074729,True,0.9797611294690362,0.9797611294690362,0.9797611294690362,100.0,100.0,100.0,True,False,False,False
11012,143.33,True,0.000333995558321476,0.004249995981808752,0.0002079978003166616,0.0002079978003166616,0.00033299875212833285,7.519250000768807,7.525083005020861,False,0.999398014,0.8432561480340673,True,0.8610658335900354,0.8610658335900354,0.8610658335900354,100.0,100.0,100.0,True,True,True,True
11014,12.14,True,0.0004579997039400041,0.004749999789055437,0.00037500285543501377,0.0002079978003166616,0.00033299875212833285,3.656833003333304,3.6634579955716617,False,0.999949012,0.9346516691136088,True,0.9346516691136088,0.9346516691136088,0.9346516691136088,12.14,12.14,12.14,False,False,False,False
11017,373.4,True,0.000166997779160738,0.002749999111983925,8.299684850499034e-05,0.000166997779160738,0.00037500285543501377,6.957749996217899,6.961749997572042,False,0.99843172,1.0,True,1.0,1.0,1.0,100.0,100.0,100.0,False,False,False,False
11020,20.0,True,0.0005409965524449944,0.0047909998102113605,0.00033300602808594704,0.0002079978003166616,0.0003749955794773996,3.8196669993340038,3.8264169998001307,False,0.999916,0.8111299483046329,True,0.8111299483046329,0.8111299483046329,0.8111299483046329,20.0,20.0,20.0,True,True,True,True
11037,340.0,True,0.00016600097296759486,0.00224999530473724,0.00012500095181167126,0.00012500095181167126,0.000333995558321476,7.462958004907705,7.466417002433445,False,0.998572,0.7750820943503709,True,0.8940181450675031,0.8940181450675031,0.8940181450675031,100.0,100.0,100.0,True,True,True,True
11041,40.0,True,0.00045899651013314724,0.005041998520027846,0.00037500285543501377,0.0002500019036233425,0.0004169996827840805,3.594041001633741,3.601167001761496,False,0.999832,0.8676949108763293,True,0.8676949108763293,0.8676949108763293,0.8676949108763293,40.0,40.0,40.0,True,True,True,True
11043,93.56,True,0.0007080016075633466,0.005957997927907854,0.0003749955794773996,0.00033299875212833285,0.0004579997039400041,3.4748749967548065,3.483290995063726,False,0.999607048,1.0,True,1.0,1.0,1.0,93.56,93.56,93.56,False,False,False,False
11046,33.33,True,0.00020800507627427578,0.002458997187204659,0.00012500095181167126,0.00012500095181167126,0.00033400283427909017,3.7466659996425733,3.750416995899286,False,0.999860014,0.8835102005966972,True,0.8835102005966972,0.8835102005966972,0.8835102005966972,33.33,33.33,33.33,True,True,True,True
11053,50.0,True,0.0007499984349124134,0.006457994459196925,0.0003749955794773996,0.0004169996827840805,0.0005839974619448185,4.404916995554231,4.414040995470714,False,0.99979,0.9744607226047219,True,0.9744607226047219,0.9744607226047219,0.9744607226047219,50.0,50.0,50.0,False,False,False,False
11070,40.0,True,0.0004590037860907614,0.00508299854118377,0.0002500019036233425,0.0002500019036233425,0.00045899651013314724,4.615334000845905,4.622625005140435,False,0.999832,1.0,True,1.0,1.0,1.0,40.0,40.0,40.0,False,False,False,False
11076,500.0,True,0.000166997779160738,0.00224999530473724,8.400093065574765e-05,0.00012500095181167126,0.0007919952622614801,7.646916994417552,7.650792002095841,False,0.9979,0.9927990188583903,True,1.0,1.0,1.0,100.0,100.0,100.0,False,False,False,False
11077,80.0,True,0.0007499984349124134,0.006499998562503606,0.0003749955794773996,0.00029199873097240925,0.00045899651013314724,3.8369579997379333,3.84587500593625,False,0.999664,0.969931899294467,True,0.969931899294467,0.969931899294467,0.969931899294467,80.0,80.0,80.0,False,False,False,False
11085,1095.33,True,0.00012500095181167126,0.0022909953258931637,0.00012500095181167126,0.00012500095181167126,0.00033400283427909017,7.267833003425039,7.271290996868629,False,0.995399614,0.9083231456700313,True,1.0,1.0,1.0,100.0,100.0,100.0,False,False,False,False
11087,652.0,True,0.0004169996827840805,0.00587499380344525,0.0004999965312890708,0.0003749955794773996,0.0005420006345957518,7.308874999580439,7.317124996916391,False,0.9972616,0.9908437315996981,True,1.0,1.0,1.0,100.0,100.0,100.0,False,False,False,False
11088,26.0,True,0.0006250047590583563,0.00470800296170637,0.0002910019247792661,0.0002500019036233425,0.00029199873097240925,3.7780420025228523,3.784583997912705,False,0.9998908,0.8723549953421663,True,0.8723549953421663,0.8723549953421663,0.8723549953421663,26.0,26.0,26.0,True,True,True,True
11096,53.33,True,0.0004999965312890708,0.005207999492995441,0.00029099464882165194,0.0002500019036233425,0.0004160028765909374,3.7843329992028885,3.791625000303611,False,0.999776014,0.8704083090966847,True,0.8704083090966847,0.8704083090966847,0.8704083090966847,53.33,53.33,53.33,True,True,True,True
11102,78.0,True,0.0004169996827840805,0.004874993464909494,0.0002500019036233425,0.00029199873097240925,0.0004160028765909374,3.757624996069353,3.76437499653548,False,0.9996724,0.8945817758530282,True,0.8945817758530282,0.8945817758530282,0.8945817758530282,78.0,78.0,78.0,True,True,True,True
11104,310.0,True,0.00029200600693002343,0.0031669987947680056,0.0002500019036233425,0.000166997779160738,0.0003749955794773996,7.458291998773348,7.463041998562403,False,0.998698,0.8010009203641056,True,0.8940181450675031,0.8940181450675031,0.8940181450675031,100.0,100.0,100.0,True,True,True,True
11107,388.0,True,0.0002079978003166616,0.0029170041671022773,0.000166997779160738,0.00012499367585405707,0.00033400283427909017,7.5014579997514375,7.505749999836553,False,0.9983704,0.8178643323385878,True,0.9237376331502339,0.9237376331502339,0.9237376331502339,100.0,100.0,100.0,True,False,False,False
11108,108.0,True,0.0003749955794773996,0.0041669991333037615,0.0002910019247792661,0.000166997779160738,0.0002500019036233425,7.330292006372474,7.33595800556941,False,0.9995464,0.8580021791093285,True,0.8610658335900354,0.8610658335900354,0.8610658335900354,100.0,100.0,100.0,True,True,True,True
11136,290.0,True,0.0005830006557516754,0.006250003934837878,0.00037500285543501377,0.0002500019036233425,0.0004590037860907614,6.87320799625013,6.881792003696319,False,0.998782,1.0,True,1.0,1.0,1.0,100.0,100.0,100.0,False,False,False,False
11148,341.36,True,0.00016600097296759486,0.0021669984562322497,8.400093065574765e-05,8.400093065574765e-05,0.0003749955794773996,7.329207997827325,7.332458000746556,False,0.998566288,0.7518977035160112,True,0.8880973597911049,0.8880973597911049,0.8880973597911049,100.0,100.0,100.0,True,True,True,True
11150,180.6,True,0.0005420006345957518,0.005041998520027846,0.0003749955794773996,0.00024999462766572833,0.0004169996827840805,7.384083000943065,7.391291997919325,False,0.99924148,1.0,True,1.0,1.0,1.0,100.0,100.0,100.0,False,False,False,False
11151,1100.0,True,0.0003749955794773996,0.004250003257766366,0.00029199873097240925,0.00029200600693002343,0.00033299875212833285,7.187374998466112,7.193375000497326,False,0.99538,0.8851710025785992,True,1.0,1.0,1.0,100.0,100.0,100.0,True,False,False,False
11152,366.69,True,0.00029199873097240925,0.004749999789055437,0.00029199873097240925,0.00020800507627427578,0.00037500285543501377,7.06499999796506,7.071541003824677,False,0.998459902,1.0,True,1.0,1.0,1.0,100.0,100.0,100.0,False,False,False,False
11153,29.29,True,0.0004999965312890708,0.00462500611320138,0.0002500019036233425,0.00029199873097240925,0.00037500285543501377,3.824999999778811,3.8314999983413145,False,0.999876982,0.8180208187487393,True,0.8180208187487393,0.8180208187487393,0.8180208187487393,29.29,29.29,29.29,True,True,True,True
11175,426.0,True,0.00012500095181167126,0.001957996573764831,8.299684850499034e-05,0.00012500095181167126,0.0004999965312890708,7.085124998411629,7.088333004503511,False,0.9982108,1.0,True,1.0,1.0,1.0,100.0,100.0,100.0,False,False,False,False
11176,100.0,True,0.0004160028765909374,0.004374996933620423,0.0002500019036233425,0.000166997779160738,0.00033400283427909017,3.6086249965592287,3.6146669954177924,False,0.99958,0.8447972696279995,True,0.8447972696279995,0.8447972696279995,0.8447972696279995,100.0,100.0,100.0,True,True,True,True
11179,665.0,True,0.0002090018824674189,0.002624998160172254,0.000166997779160738,0.0002090018824674189,0.00029199873097240925,7.030957996903453,7.034791000478435,False,0.997207,0.995794441611926,True,1.0,1.0,1.0,100.0,100.0,100.0,False,False,False,False
11180,25.0,True,0.00037500285543501377,0.0039590013329871,0.0002090018824674189,0.000166997779160738,0.0002910019247792661,3.5202919971197844,3.525667001667898,False,0.999895,1.0,True,1.0,1.0,1.0,25.0,25.0,25.0,False,False,False,False
11185,210.0,True,0.00012500095181167126,0.0023750035325065255,8.300412446260452e-05,0.00012500095181167126,0.00033299875212833285,6.864959002996329,6.8684170037158765,False,0.999118,0.9468911992156129,True,0.9667758969914794,0.9667758969914794,0.9667758969914794,100.0,100.0,100.0,False,False,False,False
11187,28.0,True,0.00029199873097240925,0.002916996891144663,0.00012500095181167126,0.00016599369700998068,0.00029199873097240925,3.7947079981677234,3.7989590055076405,False,0.9998824,0.8186935579663568,True,0.8186935579663568,0.8186935579663568,0.8186935579663568,28.0,28.0,28.0,True,True,True,True
11193,100.0,True,0.0006249974831007421,0.005875001079402864,0.00029199873097240925,0.000166997779160738,0.0005409965524449944,3.6417500014067627,3.649833000963554,False,0.99958,1.0,True,1.0,1.0,1.0,100.0,100.0,100.0,False,False,False,False
11200,40.0,True,0.00016700505511835217,0.0022079984773881733,0.000166997779160738,8.400093065574765e-05,0.00029199873097240925,3.5517090000212193,3.555041999788955,False,0.999832,1.0,True,1.0,1.0,1.0,40.0,40.0,40.0,False,False,False,False
11205,317.27,True,0.0002079978003166616,0.0106250008684583,0.00016599369700998068,0.00012500095181167126,0.00033299875212833285,7.154458995501045,7.166249997681007,False,0.998667466,0.8385688742874274,True,0.9146170005538099,0.9146170005538099,0.9146170005538099,100.0,100.0,100.0,True,False,False,False
11227,355.89,True,0.0002079978003166616,0.002916996891144663,0.00012499367585405707,0.00016700505511835217,0.0003749955794773996,7.469666998076718,7.47383400448598,False,0.998505262,0.8168191036642737,True,0.9146170005538099,0.9146170005538099,0.9146170005538099,100.0,100.0,100.0,True,False,False,False
11228,59.5,True,0.0004579997039400041,0.0041669991333037615,0.0002910019247792661,0.0002500019036233425,0.00037500285543501377,3.8364590000128374,3.84249999478925,False,0.9997501,0.8004733639735185,True,0.8004733639735185,0.8004733639735185,0.8004733639735185,59.5,59.5,59.5,True,True,True,True
11229,376.62,True,0.00020899460650980473,0.0037919962778687477,0.000166997779160738,0.00012500095181167126,0.00033299875212833285,6.845208001323044,6.850333003967535,False,0.998418196,1.0,True,1.0,1.0,1.0,100.0,100.0,100.0,False,False,False,False
11230,50.0,True,0.00037500285543501377,0.003792003553826362,0.000166997779160738,0.00016700505511835217,0.00033299875212833285,3.5429170020506717,3.5482499952195212,False,0.99979,1.0,True,1.0,1.0,1.0,50.0,50.0,50.0,False,False,False,False
11235,371.0,True,0.00016700505511835217,0.002458000381011516,0.00012499367585405707,8.400093065574765e-05,0.00033400283427909017,6.806040997616947,6.8095840033493005,False,0.9984418,1.0,True,1.0,1.0,1.0,100.0,100.0,100.0,False,False,False,False
11237,40.0,True,0.00020800507627427578,0.0029170041671022773,0.000166997779160738,0.00012500095181167126,0.00029199873097240925,3.391582999029197,3.3957499981625006,False,0.999832,1.0,True,1.0,1.0,1.0,40.0,40.0,40.0,False,False,False,False
11239,223.0,True,0.000500003807246685,0.0049579975893720984,0.00024999462766572833,0.0002500019036233425,0.00037500285543501377,7.36829199740896,7.375165994744748,False,0.9990634,1.0,True,1.0,1.0,1.0,100.0,100.0,100.0,False,False,False,False
11244,70.0,True,0.0010000003385357559,0.0064589985413476825,0.00037500285543501377,0.00033300602808594704,0.0007080016075633466,3.5430409989203326,3.5524999984772876,False,0.999706,1.0,True,1.0,1.0,1.0,70.0,70.0,70.0,False,False,False,False
11263,186.69,True,0.0005829933797940612,0.005750000127591193,0.00033299875212833285,0.00029200600693002343,0.00037500285543501377,7.459832995664328,7.4677919983514585,False,0.999215902,1.0,True,1.0,1.0,1.0,100.0,100.0,100.0,False,False,False,False
11269,54.0,True,0.0006249974831007421,0.005875001079402864,0.0004169996827840805,0.00029199873097240925,0.0004579997039400041,3.7650829981430434,3.7734159996034577,False,0.9997732,1.0,True,1.0,1.0,1.0,54.0,54.0,54.0,False,False,False,False
11270,317.0,True,0.0005410038284026086,0.005374997272156179,0.0002500019036233425,0.00020800507627427578,0.00033299875212833285,7.453000005625654,7.46025000262307,False,0.9986686,1.0,True,1.0,1.0,1.0,100.0,100.0,100.0,False,False,False,False
11279,40.33,True,0.00016600097296759486,0.002291999408043921,0.00012500095181167126,0.0002079978003166616,0.00029199873097240925,3.572000001440756,3.5754580021603033,False,0.999830614,1.0,True,1.0,1.0,1.0,40.33,40.33,40.33,False,False,False,False
11284,254.0,True,0.0004999965312890708,0.0051249953685328364,0.00033400283427909017,0.00024999462766572833,0.00037500285543501377,7.5162499997531995,7.5234169999021105,False,0.9989332,0.8795374135328152,True,0.9237376331502339,0.9237376331502339,0.9237376331502339,100.0,100.0,100.0,True,False,False,False
11286,306.0,True,0.00033299875212833285,0.0030000010156072676,0.00020800507627427578,0.00012500095181167126,0.00033400283427909017,7.446791998518165,7.451292003679555,False,0.9987148,0.8039020365580551,True,0.8940181450675031,0.8940181450675031,0.8940181450675031,100.0,100.0,100.0,True,True,True,True
11287,28.0,True,0.0004169996827840805,0.004417001036927104,0.00024999462766572833,0.0002090018824674189,0.0004169996827840805,3.533041999617126,3.5391659985180013,False,0.9998824,1.0,True,1.0,1.0,1.0,28.0,28.0,28.0,False,False,False,False
11321,72.0,True,0.0004999965312890708,0.005166999471839517,0.0004160028765909374,0.00024999462766572833,0.0005420006345957518,3.627707999839913,3.6351250018924475,False,0.9996976,1.0,True,1.0,1.0,1.0,72.0,72.0,72.0,False,False,False,False
11329,34.0,True,0.0005419933586381376,0.005249996320344508,0.0002500019036233425,0.0002500019036233425,0.0004169996827840805,3.4355840034550056,3.4428330036462285,False,0.9998572,1.0,True,1.0,1.0,1.0,34.0,34.0,34.0,False,False,False,False
11338,108.0,True,0.0005420006345957518,0.005166999471839517,0.0003749955794773996,0.0002500019036233425,0.0004160028765909374,7.9744999966351315,7.981791000929661,False,0.9995464,0.8412638976818245,True,0.8447972696279995,0.8447972696279995,0.8447972696279995,100.0,100.0,100.0,True,True,True,True
11348,57.0,True,0.0005420006345957518,0.004791996616404504,0.00033300602808594704,0.0004160028765909374,0.0004169996827840805,3.5017920017708093,3.5088330041617155,False,0.9997606,1.0,True,1.0,1.0,1.0,57.0,57.0,57.0,False,False,False,False
11359,235.63,True,0.0008330025593750179,0.006833004590589553,0.0004169996827840805,0.00037500285543501377,0.0006249974831007421,7.9856250013108365,7.995166000910103,False,0.999010354,1.0,True,1.0,1.0,1.0,100.0,100.0,100.0,False,False,False,False
11367,254.0,True,0.0002090018824674189,0.002959000994451344,0.000166997779160738,0.00020800507627427578,0.0005420006345957518,7.828916997823399,7.8334159989026375,False,0.9989332,0.9373025538732485,True,0.9667758969914794,0.9667758969914794,0.9667758969914794,100.0,100.0,100.0,False,False,False,False
11375,19.53,True,0.0005830006557516754,0.006541995389852673,0.0004159956006333232,0.0004999965312890708,0.000667001586407423,3.9966670010471717,4.005999995570164,False,0.999917974,1.0,True,1.0,1.0,1.0,19.53,19.53,19.53,False,False,False,False
11387,70.0,True,0.00016600097296759486,0.002125001628883183,0.00012499367585405707,0.00016600097296759486,0.0004999965312890708,3.9856669973232783,3.9891669948701747,False,0.999706,0.8299775178461349,True,0.8299775178461349,0.8299775178461349,0.8299775178461349,70.0,70.0,70.0,True,True,True,True
11396,409.55,True,0.0009580035111866891,0.013666998711414635,0.0007499984349124134,0.000667001586407423,0.0007910057320259511,11.184291004610714,11.202292000234593,False,0.99827989,1.0,True,1.0,1.0,1.0,100.0,100.0,100.0,False,False,False,False
11401,20.0,True,0.00020800507627427578,0.0023750035325065255,0.000166997779160738,0.000166997779160738,0.0004999965312890708,4.221541996230371,4.2253330029780045,False,0.999916,0.933209169258934,True,0.933209169258934,0.933209169258934,0.933209169258934,20.0,20.0,20.0,False,False,False,False
11413,28.0,True,0.0004999965312890708,0.0054580013966187835,0.0004160028765909374,0.00037500285543501377,0.0004579997039400041,3.870332999213133,3.8780830000177957,False,0.9998824,0.8717022848469204,True,0.8717022848469204,0.8717022848469204,0.8717022848469204,28.0,28.0,28.0,True,True,True,True
11422,38.9,True,8.400093065574765e-05,0.0021669984562322497,0.00012500095181167126,8.299684850499034e-05,0.00033299875212833285,4.127833002712578,4.131125002459157,False,0.99983662,0.9373135712825134,True,0.9373135712825134,0.9373135712825134,0.9373135712825134,38.9,38.9,38.9,False,False,False,False
11438,377.0,True,0.000166997779160738,0.0024170003598555923,0.000166997779160738,0.000166997779160738,0.0004169996827840805,8.071166994341183,8.074874996964354,False,0.9984166,0.8245638975762677,True,0.9237376331502339,0.9237376331502339,0.9237376331502339,100.0,100.0,100.0,True,False,False,False
11447,73.0,True,0.0005830006557516754,0.005458998202811927,0.00037500285543501377,0.00024999462766572833,0.0004999965312890708,3.886124999553431,3.8938330035307445,False,0.9996934,0.8707855064444279,True,0.8707855064444279,0.8707855064444279,0.8707855064444279,73.0,73.0,73.0,True,True,True,True
11449,946.78,True,0.0002079978003166616,0.0033329997677356005,0.00016600097296759486,0.000166997779160738,0.0005420006345957518,7.426832999044564,7.431666999764275,False,0.996023524,0.9548581256429679,True,1.0,1.0,1.0,100.0,100.0,100.0,False,False,False,False
11450,251.56,True,0.000667001586407423,0.00549999822396785,0.00037500285543501377,0.0005420006345957518,0.0004579997039400041,7.5090829996042885,7.5171659991610795,False,0.998943448,0.8362964859959012,True,0.8940181450675031,0.8940181450675031,0.8940181450675031,100.0,100.0,100.0,True,True,True,True
11453,147.0,True,0.0005410038284026086,0.0051249953685328364,0.0004169996827840805,0.00020899460650980473,0.00033400283427909017,7.430166995618492,7.437416999891866,False,0.9993826,0.8727266206798481,True,0.8880973597911049,0.8880973597911049,0.8880973597911049,100.0,100.0,100.0,True,True,True,True
11459,506.76,True,0.00024999462766572833,0.0049579975893720984,0.000333995558321476,0.0002500019036233425,0.00037500285543501377,7.158458000048995,7.165208000515122,False,0.997871608,1.0,True,1.0,1.0,1.0,100.0,100.0,100.0,False,False,False,False
11460,494.44,True,0.0002500019036233425,0.0047909998102113605,0.00033299875212833285,0.0002079978003166616,0.00033299875212833285,7.44733299507061,7.4538749977364205,False,0.997923352,0.8485030327978921,True,0.9609244451109185,0.9609244451109185,0.9609244451109185,100.0,100.0,100.0,True,False,False,False
11461,24.0,True,0.0004999965312890708,0.0048340007197111845,0.00029200600693002343,0.00020899460650980473,0.00033400283427909017,3.7892499967711046,3.7959999972372316,False,0.9998992,0.8088636460726133,True,0.8088636460726133,0.8088636460726133,0.8088636460726133,24.0,24.0,24.0,True,True,True,True
11469,471.0,True,0.000166997779160738,0.0024170003598555923,0.0002079978003166616,0.00016599369700998068,0.00033299875212833285,6.933249998837709,6.9369169941637665,False,0.9980218,0.9004770446015583,True,0.9797611294690362,0.9797611294690362,0.9797611294690362,100.0,100.0,100.0,False,False,False,False
11485,281.0,True,0.000166997779160738,0.0023750035325065255,0.00012500095181167126,0.00012500095181167126,0.00033299875212833285,7.574666997243185,7.578124997962732,False,0.9988198,0.8201607540094477,True,0.8940181450675031,0.8940181450675031,0.8940181450675031,100.0,100.0,100.0,True,True,True,True
11500,95.28,True,0.0002079978003166616,0.0025419940357096493,0.00012500095181167126,0.00012500095181167126,0.00033299875212833285,3.709042000991758,3.7127500036149286,False,0.999599824,1.0,True,1.0,1.0,1.0,95.28,95.28,95.28,False,False,False,False
11530,6.0,True,0.00016600097296759486,0.0019999934011138976,0.00012500095181167126,0.00012500095181167126,0.0003749955794773996,3.780375001952052,3.7834999966435134,False,0.9999748,0.9435674878976045,True,0.9435674878976045,0.9435674878976045,0.9435674878976045,6.0,6.0,6.0,False,False,False,False
11535,423.1,True,0.000166997779160738,0.002625005436129868,0.00012500095181167126,0.000166997779160738,0.00033400283427909017,7.089040998835117,7.092874999216292,False,0.99822298,1.0,True,1.0,1.0,1.0,100.0,100.0,100.0,False,False,False,False
11536,25.0,True,0.0004579997039400041,0.004792003892362118,0.0002079978003166616,0.00016600097296759486,0.00033299875212833285,3.5073750041192397,3.5137920058332384,False,0.999895,0.9883343903988343,True,0.9883343903988343,0.9883343903988343,0.9883343903988343,25.0,25.0,25.0,False,False,False,False
11537,252.25,True,0.0003749955794773996,0.004250003257766366,0.00029200600693002343,0.00020899460650980473,0.00029199873097240925,7.05283299612347,7.058709001285024,False,0.99894055,0.9551858729917481,True,0.9797611294690362,0.9797611294690362,0.9797611294690362,100.0,100.0,100.0,False,False,False,False
11551,302.08,True,0.000500003807246685,0.005000001692678779,0.00033300602808594704,0.00016600097296759486,0.0004169996827840805,7.357916998444125,7.364874996710569,False,0.998731264,0.9857109770608262,True,1.0,1.0,1.0,100.0,100.0,100.0,False,False,False,False
11552,880.11,True,0.00033299875212833285,0.005207999492995441,0.00033300602808594704,0.0002500019036233425,0.0003749955794773996,7.551583003078122,7.558708006399684,False,0.996303538,0.7898324261512493,True,0.9999196673918644,0.9999196673918644,0.9999196673918644,100.0,100.0,100.0,True,False,False,False
11553,302.92,True,0.0003749955794773996,0.003749999450519681,0.0002079978003166616,0.000166997779160738,0.00033400283427909017,7.467291994544212,7.4727079991134815,False,0.998727736,0.8277791890964067,True,0.9047710926081675,0.9047710926081675,0.9047710926081675,100.0,100.0,100.0,True,False,False,False
11555,74.0,True,0.0004169996827840805,0.005000001692678779,0.0002079978003166616,0.00016600097296759486,0.00033299875212833285,3.8289999938569963,3.835707997495774,False,0.9996892,0.9829305862167284,True,0.9829305862167284,0.9829305862167284,0.9829305862167284,74.0,74.0,74.0,False,False,False,False
11564,310.29,True,0.0005830006557516754,0.00549999822396785,0.00037500285543501377,0.00024999462766572833,0.00033299875212833285,7.044042002235074,7.0517080021090806,False,0.998696782,1.0,True,1.0,1.0,1.0,100.0,100.0,100.0,False,False,False,False
11566,578.08,True,0.00033299875212833285,0.004958994395565242,0.00033299875212833285,0.00020800507627427578,0.0004579997039400041,7.6253750012256205,7.632291999470908,False,0.997572064,1.0,True,1.0,1.0,1.0,100.0,100.0,100.0,False,False,False,False
11567,98.0,True,0.0006249974831007421,0.005083005817141384,0.00033299875212833285,0.0002079978003166616,0.00033300602808594704,3.7045419958303683,3.711625002324581,False,0.9995884,1.0,True,1.0,1.0,1.0,98.0,98.0,98.0,False,False,False,False
11572,1.49,True,0.000166997779160738,0.002291002601850778,8.300412446260452e-05,0.00012500095181167126,0.00033299875212833285,3.540208999766037,3.5436249963822775,False,0.999993742,1.0,True,1.0,1.0,1.0,1.49,1.49,1.49,False,False,False,False
11580,340.0,True,0.0004160028765909374,0.005333000444807112,0.00033299875212833285,0.00033299875212833285,0.0004169996827840805,7.540500002505723,7.547917004558258,False,0.998572,0.9807820576749582,True,1.0,1.0,1.0,100.0,100.0,100.0,False,False,False,False
11581,60.0,True,0.0005420006345957518,0.005041998520027846,0.000333995558321476,0.0002090018824674189,0.00033400283427909017,3.620957999373786,3.6279170017223805,False,0.999748,1.0,True,1.0,1.0,1.0,60.0,60.0,60.0,False,False,False,False
11587,406.14,True,0.00016700505511835217,0.0023329994291998446,0.00016600097296759486,0.00012499367585405707,0.00033299875212833285,7.655875000637025,7.659375005459879,False,0.998294212,0.7773294600192792,True,0.9146170005538099,0.9146170005538099,0.9146170005538099,100.0,100.0,100.0,True,False,False,False
11588,80.0,True,0.00045899651013314724,0.004917004844173789,0.0002090018824674189,0.0002090018824674189,0.000333995558321476,4.0718329983064905,4.0785419987514615,False,0.999664,0.7858418624172011,True,0.7858418624172011,0.7858418624172011,0.7858418624172011,80.0,80.0,80.0,True,True,True,True
11608,385.0,True,0.000166997779160738,0.002291002601850778,0.00012500095181167126,8.299684850499034e-05,0.00033299875212833285,7.162499998230487,7.165790993894916,False,0.998383,1.0,True,1.0,1.0,1.0,100.0,100.0,100.0,False,False,False,False
11627,985.45,True,0.00016700505511835217,0.0022500025806948543,8.400093065574765e-05,8.400093065574765e-05,0.00045899651013314724,7.630082996911369,7.633583001734223,False,0.99586111,0.9154608811571617,True,1.0,1.0,1.0,100.0,100.0,100.0,False,False,False,False
11630,384.49,True,0.0002079978003166616,0.0029170041671022773,0.00016600097296759486,0.00012499367585405707,0.0004999965312890708,7.532625000749249,7.537167002737988,False,0.998385142,0.7966784786935336,True,0.9146170005538099,0.9146170005538099,0.9146170005538099,100.0,100.0,100.0,True,False,False,False
11631,170.0,True,0.0005839974619448185,0.005249996320344508,0.0004579997039400041,0.00020800507627427578,0.00037500285543501377,7.528916998126078,7.536375000199769,False,0.999286,0.8399788634998053,True,0.8684136752395771,0.8684136752395771,0.8684136752395771,100.0,100.0,100.0,True,True,True,True
11634,51.0,True,0.0002090018824674189,0.002792003215290606,0.00012500095181167126,0.00012500095181167126,0.00037500285543501377,3.577124996809289,3.5811660054605454,False,0.9997858,1.0,True,1.0,1.0,1.0,51.0,51.0,51.0,False,False,False,False
11639,95.18,True,0.00037500285543501377,0.00429100327892229,0.0002500019036233425,0.0002500019036233425,0.00033299875212833285,3.842917001747992,3.848790998745244,False,0.999600244,0.8468672777258369,True,0.8468672777258369,0.8468672777258369,0.8468672777258369,95.18,95.18,95.18,True,True,True,True
11643,464.84,True,0.00016700505511835217,0.002458000381011516,0.00016700505511835217,0.00012500095181167126,0.0003749955794773996,7.357540998782497,7.361250005487818,False,0.998047672,0.9024431764422632,True,0.9797611294690362,0.9797611294690362,0.9797611294690362,100.0,100.0,100.0,False,False,False,False
11644,9.0,True,0.0004579997039400041,0.005208996299188584,0.00029199873097240925,0.0002090018824674189,0.0003749955794773996,3.8408750042435713,3.8480410003103316,False,0.9999622,0.9175946879308788,True,0.9175946879308788,0.9175946879308788,0.9175946879308788,9.0,9.0,9.0,False,False,False,False
11651,31.82,True,0.0003749955794773996,0.004624998837243766,0.00037500285543501377,0.0002090018824674189,0.0004169996827840805,3.8989579988992773,3.9054580047377385,False,0.999866356,0.8042470362962413,True,0.8042470362962413,0.8042470362962413,0.8042470362962413,31.82,31.82,31.82,True,True,True,True
11677,413.41,True,0.00012500095181167126,0.002416003553662449,0.000166997779160738,0.000166997779160738,0.00037500285543501377,7.378458001767285,7.381916999293026,False,0.998263678,1.0,True,1.0,1.0,1.0,100.0,100.0,100.0,False,False,False,False
11678,171.0,True,0.00045899651013314724,0.004916997568216175,0.00033299875212833285,0.0002500019036233425,0.00037500285543501377,7.331790999160148,7.338625000556931,False,0.9992818,0.8395090557964678,True,0.8684136752395771,0.8684136752395771,0.8684136752395771,100.0,100.0,100.0,True,True,True,True
11707,282.0,True,0.00012500095181167126,0.0022079984773881733,0.00012500095181167126,8.400093065574765e-05,0.0003749955794773996,7.2000410000327975,7.2035000048344955,False,0.9988156,1.0,True,1.0,1.0,1.0,100.0,100.0,100.0,False,False,False,False
11718,350.06,True,0.000166997779160738,0.002291999408043921,0.00012499367585405707,0.00016700505511835217,0.0004169996827840805,7.28808300482342,7.291624999197666,False,0.998529748,1.0,True,1.0,1.0,1.0,100.0,100.0,100.0,False,False,False,False
11727,13.0,True,0.0006249974831007421,0.004542001988738775,0.00029199873097240925,0.0004160028765909374,0.0004169996827840805,3.7875419948250055,3.794416996242944,False,0.9999454,1.0,True,1.0,1.0,1.0,13.0,13.0,13.0,False,False,False,False
11759,350.0,True,0.000166997779160738,0.0020840016077272594,8.299684850499034e-05,8.300412446260452e-05,0.00037500285543501377,7.1703749999869615,7.173582998802885,False,0.99853,1.0,True,1.0,1.0,1.0,100.0,100.0,100.0,False,False,False,False
11760,426.0,True,0.0002079978003166616,0.004290996002964675,0.00024999462766572833,0.0002500019036233425,0.000333995558321476,7.579500001156703,7.585332998132799,False,0.9982108,0.7530525609686103,True,0.9146170005538099,0.9146170005538099,0.9146170005538099,100.0,100.0,100.0,True,False,False,False
11761,34.0,True,0.0004999965312890708,0.004375004209578037,0.0002079978003166616,0.00024999462766572833,0.00033299875212833285,3.621083000325598,3.6273330042604357,False,0.9998572,0.9116314168333405,True,0.9116314168333405,0.9116314168333405,0.9116314168333405,34.0,34.0,34.0,False,False,False,False
11764,110.0,True,0.000333995558321476,0.003749999450519681,0.0002500019036233425,0.00016600097296759486,0.00029200600693002343,7.251750001159962,7.256958000652958,False,0.999538,1.0,True,1.0,1.0,1.0,100.0,100.0,100.0,False,False,False,False
11767,494.9,True,0.00016700505511835217,0.002583001332823187,0.00016600097296759486,8.299684850499034e-05,0.00024999462766572833,7.1259169999393634,7.129625002562534,False,0.99792142,1.0,True,1.0,1.0,1.0,100.0,100.0,100.0,False,False,False,False
11768,7.0,True,0.00033299875212833285,0.0036249984987080097,0.00016600097296759486,0.00012500095181167126,0.0002910019247792661,3.3865840014186688,3.391541999008041,False,0.9999706,1.0,True,1.0,1.0,1.0,7.0,7.0,7.0,False,False,False,False
11776,950.0,True,0.000166997779160738,0.00224999530473724,0.00012500095181167126,0.00012499367585405707,0.0002910019247792661,7.094041000527795,7.09741599712288,False,0.99601,0.8850669602561474,True,1.0,1.0,1.0,100.0,100.0,100.0,True,False,False,False
11777,30.0,True,0.0004579997039400041,0.004875000740867108,0.00029200600693002343,0.00024999462766572833,0.00029199873097240925,3.5156250014551915,3.522249993693549,False,0.999874,1.0,True,1.0,1.0,1.0,30.0,30.0,30.0,False,False,False,False
11786,59.0,True,0.0005409965524449944,0.005000001692678779,0.00029199873097240925,0.00016700505511835217,0.00033299875212833285,3.6371659953147173,3.6440830008359626,False,0.9997522,0.8610052264237601,True,0.8610052264237601,0.8610052264237601,0.8610052264237601,59.0,59.0,59.0,True,True,True,True
11789,325.65,True,0.0002500019036233425,0.002624998160172254,0.00012500095181167126,0.00016700505511835217,0.0002500019036233425,6.792832995415665,6.796624998969492,False,0.99863227,1.0,True,1.0,1.0,1.0,100.0,100.0,100.0,False,False,False,False
11790,16.56,True,0.000333995558321476,0.0039590013329871,0.0002500019036233425,0.0002090018824674189,0.000333995558321476,3.6503750015981495,3.6558749998221174,False,0.999930448,1.0,True,1.0,1.0,1.0,16.56,16.56,16.56,False,False,False,False
11799,269.0,True,0.00012500095181167126,0.002040993422269821,8.299684850499034e-05,8.299684850499034e-05,0.00029199873097240925,7.143208000343293,7.146208998165093,False,0.9988702,0.9878341923167928,True,0.9999196673918644,0.9999196673918644,0.9999196673918644,100.0,100.0,100.0,False,False,False,False
11802,100.0,True,0.0005830006557516754,0.005333000444807112,0.00037500285543501377,0.00037500285543501377,0.0004169996827840805,3.577083996788133,3.58474999666214,False,0.99958,0.9999196673918644,True,0.9999196673918644,0.9999196673918644,0.9999196673918644,100.0,100.0,100.0,False,False,False,False
11817,84.62,True,0.00012500095181167126,0.002082997525576502,8.299684850499034e-05,0.00016600097296759486,0.0004169996827840805,3.8852500001667067,3.8885000030859374,False,0.999644596,0.822637115407525,True,0.822637115407525,0.822637115407525,0.822637115407525,84.62,84.62,84.62,True,True,True,True
11819,408.54,True,0.000166997779160738,0.0030420051189139485,0.00020899460650980473,0.00016700505511835217,0.00033299875212833285,7.904541998868808,7.909040999948047,False,0.998284132,0.7168573375871774,True,0.9047710926081675,0.9047710926081675,0.9047710926081675,100.0,100.0,100.0,True,False,False,False
11824,17.0,True,0.0006250047590583563,0.0052910036174580455,0.00029199873097240925,0.0002090018824674189,0.00037500285543501377,3.9811669994378462,3.98858299740823,False,0.9999286,0.9107172277674456,True,0.9107172277674456,0.9107172277674456,0.9107172277674456,17.0,17.0,17.0,False,False,False,False
11835,830.29,True,0.000166997779160738,0.002458000381011516,0.000166997779160738,0.00016600097296759486,0.00033300602808594704,7.368875005340669,7.372541003860533,False,0.996512782,0.9190099869528029,True,1.0,1.0,1.0,100.0,100.0,100.0,False,False,False,False
11836,10.0,True,0.0004169996827840805,0.004583002009894699,0.0002500019036233425,0.00020899460650980473,0.00033400283427909017,3.9257919997908175,3.932208004698623,False,0.999958,0.8551579082956242,True,0.8551579082956242,0.8551579082956242,0.8551579082956242,10.0,10.0,10.0,True,True,True,True
11841,350.0,True,0.00020899460650980473,0.0025420013116672635,0.00012500095181167126,0.00012499367585405707,0.00029199873097240925,7.870000001275912,7.873709000705276,False,0.99853,1.0,True,1.0,1.0,1.0,100.0,100.0,100.0,False,False,False,False
11852,92.0,True,0.0007079943316057324,0.005750000127591193,0.0004169996827840805,0.0004169996827840805,0.0004169996827840805,4.04220799828181,4.050584000651725,False,0.9996136,0.9418465998879076,True,0.9418465998879076,0.9418465998879076,0.9418465998879076,92.0,92.0,92.0,False,False,False,False
11874,21.0,True,0.00012500095181167126,0.0022079984773881733,0.00012500095181167126,0.00012500095181167126,0.000500003807246685,3.708083000674378,3.7115829982212745,False,0.9999118,1.0,True,1.0,1.0,1.0,21.0,21.0,21.0,False,False,False,False
11880,92.47,True,0.0007499984349124134,0.005166999471839517,0.000333995558321476,0.00029199873097240925,0.0004159956006333232,3.841500001726672,3.8489580038003623,False,0.999611626,1.0,True,1.0,1.0,1.0,92.47,92.47,92.47,False,False,False,False
11889,61.0,True,0.0002079978003166616,0.0024999972083605826,0.00012500095181167126,0.00012500095181167126,0.00033299875212833285,3.654374995676335,3.6580840023816563,False,0.9997438,1.0,True,1.0,1.0,1.0,61.0,61.0,61.0,False,False,False,False
11891,390.49,True,0.0004169996827840805,0.006041998858563602,0.0004579997039400041,0.00037500285543501377,0.0006249974831007421,7.518791993788909,7.527333000325598,False,0.998359942,0.8162801016928218,True,0.9237376331502339,0.9237376331502339,0.9237376331502339,100.0,100.0,100.0,True,False,False,False
11892,127.91,True,0.000667001586407423,0.004708999767899513,0.00033300602808594704,0.000166997779160738,0.00033400283427909017,7.390291997580789,7.3970830053440295,False,0.999462778,0.8968738290053971,True,0.9047710926081675,0.9047710926081675,0.9047710926081675,100.0,100.0,100.0,True,False,False,False
11899,114.0,True,0.0006659975042566657,0.00549999822396785,0.00037500285543501377,0.0002500019036233425,0.00037500285543501377,7.234292002976872,7.242042003781535,False,0.9995212,0.8898392184670688,True,0.8940181450675031,0.8940181450675031,0.8940181450675031,100.0,100.0,100.0,True,True,True,True
11932,408.0,True,0.00012499367585405707,0.002082997525576502,0.00012500095181167126,8.299684850499034e-05,0.00033299875212833285,7.616875001986045,7.619957999850158,False,0.9982864,0.8042947073000856,True,0.9237376331502339,0.9237376331502339,0.9237376331502339,100.0,100.0,100.0,True,False,False,False
11933,200.6,True,0.00033299875212833285,0.003583001671358943,0.0002090018824674189,0.00012500095181167126,0.00033299875212833285,7.029749998764601,7.035000002360903,False,0.99915748,1.0,True,1.0,1.0,1.0,100.0,100.0,100.0,False,False,False,False
11938,504.0,True,0.00016600097296759486,0.0023329994291998446,8.299684850499034e-05,0.00012500095181167126,0.00033299875212833285,7.172375000664033,7.175749997259118,False,0.9978832,0.9483010587611584,True,0.9999196673918644,0.9999196673918644,0.9999196673918644,100.0,100.0,100.0,False,False,False,False
11940,83.33,True,0.000500003807246685,0.005250003596302122,0.0004160028765909374,0.00020800507627427578,0.00037500285543501377,3.6324999964563176,3.6397079966263846,False,0.999650014,1.0,True,1.0,1.0,1.0,83.33,83.33,83.33,False,False,False,False
11943,79.0,True,0.0004579997039400041,0.022000000171829015,0.0004590037860907614,0.0002079978003166616,0.0003749955794773996,3.709541997523047,3.733915997145232,False,0.9996682,0.9823319933453737,True,0.9823319933453737,0.9823319933453737,0.9823319933453737,79.0,79.0,79.0,False,False,False,False
11954,783.06,True,0.0002079978003166616,0.002624998160172254,8.300412446260452e-05,8.300412446260452e-05,0.00033299875212833285,7.09441600338323,7.098166999639943,False,0.996711148,0.9777913502626623,True,1.0,1.0,1.0,100.0,100.0,100.0,False,False,False,False
11955,234.23,True,0.0004169996827840805,0.003749999450519681,0.00029200600693002343,0.000166997779160738,0.00033299875212833285,7.152417005272582,7.157874999393243,False,0.999016234,1.0,True,1.0,1.0,1.0,100.0,100.0,100.0,False,False,False,False
11957,421.11,True,0.0002079978003166616,0.0030420051189139485,0.00012500095181167126,0.00020800507627427578,0.0002500019036233425,7.078292001096997,7.082707998051774,False,0.998231338,0.9648391963060745,True,0.9999196673918644,0.9999196673918644,0.9999196673918644,100.0,100.0,100.0,False,False,False,False
11958,134.55,True,0.0004999965312890708,0.005292000423651189,0.0002500019036233425,0.0002500019036233425,0.000333995558321476,7.106666998879518,7.113917003152892,False,0.99943489,0.8833242849306322,True,0.8940181450675031,0.8940181450675031,0.8940181450675031,100.0,100.0,100.0,True,True,True,True
11961,281.0,True,0.00020800507627427578,0.002624998160172254,0.00016600097296759486,0.00016700505511835217,0.00029199873097240925,7.30204199498985,7.305958999495488,False,0.9988198,0.8696262534943705,True,0.9237376331502339,0.9237376331502339,0.9237376331502339,100.0,100.0,100.0,True,False,False,False
11974,500.0,True,0.00016600097296759486,0.00224999530473724,0.00016600097296759486,0.00012499367585405707,0.00029199873097240925,7.514958000683691,7.518375001382083,False,0.9979,0.7815620892020705,True,0.9401831759410586,0.9401831759410586,0.9401831759410586,100.0,100.0,100.0,True,False,False,False
11976,236.47,True,0.000667001586407423,0.006082998879719526,0.00037500285543501377,0.00037500285543501377,0.00037500285543501377,7.346500002313405,7.3549590015318245,False,0.999006826,1.0,True,1.0,1.0,1.0,100.0,100.0,100.0,False,False,False,False
11982,124.0,True,0.0004999965312890708,0.004875000740867108,0.00033299875212833285,0.00029199873097240925,0.00037500285543501377,7.318791002035141,7.325749997107778,False,0.9994792,1.0,True,1.0,1.0,1.0,100.0,100.0,100.0,False,False,False,False
12006,420.0,True,0.0002079978003166616,0.0021659943740814924,4.1996827349066734e-05,8.400093065574765e-05,0.0003749955794773996,7.092332998581696,7.09554099739762,False,0.998236,0.9729932807615332,True,1.0,1.0,1.0,100.0,100.0,100.0,False,False,False,False
12007,100.26,True,0.00033300602808594704,0.004165995051153004,0.0002500019036233425,0.00012500095181167126,0.00033299875212833285,6.929125003807712,6.934915996680502,False,0.999578908,1.0,True,1.0,1.0,1.0,100.0,100.0,100.0,False,False,False,False
12013,306.88,True,0.0002079978003166616,0.0022080057533457875,0.00012500095181167126,0.00012500095181167126,0.00029199873097240925,7.217708000098355,7.221083003969397,False,0.998711104,0.9158142191870022,True,0.9609244451109185,0.9609244451109185,0.9609244451109185,100.0,100.0,100.0,False,False,False,False
12026,8.0,True,0.0005420006345957518,0.005290996341500431,0.00033299875212833285,0.00020800507627427578,0.00045899651013314724,3.56166699930327,3.568957996321842,False,0.9999664,0.8780295567591685,True,0.8780295567591685,0.8780295567591685,0.8780295567591685,8.0,8.0,8.0,True,True,True,True
12029,8.0,True,0.0005830006557516754,0.00541700137546286,0.00033299875212833285,0.0002500019036233425,0.0004160028765909374,4.258749999280553,4.266333002306055,False,0.9999664,0.9570086711002285,True,0.9570086711002285,0.9570086711002285,0.9570086711002285,8.0,8.0,8.0,False,False,False,False
12032,11.0,True,0.0008330025593750179,0.008082999556791037,0.0004590037860907614,0.0003749955794773996,0.0006249974831007421,4.963958002917934,4.975083000317682,False,0.9999538,1.0,True,1.0,1.0,1.0,11.0,11.0,11.0,False,False,False,False
12056,330.0,True,0.00012500095181167126,0.002125001628883183,0.00012499367585405707,0.00012500095181167126,0.0006659975042566657,7.531791001383681,7.535250006185379,False,0.998614,0.991725155207941,True,1.0,1.0,1.0,100.0,100.0,100.0,False,False,False,False
12071,407.69,True,0.000166997779160738,0.002167005732189864,0.00012500095181167126,0.00012500095181167126,0.0004169996827840805,8.153292001225054,8.156666001013946,False,0.998287702,0.7201606680196799,True,0.9047710926081675,0.9047710926081675,0.9047710926081675,100.0,100.0,100.0,True,False,False,False
12108,234.0,True,8.299684850499034e-05,0.001957996573764831,8.299684850499034e-05,8.300412446260452e-05,0.0005830006557516754,7.300999997823965,7.304208003915846,False,0.9990172,1.0,True,1.0,1.0,1.0,100.0,100.0,100.0,False,False,False,False
12110,36.0,True,0.00024999462766572833,0.002916996891144663,0.00012500095181167126,0.00016700505511835217,0.00029199873097240925,3.4000830055447295,3.4042909974232316,False,0.9998488,1.0,True,1.0,1.0,1.0,36.0,36.0,36.0,False,False,False,False
12136,275.31,True,0.00012499367585405707,0.002167005732189864,8.299684850499034e-05,0.00016600097296759486,0.0003749955794773996,7.062874996336177,7.066042002406903,False,0.998843698,1.0,True,1.0,1.0,1.0,100.0,100.0,100.0,False,False,False,False
12145,350.1,True,0.0002090018824674189,0.0027089990908280015,0.00012500095181167126,0.000166997779160738,0.0004590037860907614,7.938875001855195,7.942958000057843,False,0.99852958,0.7363184405730889,True,0.8880973597911049,0.8880973597911049,0.8880973597911049,100.0,100.0,100.0,True,True,True,True
12146,104.0,True,0.00033400283427909017,0.00404199818149209,0.0002500019036233425,0.0002090018824674189,0.000333995558321476,6.879332999233156,6.884957998408936,False,0.9995632,1.0,True,1.0,1.0,1.0,100.0,100.0,100.0,False,False,False,False
12153,105.0,True,0.000667001586407423,0.005000001692678779,0.00029199873097240925,0.00029199873097240925,0.00033300602808594704,7.203916997241322,7.211040996480733,False,0.999559,1.0,True,1.0,1.0,1.0,100.0,100.0,100.0,False,False,False,False
12177,399.0,True,0.000166997779160738,0.002459004463162273,8.400093065574765e-05,0.00012499367585405707,0.00033299875212833285,7.151334000809584,7.154958999308292,False,0.9983242,1.0,True,1.0,1.0,1.0,100.0,100.0,100.0,False,False,False,False
12182,134.77,True,0.0005419933586381376,0.004875000740867108,0.00033299875212833285,0.0002500019036233425,0.00037500285543501377,7.197416998678818,7.204415996966418,False,0.999433966,0.9992266046744979,True,1.0,1.0,1.0,100.0,100.0,100.0,False,False,False,False
12196,322.0,True,0.00016700505511835217,0.002458997187204659,8.400093065574765e-05,0.00012500095181167126,0.00037500285543501377,7.164209004258737,7.167875002778601,False,0.9986476,1.0,True,1.0,1.0,1.0,100.0,100.0,100.0,False,False,False,False
12197,112.0,True,0.0003749955794773996,0.004249995981808752,0.0002079978003166616,0.00016600097296759486,0.00029199873097240925,7.317208001040854,7.32308399892645,False,0.9995296,0.8904533058004485,True,0.8940181450675031,0.8940181450675031,0.8940181450675031,100.0,100.0,100.0,True,True,True,True
12200,117.0,True,0.00037500285543501377,0.0038340003811754286,0.0002090018824674189,0.00016600097296759486,0.00037500285543501377,6.80629099952057,6.811790997744538,False,0.9995086,1.0,True,1.0,1.0,1.0,100.0,100.0,100.0,False,False,False,False
12202,788.31,True,0.00020800507627427578,0.003082997864112258,0.00016600097296759486,0.000166997779160738,0.00033299875212833285,6.839415997092146,6.843792005383875,False,0.996689098,0.9871796240896218,True,1.0,1.0,1.0,100.0,100.0,100.0,False,False,False,False
12203,232.91,True,0.0004159956006333232,0.0038750004023313522,0.0002079978003166616,0.0002079978003166616,0.00033299875212833285,6.8026249937247485,6.808083002397325,False,0.999021778,1.0,True,1.0,1.0,1.0,100.0,100.0,100.0,False,False,False,False
12224,389.0,True,0.000166997779160738,0.0020000006770715117,8.400093065574765e-05,8.299684850499034e-05,0.00029200600693002343,6.964582993532531,6.96754200180294,False,0.9983662,1.0,True,1.0,1.0,1.0,100.0,100.0,100.0,False,False,False,False
12225,100.0,True,0.00037500285543501377,0.0038329962990246713,0.00029200600693002343,0.00020899460650980473,0.00029200600693002343,3.6650420006481,3.670416001114063,False,0.99958,0.8684136752395771,True,0.8684136752395771,0.8684136752395771,0.8684136752395771,100.0,100.0,100.0,True,True,True,True
12235,121.0,True,0.0005420006345957518,0.005208006768953055,0.00033299875212833285,0.00024999462766572833,0.0003749955794773996,7.452332996763289,7.459667001967318,False,0.9994918,0.9186456765633942,True,0.9237376331502339,0.9237376331502339,0.9237376331502339,100.0,100.0,100.0,False,False,False,False
12250,395.95,True,0.000166997779160738,0.002040993422269821,8.299684850499034e-05,0.00012500095181167126,0.00033299875212833285,7.022999998298474,7.026125000265893,False,0.99833701,1.0,True,1.0,1.0,1.0,100.0,100.0,100.0,False,False,False,False
12251,19.0,True,0.00033299875212833285,0.0038750004023313522,0.0002079978003166616,0.00012500095181167126,0.00037500285543501377,3.607333004765678,3.6127079947618768,False,0.9999202,0.9102260409413688,True,0.9102260409413688,0.9102260409413688,0.9102260409413688,19.0,19.0,19.0,False,False,False,False
12261,45.0,True,0.000166997779160738,0.0020830048015341163,0.00012500095181167126,0.00012500095181167126,0.00029199873097240925,3.3672090066829696,3.3702919972711243,False,0.999811,1.0,True,1.0,1.0,1.0,45.0,45.0,45.0,False,False,False,False
12267,309.0,True,0.00016700505511835217,0.002291999408043921,0.000166997779160738,0.00016600097296759486,0.00029199873097240925,6.75079200300388,6.75424999644747,False,0.9987022,1.0,True,1.0,1.0,1.0,100.0,100.0,100.0,False,False,False,False
12270,210.0,True,0.0004579997039400041,0.005041998520027846,0.00033299875212833285,0.00020800507627427578,0.0003749955794773996,6.931625001016073,6.938417005585507,False,0.999118,1.0,True,1.0,1.0,1.0,100.0,100.0,100.0,False,False,False,False
12273,420.0,True,0.0002500019036233425,0.003082997864112258,0.00012500095181167126,0.000166997779160738,0.00033400283427909017,6.987875000049826,6.992208000156097,False,0.998236,1.0,True,1.0,1.0,1.0,100.0,100.0,100.0,False,False,False,False
12274,125.72,True,0.0003749955794773996,0.003957997250836343,0.00020800507627427578,0.0002079978003166616,0.0002910019247792661,7.354125002166256,7.359584000369068,False,0.999471976,0.8588537269367843,True,0.8684136752395771,0.8684136752395771,0.8684136752395771,100.0,100.0,100.0,True,True,True,True
12283,456.0,True,0.0002079978003166616,0.0035000048228539526,0.00016600097296759486,0.00016700505511835217,0.000333995558321476,6.893083998875227,6.897917002788745,False,0.9980848,1.0,True,1.0,1.0,1.0,100.0,100.0,100.0,False,False,False,False
12285,23.0,True,0.0004999965312890708,0.005000001692678779,0.00033299875212833285,0.00029199873097240925,0.00037500285543501377,3.6172089967294596,3.624167002271861,False,0.9999034,1.0,True,1.0,1.0,1.0,23.0,23.0,23.0,False,False,False,False
12287,275.64,True,0.0002500019036233425,0.0030410010367631912,0.000166997779160738,0.000166997779160738,0.00033300602808594704,7.077292000758462,7.081625000864733,False,0.998842312,0.8330410447328722,True,0.8995365401683191,0.8995365401683191,0.8995365401683191,100.0,100.0,100.0,True,True,True,True
12290,531.06,True,0.00029199873097240925,0.00504200579598546,0.0002500019036233425,0.0002500019036233425,0.0003749955794773996,6.989583001995925,6.996415999310557,False,0.997769548,1.0,True,1.0,1.0,1.0,100.0,100.0,100.0,False,False,False,False
12291,107.0,True,0.000500003807246685,0.004583002009894699,0.0002500019036233425,0.000166997779160738,0.00029199873097240925,7.778416002111044,7.784708002873231,False,0.9995506,0.7603845389618914,True,0.7680093342580133,0.7680093342580133,0.7680093342580133,100.0,100.0,100.0,True,True,True,True
12300,245.0,True,0.00016600097296759486,0.0022079984773881733,0.00012500095181167126,0.00012500095181167126,0.00033299875212833285,7.536165998317301,7.539582999015693,False,0.998971,0.7959498610357797,True,0.8684136752395771,0.8684136752395771,0.8684136752395771,100.0,100.0,100.0,True,True,True,True
12311,430.43,True,0.00016600097296759486,0.002167005732189864,0.00012499367585405707,8.299684850499034e-05,0.00033299875212833285,7.3820409961626865,7.385249999060761,False,0.998192194,1.0,True,1.0,1.0,1.0,100.0,100.0,100.0,False,False,False,False
12312,3.0,True,0.0004169996827840805,0.004082998202648014,0.0002500019036233425,0.000166997779160738,0.0003749955794773996,3.5619170012068935,3.5677080013556406,False,0.9999874,1.0,True,1.0,1.0,1.0,3.0,3.0,3.0,False,False,False,False
12316,372.73,True,0.00012500095181167126,0.002707995008677244,8.299684850499034e-05,0.000166997779160738,0.00033400283427909017,6.784082994272467,6.7879170019296,False,0.998434534,1.0,True,1.0,1.0,1.0,100.0,100.0,100.0,False,False,False,False
12317,63.0,True,0.00033300602808594704,0.0036249984987080097,0.0002079978003166616,0.00016700505511835217,0.00029199873097240925,3.4972919966094196,3.502375002426561,False,0.9997354,0.9042530306748688,True,0.9042530306748688,0.9042530306748688,0.9042530306748688,63.0,63.0,63.0,False,False,False,False
12324,30.0,True,0.0002090018824674189,0.0022909953258931637,0.000166997779160738,0.00012500095181167126,0.00029199873097240925,3.512791998218745,3.5162499989382923,False,0.999874,1.0,True,1.0,1.0,1.0,30.0,30.0,30.0,False,False,False,False
12330,339.07,True,0.0002090018824674189,0.0024999972083605826,0.00012500095181167126,0.00012500095181167126,0.000333995558321476,6.875541002955288,6.8792500023846515,False,0.998575906,1.0,True,1.0,1.0,1.0,100.0,100.0,100.0,False,False,False,False
12338,109.0,True,0.0004999965312890708,0.0048340007197111845,0.00024999462766572833,0.0002079978003166616,0.00033299875212833285,7.0333330004359595,7.0400000040535815,False,0.9995422,1.0,True,1.0,1.0,1.0,100.0,100.0,100.0,False,False,False,False
12344,130.0,True,0.0005419933586381376,0.005707996024284512,0.00033299875212833285,0.00029199873097240925,0.0005420006345957518,7.644833996891975,7.652667001821101,False,0.999454,0.8403404495611304,True,0.8532230366532213,0.8532230366532213,0.8532230366532213,100.0,100.0,100.0,True,True,True,True
12357,429.0,True,0.00016600097296759486,0.002082997525576502,0.00012500095181167126,0.00012500095181167126,0.00037500285543501377,7.056125003146008,7.059333001961932,False,0.9981982,1.0,True,1.0,1.0,1.0,100.0,100.0,100.0,False,False,False,False
12358,45.94,True,0.0003749955794773996,0.003749999450519681,0.0002500019036233425,0.000166997779160738,0.00029099464882165194,3.811916998529341,3.817249998974148,False,0.999807052,0.7951812673485371,True,0.7951812673485371,0.7951812673485371,0.7951812673485371,45.94,45.94,45.94,True,True,True,True
12378,27.5,True,0.00012499367585405707,0.0020000006770715117,8.400093065574765e-05,8.400093065574765e-05,0.0004169996827840805,3.5215419993619435,3.5245420003775507,False,0.9998845,1.0,True,1.0,1.0,1.0,27.5,27.5,27.5,False,False,False,False
12384,283.56,True,0.00012499367585405707,0.0023749962565489113,0.00012500095181167126,0.00012500095181167126,0.00029199873097240925,6.8726659956155345,6.875999999465421,False,0.998809048,0.9915902776470772,True,1.0,1.0,1.0,100.0,100.0,100.0,False,False,False,False
12385,61.0,True,0.00029199873097240925,0.003417000698391348,0.000166997779160738,0.0002079978003166616,0.00033299875212833285,3.5828750042128377,3.587790997698903,False,0.9997438,1.0,True,1.0,1.0,1.0,61.0,61.0,61.0,False,False,False,False
12416,116.0,True,0.0005839974619448185,0.0048340007197111845,0.000333995558321476,0.0002500019036233425,0.00037500285543501377,6.868749995192047,6.87554099567933,False,0.9995128,0.9777391104510711,True,0.9797611294690362,0.9797611294690362,0.9797611294690362,100.0,100.0,100.0,False,False,False,False
12420,231.0,True,0.00016700505511835217,0.002458997187204659,8.400093065574765e-05,0.000166997779160738,0.00029199873097240925,6.992583003011532,6.9961249973857775,False,0.9990298,1.0,True,1.0,1.0,1.0,100.0,100.0,100.0,False,False,False,False
12442,277.0,True,0.0002500019036233425,0.0023749962565489113,0.00012500095181167126,0.00012500095181167126,0.00033400283427909017,7.612000001245178,7.615624999743886,False,0.9988366,1.0,True,1.0,1.0,1.0,100.0,100.0,100.0,False,False,False,False
12443,419.0,True,0.0002500019036233425,0.0038330035749822855,0.0002500019036233425,0.00020800507627427578,0.00033299875212833285,6.853833001514431,6.859207998786587,False,0.9982402,1.0,True,1.0,1.0,1.0,100.0,100.0,100.0,False,False,False,False
12444,27.86,True,0.0004579997039400041,0.004584006092045456,0.00029199873097240925,0.0002910019247792661,0.00029199873097240925,3.6594580014934763,3.665999996883329,False,0.999882988,0.818766258554039,True,0.818766258554039,0.818766258554039,0.818766258554039,27.86,27.86,27.86,True,True,True,True
12452,136.0,True,0.0004169996827840805,0.004499997885432094,0.00024999462766572833,0.0002079978003166616,0.00033299875212833285,7.111040999006946,7.117333996575326,False,0.9994288,1.0,True,1.0,1.0,1.0,100.0,100.0,100.0,False,False,False,False
12487,355.37,True,0.0002500019036233425,0.005166002665646374,0.0002500019036233425,0.0002910019247792661,0.00033299875212833285,7.196667000243906,7.203499997558538,False,0.998507446,0.8671425806562079,True,0.9401831759410586,0.9401831759410586,0.9401831759410586,100.0,100.0,100.0,True,False,False,False
12488,53.0,True,0.0004579997039400041,0.004665998858399689,0.00029199873097240925,0.0002090018824674189,0.00029199873097240925,3.684708004584536,3.691166995849926,False,0.9997774,0.9119996359766853,True,0.9119996359766853,0.9119996359766853,0.9119996359766853,53.0,53.0,53.0,False,False,False,False
12501,85.0,True,0.0004590037860907614,0.004916000762023032,0.00029099464882165194,0.0002079978003166616,0.00037500285543501377,3.482084001007024,3.489041999273468,False,0.999643,1.0,True,1.0,1.0,1.0,85.0,85.0,85.0,False,False,False,False
12508,292.0,True,0.00012500095181167126,0.0020000006770715117,0.00012500095181167126,0.00012500095181167126,0.00029199873097240925,7.070666993968189,7.073749999108259,False,0.9987736,0.8900945122904037,True,0.9401831759410586,0.9401831759410586,0.9401831759410586,100.0,100.0,100.0,True,False,False,False
12520,20.7,True,0.0002500019036233425,0.0030000010156072676,0.00024999462766572833,0.00012500095181167126,0.00029199873097240925,3.658791996713262,3.663249997771345,False,0.99991306,0.9330598495605785,True,0.9330598495605785,0.9330598495605785,0.9330598495605785,20.7,20.7,20.7,False,False,False,False
12528,324.0,True,0.000166997779160738,0.0022909953258931637,0.00012500095181167126,0.00012499367585405707,0.00033299875212833285,7.0000000050640665,7.003375001659151,False,0.9986392,0.9922613815860096,True,1.0,1.0,1.0,100.0,100.0,100.0,False,False,False,False
12542,280.0,True,0.00016600097296759486,0.0020419975044205785,8.299684850499034e-05,0.00012500095181167126,0.00029199873097240925,7.115165994036943,7.118375004210975,False,0.998824,1.0,True,1.0,1.0,1.0,100.0,100.0,100.0,False,False,False,False
12550,20.0,True,0.00016700505511835217,0.002291002601850778,0.000166997779160738,0.00012499367585405707,0.00029200600693002343,3.701875000842847,3.705250004713889,False,0.999916,0.933209169258934,True,0.933209169258934,0.933209169258934,0.933209169258934,20.0,20.0,20.0,False,False,False,False
12552,338.4,True,0.0002090018824674189,0.0026670022634789348,0.000166997779160738,0.00012500095181167126,0.000333995558321476,7.753666999633424,7.757665996905416,False,0.99857872,0.7562068745677005,True,0.8880973597911049,0.8880973597911049,0.8880973597911049,100.0,100.0,100.0,True,True,True,True
12553,378.65,True,0.00029099464882165194,0.003707995347213,0.0002500019036233425,0.000166997779160738,0.0002500019036233425,6.7409170005703345,6.746042003214825,False,0.99840967,0.9723256194488298,True,0.9999196673918644,0.9999196673918644,0.9999196673918644,100.0,100.0,100.0,False,False,False,False
12554,99.7,True,0.00029199873097240925,0.0036249984987080097,0.00020800507627427578,0.00016600097296759486,0.0002500019036233425,3.4783750015776604,3.4834170000976883,False,0.99958126,0.9146930543456551,True,0.9146930543456551,0.9146930543456551,0.9146930543456551,99.7,99.7,99.7,False,False,False,False
12567,400.0,True,0.00012500095181167126,0.002167005732189864,8.299684850499034e-05,8.299684850499034e-05,0.00033299875212833285,6.855999999970663,6.859000000986271,False,0.99832,1.0,True,1.0,1.0,1.0,100.0,100.0,100.0,False,False,False,False
12573,421.0,True,0.00012500095181167126,0.0022500025806948543,0.00012500095181167126,0.00012499367585405707,0.00033299875212833285,7.169334006903227,7.172666002588812,False,0.9982318,0.9996096237081876,True,1.0,1.0,1.0,100.0,100.0,100.0,False,False,False,False
12574,52.3,True,0.0004579997039400041,0.004499997885432094,0.0002500019036233425,0.00016600097296759486,0.00033299875212833285,3.5559590032789856,3.56212499900721,False,0.99978034,0.870753611113218,True,0.870753611113218,0.870753611113218,0.870753611113218,52.3,52.3,52.3,True,True,True,True
12615,276.0,True,0.00029200600693002343,0.003083994670305401,0.00016700505511835217,0.00016600097296759486,0.00029200600693002343,7.348666003963444,7.3531250018277206,False,0.9988408,1.0,True,1.0,1.0,1.0,100.0,100.0,100.0,False,False,False,False
12648,40.0,True,0.0002090018824674189,0.0023749962565489113,8.299684850499034e-05,0.00012499367585405707,0.00033299875212833285,3.6999999938416295,3.7034170018159784,False,0.999832,1.0,True,1.0,1.0,1.0,40.0,40.0,40.0,False,False,False,False
12661,522.0,True,0.0002079978003166616,0.002125001628883183,8.400093065574765e-05,4.1996827349066734e-05,0.0003749955794773996,6.958457997825462,6.961708000744693,False,0.9978076,1.0,True,1.0,1.0,1.0,100.0,100.0,100.0,False,False,False,False
12662,68.33,True,0.0004579997039400041,0.005207999492995441,0.00037500285543501377,0.00029200600693002343,0.00045899651013314724,3.5629170015454292,3.5702920067706145,False,0.999713014,1.0,True,1.0,1.0,1.0,68.33,68.33,68.33,False,False,False,False
12666,417.0,True,0.000166997779160738,0.007125003321561962,0.00016600097296759486,8.300412446260452e-05,0.00033299875212833285,6.902082997839898,6.910290998348501,False,0.9982486,0.9735047287664798,True,1.0,1.0,1.0,100.0,100.0,100.0,False,False,False,False
12667,379.0,True,0.0002500019036233425,0.0038340003811754286,0.0002090018824674189,0.00012500095181167126,0.00029199873097240925,6.9811670036870055,6.986374995904043,False,0.9984082,0.8943293640319002,True,0.9609244451109185,0.9609244451109185,0.9609244451109185,100.0,100.0,100.0,True,False,False,False
12668,80.0,True,0.0004159956006333232,0.004041001375298947,0.0002500019036233425,0.0002079978003166616,0.0002910019247792661,4.1261669975938275,4.131833004066721,False,0.999664,0.7671081123542811,True,0.7671081123542811,0.7671081123542811,0.7671081123542811,80.0,80.0,80.0,True,True,True,True
12670,50.0,True,0.0002910019247792661,0.0031659947126172483,0.0002079978003166616,0.00016700505511835217,0.000333995558321476,3.609291998145636,3.6140419979346916,False,0.99979,0.8784006013542621,True,0.8784006013542621,0.8784006013542621,0.8784006013542621,50.0,50.0,50.0,True,True,True,True
12705,27.0,True,0.0004580069798976183,0.004916000762023032,0.00037500285543501377,0.0002500019036233425,0.00037500285543501377,3.8009580021025613,3.807792003499344,False,0.9998866,0.8071228200637292,True,0.8071228200637292,0.8071228200637292,0.8071228200637292,27.0,27.0,27.0,True,True,True,True
12720,646.0,True,0.00016700505511835217,0.00224999530473724,8.400093065574765e-05,0.00012500095181167126,0.00029200600693002343,7.29687499551801,7.3002919962164015,False,0.9972868,0.9727911732562052,True,1.0,1.0,1.0,100.0,100.0,100.0,False,False,False,False
12722,60.0,True,0.0004159956006333232,0.0049579975893720984,0.00029099464882165194,0.0002079978003166616,0.00033299875212833285,3.5856250033248216,3.592415996536147,False,0.999748,1.0,True,1.0,1.0,1.0,60.0,60.0,60.0,False,False,False,False
12742,11.0,True,0.00012500095181167126,0.002082997525576502,0.00012500095181167126,0.00012500095181167126,0.00029199873097240925,3.570250002667308,3.5734590055653825,False,0.9999538,1.0,True,1.0,1.0,1.0,11.0,11.0,11.0,False,False,False,False
12743,274.0,True,0.0002910019247792661,0.0036659985198639333,0.00020800507627427578,0.000166997779160738,0.00029199873097240925,7.514958000683691,7.520209001086187,False,0.9988492,0.8584662337864715,True,0.9146170005538099,0.9146170005538099,0.9146170005538099,100.0,100.0,100.0,True,False,False,False
12749,247.0,True,0.0002079978003166616,0.0023750035325065255,0.00012500095181167126,0.00012500095181167126,0.0003749955794773996,6.804207994719036,6.8077910036663525,False,0.9989626,0.9980782934622395,True,1.0,1.0,1.0,100.0,100.0,100.0,False,False,False,False
12764,122.0,True,0.00016700505511835217,0.0020000006770715117,8.299684850499034e-05,0.00012500095181167126,0.00033299875212833285,7.300125005713198,7.303083002625499,False,0.9994876,0.8873482812076665,True,0.8940181450675031,0.8940181450675031,0.8940181450675031,100.0,100.0,100.0,True,True,True,True
12766,544.0,True,0.0002090018824674189,0.003125001967418939,0.00016599369700998068,0.000166997779160738,0.00033299875212833285,7.031124994682614,7.0356249998440035,False,0.9977152,1.0,True,1.0,1.0,1.0,100.0,100.0,100.0,False,False,False,False
12791,448.64,True,0.00012500095181167126,0.002125001628883183,8.400093065574765e-05,8.400093065574765e-05,0.000333995558321476,6.929541996214539,6.932707998203114,False,0.998115712,1.0,True,1.0,1.0,1.0,100.0,100.0,100.0,False,False,False,False
12792,42.84,True,0.0004160028765909374,0.004083005478605628,0.0002500019036233425,0.000166997779160738,0.00029099464882165194,3.534457995556295,3.54016699566273,False,0.999820072,1.0,True,1.0,1.0,1.0,42.84,42.84,42.84,False,False,False,False
12798,400.0,True,0.00016700505511835217,0.002291999408043921,0.00012500095181167126,0.00016600097296759486,0.00029199873097240925,7.3113749967888,7.314750000659842,False,0.99832,0.8099679604558111,True,0.9237376331502339,0.9237376331502339,0.9237376331502339,100.0,100.0,100.0,True,False,False,False
12884,117.5,True,0.0006250047590583563,0.004417001036927104,0.0002090018824674189,0.000166997779160738,0.0003749955794773996,7.269959001860116,7.276291995367501,False,0.9995065,0.8826413333279883,True,0.8880973597911049,0.8880973597911049,0.8880973597911049,100.0,100.0,100.0,True,True,True,True
12893,28.33,True,0.00016700505511835217,0.002416993083897978,0.00012500095181167126,0.00012500095181167126,0.00033299875212833285,3.646124998340383,3.649666999990586,False,0.999881014,0.891192952139915,True,0.891192952139915,0.891192952139915,0.891192952139915,28.33,28.33,28.33,True,True,True,True
12895,307.0,True,0.00020899460650980473,0.002916996891144663,0.00012500095181167126,0.00016700505511835217,0.00029199873097240925,6.816584005719051,6.820749993494246,False,0.9987106,1.0,True,1.0,1.0,1.0,100.0,100.0,100.0,False,False,False,False
12904,375.0,True,0.00016600097296759486,0.0033750038710422814,0.000166997779160738,0.0002079978003166616,0.00033299875212833285,7.44341599784093,7.448249998560641,False,0.998425,1.0,True,1.0,1.0,1.0,100.0,100.0,100.0,False,False,False,False
12905,70.0,True,0.0004169996827840805,0.004416004230733961,0.0002079978003166616,0.000166997779160738,0.00029200600693002343,3.523542000039015,3.5296249989187345,False,0.999706,1.0,True,1.0,1.0,1.0,70.0,70.0,70.0,False,False,False,False
12909,308.0,True,0.0002079978003166616,0.0024999972083605826,0.00012500095181167126,0.00012500095181167126,0.00029099464882165194,7.00137500098208,7.005082996329293,False,0.9987064,0.9242783393914411,True,0.9667758969914794,0.9667758969914794,0.9667758969914794,100.0,100.0,100.0,False,False,False,False
12910,13.0,True,0.000500003807246685,0.004916997568216175,0.00029200600693002343,0.0002079978003166616,0.0004159956006333232,3.67408299644012,3.6809590019402094,False,0.9999454,0.9166636610373616,True,0.9166636610373616,0.9166636610373616,0.9166636610373616,13.0,13.0,13.0,False,False,False,False
12926,256.0,True,0.00016600097296759486,0.0020000006770715117,8.300412446260452e-05,0.00012500095181167126,0.00033299875212833285,7.198999999673106,7.201957996585406,False,0.9989248,1.0,True,1.0,1.0,1.0,100.0,100.0,100.0,False,False,False,False
12954,205.0,True,0.0004169996827840805,0.0051670067477971315,0.0002500019036233425,0.0002500019036233425,0.00037500285543501377,7.195749996753875,7.2027919959509745,False,0.999139,0.9636712877445763,True,0.9797611294690362,0.9797611294690362,0.9797611294690362,100.0,100.0,100.0,False,False,False,False
12956,47.5,True,0.0002090018824674189,0.002958004188258201,0.0002079978003166616,0.000166997779160738,0.00033400283427909017,3.5173340002074838,3.52174999716226,False,0.9998005,1.0,True,1.0,1.0,1.0,47.5,47.5,47.5,False,False,False,False
12960,388.0,True,0.00012500095181167126,0.0025419940357096493,0.00012500095181167126,0.000166997779160738,0.00029199873097240925,7.04054199741222,7.044208003208041,False,0.9983704,1.0,True,1.0,1.0,1.0,100.0,100.0,100.0,False,False,False,False
12961,35.0,True,0.00033299875212833285,0.0038750004023313522,0.0002500019036233425,0.000166997779160738,0.00029200600693002343,3.5398749969317578,3.5453329983283766,False,0.999853,1.0,True,1.0,1.0,1.0,35.0,35.0,35.0,False,False,False,False
12966,485.0,True,0.00012500095181167126,0.0025410045054741204,0.00012500095181167126,8.300412446260452e-05,0.0002500019036233425,7.455291000951547,7.458834006683901,False,0.997963,1.0,True,1.0,1.0,1.0,100.0,100.0,100.0,False,False,False,False
12967,215.52,True,0.0005830006557516754,0.005541995051316917,0.00033299875212833285,0.0002910019247792661,0.00037500285543501377,7.1519170014653355,7.159584005421493,False,0.999094816,1.0,True,1.0,1.0,1.0,100.0,100.0,100.0,False,False,False,False
12979,45.0,True,0.000166997779160738,0.002125001628883183,8.299684850499034e-05,0.00012500095181167126,0.000333995558321476,3.921499999705702,3.924749995348975,False,0.999811,0.8093778140016048,True,0.8093778140016048,0.8093778140016048,0.8093778140016048,45.0,45.0,45.0,True,True,True,True
12984,356.0,True,0.0002090018824674189,0.002792003215290606,8.300412446260452e-05,0.00012500095181167126,0.00037500285543501377,7.417750006425194,7.421791000524536,False,0.9985048,0.9326516660271337,True,0.9797611294690362,0.9797611294690362,0.9797611294690362,100.0,100.0,100.0,False,False,False,False
12985,18.0,True,0.0004169996827840805,0.004958004865329713,0.0002500019036233425,0.0002500019036233425,0.00037500285543501377,3.659207999589853,3.6660000041592866,False,0.9999244,0.8122407334202617,True,0.8122407334202617,0.8122407334202617,0.8122407334202617,18.0,18.0,18.0,True,True,True,True
12994,232.0,True,0.0004590037860907614,0.004542001988738775,0.00029199873097240925,0.0002079978003166616,0.00037500285543501377,7.15462500374997,7.161041001381818,False,0.9990256,1.0,True,1.0,1.0,1.0,100.0,100.0,100.0,False,False,False,False
13003,235.0,True,0.00020800507627427578,0.0023750035325065255,0.00012500095181167126,0.00012500095181167126,0.00029199873097240925,7.327957995585166,7.331417000386864,False,0.999013,0.8737238285383161,True,0.9146170005538099,0.9146170005538099,0.9146170005538099,100.0,100.0,100.0,True,False,False,False
13029,15.0,True,0.00016700505511835217,0.002124994352925569,8.299684850499034e-05,8.299684850499034e-05,0.00033299875212833285,3.443208996031899,3.4464589989511296,False,0.999937,1.0,True,1.0,1.0,1.0,15.0,15.0,15.0,False,False,False,False
13050,31.0,True,0.00016700505511835217,0.0021660016500391066,8.400093065574765e-05,0.00012500095181167126,0.00033299875212833285,3.570209002646152,3.5735000055865385,False,0.9998698,0.9389474530093299,True,0.9389474530093299,0.9389474530093299,0.9389474530093299,31.0,31.0,31.0,False,False,False,False
13055,361.3,True,0.00020899460650980473,0.0024170003598555923,0.00012500095181167126,0.000166997779160738,0.00033299875212833285,7.125957999960519,7.129540994355921,False,0.99848254,0.9097812634707856,True,0.9667758969914794,0.9667758969914794,0.9667758969914794,100.0,100.0,100.0,False,False,False,False
13063,15.0,True,0.0004169996827840805,0.004833003913518041,0.00033299875212833285,0.0002500019036233425,0.0004160028765909374,3.6728330014739186,3.679458000988234,False,0.999937,0.9112060760348657,True,0.9112060760348657,0.9112060760348657,0.9112060760348657,15.0,15.0,15.0,False,False,False,False
13067,21.75,True,0.00029199873097240925,0.003207998815923929,0.0002500019036233425,0.000166997779160738,0.00033299875212833285,3.6040830018464476,3.608874998462852,False,0.99990865,0.9328354664205761,True,0.9328354664205761,0.9328354664205761,0.9328354664205761,21.75,21.75,21.75,False,False,False,False
13072,63.75,True,0.00016600097296759486,0.00224999530473724,0.000166997779160738,0.00012500095181167126,0.00033299875212833285,3.520375001244247,3.5237920019426383,False,0.99973225,0.9234429690957929,True,0.9234429690957929,0.9234429690957929,0.9234429690957929,63.75,63.75,63.75,False,False,False,False
13076,245.0,True,0.00020899460650980473,0.0023750035325065255,8.300412446260452e-05,0.00016700505511835217,0.00024999462766572833,6.945665998500772,6.949165996047668,False,0.998971,1.0,True,1.0,1.0,1.0,100.0,100.0,100.0,False,False,False,False
13081,50.35,True,0.00016600097296759486,0.0023750035325065255,0.00012500095181167126,0.00016600097296759486,0.00029200600693002343,3.507333000015933,3.5108329975628294,False,0.99978853,1.0,True,1.0,1.0,1.0,50.35,50.35,50.35,False,False,False,False
13086,144.0,True,0.0004579997039400041,0.005000001692678779,0.00033300602808594704,0.0002079978003166616,0.00033299875212833285,7.253542004036717,7.260459002282005,False,0.9993952,0.8514802291767254,True,0.8684136752395771,0.8684136752395771,0.8684136752395771,100.0,100.0,100.0,True,True,True,True
13132,27.89,True,0.00037500285543501377,0.003792003553826362,0.00020899460650980473,0.00016700505511835217,0.00033299875212833285,3.545999999914784,3.551250003511086,False,0.999882862,1.0,True,1.0,1.0,1.0,27.89,27.89,27.89,False,False,False,False
13134,205.0,True,0.0004579997039400041,0.004832996637560427,0.00029099464882165194,0.0002079978003166616,0.00033299875212833285,6.997458003752399,7.004084000072908,False,0.999139,1.0,True,1.0,1.0,1.0,100.0,100.0,100.0,False,False,False,False
13141,15.0,True,0.0004169996827840805,0.003792003553826362,0.0002090018824674189,0.000166997779160738,0.00033299875212833285,3.4542919966042973,3.459749998000916,False,0.999937,1.0,True,1.0,1.0,1.0,15.0,15.0,15.0,False,False,False,False
13142,243.0,True,0.00033400283427909017,0.0037919962778687477,0.00020899460650980473,0.0002090018824674189,0.0002500019036233425,7.1060830014175735,7.11145799868973,False,0.9989794,1.0,True,1.0,1.0,1.0,100.0,100.0,100.0,False,False,False,False
13146,32.0,True,0.0002090018824674189,0.0024170003598555923,0.00016599369700998068,0.00012500095181167126,0.0003749955794773996,3.6609999951906502,3.664625000965316,False,0.9998656,0.9069749623418684,True,0.9069749623418684,0.9069749623418684,0.9069749623418684,32.0,32.0,32.0,False,False,False,False
13165,7.59,True,0.0004999965312890708,0.005625006451737136,0.00033299875212833285,0.00029199873097240925,0.0003749955794773996,3.763833003176842,3.7716250008088537,False,0.999968122,0.9354184596725296,True,0.9354184596725296,0.9354184596725296,0.9354184596725296,7.59,7.59,7.59,False,False,False,False
13168,49.0,True,0.00037500285543501377,0.004665998858399689,0.00029199873097240925,0.0002079978003166616,0.00033300602808594704,3.5758329977397807,3.582292003557086,False,0.9997942,0.864581407700484,True,0.864581407700484,0.864581407700484,0.864581407700484,49.0,49.0,49.0,True,True,True,True
13175,250.0,True,0.0004579997039400041,0.004792003892362118,0.00033299875212833285,0.00024999462766572833,0.00033299875212833285,6.93416700232774,6.940958002815023,False,0.99895,1.0,True,1.0,1.0,1.0,100.0,100.0,100.0,False,False,False,False
13181,248.0,True,0.00020800507627427578,0.0025420013116672635,0.00012500095181167126,0.00012500095181167126,0.0002910019247792661,7.197207996796351,7.200874999398366,False,0.9989584,1.0,True,1.0,1.0,1.0,100.0,100.0,100.0,False,False,False,False
13182,372.92,True,0.00033299875212833285,0.004916997568216175,0.0002910019247792661,0.00024999462766572833,0.00033300602808594704,7.623625002452172,7.630334002897143,False,0.998433736,0.7220013621982065,True,0.8940181450675031,0.8940181450675031,0.8940181450675031,100.0,100.0,100.0,True,True,True,True
13184,50.0,True,0.0002500019036233425,0.0031249946914613247,0.0002079978003166616,0.000166997779160738,0.00029199873097240925,3.7385420000646263,3.7432500030263327,False,0.99979,0.8642294527819276,True,0.8642294527819276,0.8642294527819276,0.8642294527819276,50.0,50.0,50.0,True,True,True,True
13197,303.7,True,0.0002090018824674189,0.0025000044843181968,0.00012500095181167126,0.00012500095181167126,0.00033400283427909017,7.042750003165565,7.046416001685429,False,0.99872446,1.0,True,1.0,1.0,1.0,100.0,100.0,100.0,False,False,False,False
13198,69.02,True,0.000333995558321476,0.0036670026020146906,0.0002500019036233425,0.0002090018824674189,0.00029199873097240925,3.5994169957120903,3.60454099427443,False,0.999710116,0.9308378136208029,True,0.9308378136208029,0.9308378136208029,0.9308378136208029,69.02,69.02,69.02,False,False,False,False
13207,10.0,True,8.299684850499034e-05,0.001959000655915588,8.400093065574765e-05,0.00012499367585405707,0.00029200600693002343,3.5332089973962866,3.5361250047571957,False,0.999958,1.0,True,1.0,1.0,1.0,10.0,10.0,10.0,False,False,False,False
13209,435.0,True,0.00016600097296759486,0.00291600008495152,0.00016600097296759486,0.00012500095181167126,0.00033299875212833285,6.909125004312955,6.913249999342952,False,0.998173,0.9594061363314509,True,0.9992122092123257,0.9992122092123257,0.9992122092123257,100.0,100.0,100.0,False,False,False,False
13214,339.0,True,0.000166997779160738,0.0023329994291998446,0.00012500095181167126,0.00012500095181167126,0.00029200600693002343,6.804083001043182,6.807582998590078,False,0.9985762,1.0,True,1.0,1.0,1.0,100.0,100.0,100.0,False,False,False,False
13215,20.0,True,0.0004160028765909374,0.004083005478605628,0.0002079978003166616,0.000166997779160738,0.00029199873097240925,3.4194999971077777,3.425167000386864,False,0.999916,1.0,True,1.0,1.0,1.0,20.0,20.0,20.0,False,False,False,False
13218,75.0,True,0.00024999462766572833,0.0026670022634789348,0.00012500095181167126,0.00016600097296759486,0.00029199873097240925,3.6081250000279397,3.612082997278776,False,0.999685,1.0,True,1.0,1.0,1.0,75.0,75.0,75.0,False,False,False,False
13225,378.0,True,0.00016600097296759486,0.0023750035325065255,0.00016600097296759486,0.00012500095181167126,0.00033299875212833285,6.963084000744857,6.966666995140258,False,0.9984124,1.0,True,1.0,1.0,1.0,100.0,100.0,100.0,False,False,False,False
13226,38.0,True,0.00029199873097240925,0.003625005774665624,0.0002079978003166616,0.00012500095181167126,0.0002910019247792661,3.5297919966978952,3.5348750025150366,False,0.9998404,1.0,True,1.0,1.0,1.0,38.0,38.0,38.0,False,False,False,False
13232,235.0,True,0.0004590037860907614,0.0049579975893720984,0.0002500019036233425,0.0002079978003166616,0.00029200600693002343,6.997209005930927,7.003999999142252,False,0.999013,1.0,True,1.0,1.0,1.0,100.0,100.0,100.0,False,False,False,False
13236,314.58,True,0.000500003807246685,0.004832996637560427,0.00029099464882165194,0.0002079978003166616,0.00033300602808594704,6.754000001819804,6.760707998182625,False,0.998678764,1.0,True,1.0,1.0,1.0,100.0,100.0,100.0,False,False,False,False
13238,37.95,True,0.0004579997039400041,0.005166002665646374,0.00033299875212833285,0.0002090018824674189,0.0004169996827840805,3.6648340028477833,3.6719999989145435,False,0.99984061,0.9054522080614487,True,0.9054522080614487,0.9054522080614487,0.9054522080614487,37.95,37.95,37.95,False,False,False,False
13241,371.23,True,0.00033299875212833285,0.005250003596302122,0.0003749955794773996,0.00029200600693002343,0.0004169996827840805,7.560458994703367,7.567792003101204,False,0.998440834,0.8279015336264555,True,0.9237376331502339,0.9237376331502339,0.9237376331502339,100.0,100.0,100.0,True,False,False,False
13242,63.61,True,0.002458997187204659,0.004583002009894699,0.00029199873097240925,0.0002090018824674189,0.0003749955794773996,3.505125001538545,3.5135419966536574,False,0.999732838,1.0,True,1.0,1.0,1.0,63.61,63.61,63.61,False,False,False,False
13245,288.0,True,0.00024999462766572833,0.0026670022634789348,8.399365469813347e-05,0.00016700505511835217,0.00033299875212833285,6.745958002284169,6.749791995389387,False,0.9987904,1.0,True,1.0,1.0,1.0,100.0,100.0,100.0,False,False,False,False
13246,503.0,True,0.0002500019036233425,0.003749999450519681,0.00024999462766572833,0.000166997779160738,0.00033299875212833285,7.125124997401144,7.13033299689414,False,0.9978874,1.0,True,1.0,1.0,1.0,100.0,100.0,100.0,False,False,False,False
13247,271.03,True,0.0004579997039400041,0.004916000762023032,0.0002500019036233425,0.00020800507627427578,0.00033299875212833285,6.99154099856969,6.998249999014661,False,0.998861674,1.0,True,1.0,1.0,1.0,100.0,100.0,100.0,False,False,False,False
13266,45.0,True,0.00012500095181167126,0.0020000006770715117,8.400093065574765e-05,0.00012500095181167126,0.00033299875212833285,3.65333299851045,3.6562919995049015,False,0.999811,0.9088939391185438,True,0.9088939391185438,0.9088939391185438,0.9088939391185438,45.0,45.0,45.0,False,False,False,False
13267,286.0,True,0.00029199873097240925,0.0036659985198639333,0.00016600097296759486,0.00012500095181167126,0.00033299875212833285,6.937332997040357,6.942334002815187,False,0.9987988,1.0,True,1.0,1.0,1.0,100.0,100.0,100.0,False,False,False,False
13292,400.0,True,0.00012500095181167126,0.002124994352925569,8.400093065574765e-05,0.00012500095181167126,0.00033300602808594704,7.0728749997215346,7.0760000016889535,False,0.99832,0.921362387009714,True,0.9797611294690362,0.9797611294690362,0.9797611294690362,100.0,100.0,100.0,False,False,False,False
13294,350.0,True,0.0002079978003166616,0.0030420051189139485,0.00012500095181167126,0.00016600097296759486,0.00033299875212833285,7.641208001587074,7.64566699945135,False,0.99853,0.8393048555048246,True,0.9237376331502339,0.9237376331502339,0.9237376331502339,100.0,100.0,100.0,True,False,False,False
13297,102.71,True,0.0004579997039400041,0.004999994416721165,0.00029199873097240925,0.0002090018824674189,0.0003749955794773996,7.901999997557141,7.9088749989750795,False,0.999568618,0.7367284972942083,True,0.7415397500008176,0.7415397500008176,0.7415397500008176,100.0,100.0,100.0,True,True,True,True
13299,369.0,True,0.00033299875212833285,0.005125002644490451,0.00037500285543501377,0.0002090018824674189,0.000333995558321476,6.981334001466166,6.98829199973261,False,0.9984502,1.0,True,1.0,1.0,1.0,100.0,100.0,100.0,False,False,False,False
13301,56.54,True,0.0004169996827840805,0.004458997864276171,0.00024999462766572833,0.0002500019036233425,0.0003749955794773996,3.759916995477397,3.7663330003852025,False,0.999762532,0.9489139241461176,True,0.9489139241461176,0.9489139241461176,0.9489139241461176,56.54,56.54,56.54,False,False,False,False
13312,56.0,True,0.0004579997039400041,0.004624998837243766,0.00033300602808594704,0.00016600097296759486,0.00037500285543501377,3.6213749990565702,3.627874997619074,False,0.9997648,0.9060823969862067,True,0.9060823969862067,0.9060823969862067,0.9060823969862067,56.0,56.0,56.0,False,False,False,False
13324,72.0,True,0.00012500095181167126,0.002082997525576502,8.299684850499034e-05,0.00012500095181167126,0.00033299875212833285,3.6152909960947,3.6184170021442696,False,0.9996976,0.9121643337139721,True,0.9121643337139721,0.9121643337139721,0.9121643337139721,72.0,72.0,72.0,False,False,False,False
13326,298.4,True,0.0002910019247792661,0.0028329959604889154,0.00016599369700998068,0.0002079978003166616,0.00029199873097240925,7.432124999468215,7.43641699955333,False,0.99874672,0.8477078010479983,True,0.9146170005538099,0.9146170005538099,0.9146170005538099,100.0,100.0,100.0,True,False,False,False
13327,346.7,True,0.0002500019036233425,0.0038330035749822855,0.0002500019036233425,0.000166997779160738,0.00029199873097240925,7.090749997587409,7.096165994880721,False,0.99854386,0.9840086055734272,True,1.0,1.0,1.0,100.0,100.0,100.0,False,False,False,False
13328,108.0,True,0.00033299875212833285,0.0035410048440098763,0.000166997779160738,0.00012500095181167126,0.00029199873097240925,7.003916995017789,7.008749998931307,False,0.9995464,1.0,True,1.0,1.0,1.0,100.0,100.0,100.0,False,False,False,False
13341,417.26,True,0.00016599369700998068,0.0022500025806948543,0.00012499367585405707,0.00012500095181167126,0.00020899460650980473,7.275750002008863,7.278999997652136,False,0.998247508,0.7649201239283882,True,0.9146170005538099,0.9146170005538099,0.9146170005538099,100.0,100.0,100.0,True,False,False,False
13342,25.0,True,0.00037500285543501377,0.003749999450519681,0.0002500019036233425,0.00016700505511835217,0.00029200600693002343,3.5983749985462055,3.6036670062458143,False,0.999895,0.9321378610195291,True,0.9321378610195291,0.9321378610195291,0.9321378610195291,25.0,25.0,25.0,False,False,False,False
13345,64.0,True,0.000166997779160738,0.0025839981390163302,0.00016700505511835217,0.00012500095181167126,0.0002910019247792661,3.470584000751842,3.4742920033750124,False,0.9997312,1.0,True,1.0,1.0,1.0,64.0,64.0,64.0,False,False,False,False
13352,440.0,True,0.00012500095181167126,0.0023750035325065255,0.00012500095181167126,0.00012500095181167126,0.00029099464882165194,6.924250003066845,6.927707996510435,False,0.998152,0.9695127541429966,True,1.0,1.0,1.0,100.0,100.0,100.0,False,False,False,False
13359,496.0,True,0.00016600097296759486,0.0024999972083605826,0.00012500095181167126,0.00012500095181167126,0.00037500285543501377,7.178959000157192,7.182624998677056,False,0.9979168,1.0,True,1.0,1.0,1.0,100.0,100.0,100.0,False,False,False,False
13360,36.0,True,0.00037500285543501377,0.0038340003811754286,0.0002500019036233425,0.0002079978003166616,0.00033300602808594704,3.7222090031718835,3.7276660004863515,False,0.9998488,0.8451120260152635,True,0.8451120260152635,0.8451120260152635,0.8451120260152635,36.0,36.0,36.0,True,True,True,True
13363,29.0,True,0.00016700505511835217,0.002458997187204659,0.00012500095181167126,0.00012500095181167126,0.0002910019247792661,3.724250003870111,3.7279159951140173,False,0.9998782,0.8479417742106969,True,0.8479417742106969,0.8479417742106969,0.8479417742106969,29.0,29.0,29.0,True,True,True,True
13376,306.0,True,0.000166997779160738,0.0021659943740814924,0.00012500095181167126,0.00012500095181167126,0.00029199873097240925,6.958457997825462,6.961665996641386,False,0.9987148,0.9891219637531559,True,1.0,1.0,1.0,100.0,100.0,100.0,False,False,False,False
13390,10.0,True,0.00012500095181167126,0.0022080057533457875,8.299684850499034e-05,0.00016600097296759486,0.00033299875212833285,3.647791003459133,3.651084000011906,False,0.999958,1.0,True,1.0,1.0,1.0,10.0,10.0,10.0,False,False,False,False
13395,21.14,True,0.000166997779160738,0.0023329994291998446,0.00016700505511835217,0.00012500095181167126,0.00029199873097240925,3.558666998287663,3.562042002158705,False,0.999911212,1.0,True,1.0,1.0,1.0,21.14,21.14,21.14,False,False,False,False
13438,518.44,True,0.00012499367585405707,0.0020000006770715117,8.299684850499034e-05,8.299684850499034e-05,0.00033300602808594704,7.117916997231077,7.120875001419336,False,0.997822552,1.0,True,1.0,1.0,1.0,100.0,100.0,100.0,False,False,False,False
13439,156.0,True,0.0003749955794773996,0.004333000106271356,0.00029199873097240925,0.00020800507627427578,0.00033299875212833285,7.608749998325948,7.614708003529813,False,0.9993448,0.7732075040962271,True,0.8142143494265454,0.8142143494265454,0.8142143494265454,100.0,100.0,100.0,True,True,True,True
13442,223.0,True,0.00037500285543501377,0.004333000106271356,0.0002500019036233425,0.0002090018824674189,0.000333995558321476,6.7593749990919605,6.765416997950524,False,0.9990634,1.0,True,1.0,1.0,1.0,100.0,100.0,100.0,False,False,False,False
13446,33.45,True,0.0004169996827840805,0.0048340007197111845,0.00033400283427909017,0.0002090018824674189,0.0003749955794773996,3.6697499963338487,3.6764579999726266,False,0.99985951,0.9384435086756763,True,0.9384435086756763,0.9384435086756763,0.9384435086756763,33.45,33.45,33.45,False,False,False,False
13449,457.43,True,0.00012500095181167126,0.0026669949875213206,0.00016700505511835217,0.0002079978003166616,0.00033300602808594704,7.098959002178162,7.1028330057743005,False,0.998078794,0.9663753919504877,True,1.0,1.0,1.0,100.0,100.0,100.0,False,False,False,False
13450,190.0,True,0.00037500285543501377,0.0036249984987080097,0.0002500019036233425,0.0002500019036233425,0.00029200600693002343,6.777000002330169,6.782249998650514,False,0.999202,1.0,True,1.0,1.0,1.0,100.0,100.0,100.0,False,False,False,False
13476,103.0,True,0.0004579997039400041,0.005041001713834703,0.00033300602808594704,0.0002079978003166616,0.00033299875212833285,7.047665996651631,7.054624999000225,False,0.9995674,1.0,True,1.0,1.0,1.0,100.0,100.0,100.0,False,False,False,False
13481,360.0,True,0.000166997779160738,0.002459004463162273,0.00012500095181167126,0.00012500095181167126,0.0002500019036233425,6.969665999349672,6.973207993723918,False,0.998488,1.0,True,1.0,1.0,1.0,100.0,100.0,100.0,False,False,False,False
13487,16.0,True,0.0005420006345957518,0.0056249991757795215,0.00037500285543501377,0.0004579997039400041,0.000500003807246685,3.3984160036197864,3.40633300220361,False,0.9999328,1.0,True,1.0,1.0,1.0,16.0,16.0,16.0,False,False,False,False
13499,375.0,True,0.00016700505511835217,0.002291002601850778,0.00012500095181167126,0.00012500095181167126,0.00033299875212833285,7.661707997613121,7.66512500558747,False,0.998425,0.7136551868505718,True,0.8940181450675031,0.8940181450675031,0.8940181450675031,100.0,100.0,100.0,True,True,True,True
13500,6.0,True,0.00033400283427909017,0.0036669953260570765,0.0002500019036233425,0.000166997779160738,0.0002910019247792661,3.757166996365413,3.7623329990310594,False,0.9999748,1.0,True,1.0,1.0,1.0,6.0,6.0,6.0,False,False,False,False
13503,48.0,True,0.000500003807246685,0.005041998520027846,0.0003749955794773996,0.0002079978003166616,0.0004579997039400041,3.8008749979780987,3.807916997175198,False,0.9997984,0.9505450847165579,True,0.9505450847165579,0.9505450847165579,0.9505450847165579,48.0,48.0,48.0,False,False,False,False
13505,682.33,True,0.0002090018824674189,0.002959000994451344,0.00012500095181167126,0.000166997779160738,0.00029199873097240925,7.117290995665826,7.121582995750941,False,0.997134214,0.9823691759023027,True,1.0,1.0,1.0,100.0,100.0,100.0,False,False,False,False
13506,302.27,True,0.0004590037860907614,0.005041998520027846,0.00029200600693002343,0.0002079978003166616,0.00033299875212833285,6.869416996778455,6.876291998196393,False,0.998730466,1.0,True,1.0,1.0,1.0,100.0,100.0,100.0,False,False,False,False
13507,50.0,True,0.0004580069798976183,0.004624998837243766,0.0002910019247792661,0.0002079978003166616,0.0004169996827840805,3.6519159984891303,3.6584589979611337,False,0.99979,0.7923682930271392,True,0.7923682930271392,0.7923682930271392,0.7923682930271392,50.0,50.0,50.0,True,True,True,True
13519,399.0,True,0.00016600097296759486,0.0020420047803781927,8.400093065574765e-05,0.00012499367585405707,0.00029199873097240925,6.959082995308563,6.962125000427477,False,0.9983242,1.0,True,1.0,1.0,1.0,100.0,100.0,100.0,False,False,False,False
13520,75.0,True,0.00037500285543501377,0.003625005774665624,0.0002079978003166616,0.0002079978003166616,0.00029099464882165194,3.411291996599175,3.4164579992648214,False,0.999685,1.0,True,1.0,1.0,1.0,75.0,75.0,75.0,False,False,False,False
13528,300.0,True,0.000166997779160738,0.0022079984773881733,8.400093065574765e-05,0.00012500095181167126,0.00033300602808594704,7.285583000339102,7.288875000085682,False,0.99874,0.8080797045411333,True,0.8940181450675031,0.8940181450675031,0.8940181450675031,100.0,100.0,100.0,True,True,True,True
13529,91.0,True,0.00029199873097240925,0.003749999450519681,0.00020899460650980473,0.00016700505511835217,0.00033299875212833285,3.380709000339266,3.3858749957289547,False,0.9996178,0.9995735982566495,True,0.9995735982566495,0.9995735982566495,0.9995735982566495,91.0,91.0,91.0,False,False,False,False
13535,315.75,True,0.00016600097296759486,0.0023749962565489113,0.00016599369700998068,8.299684850499034e-05,0.0002500019036233425,7.103292002284434,7.106707998900674,False,0.99867385,0.9133767314766841,True,0.9609244451109185,0.9609244451109185,0.9609244451109185,100.0,100.0,100.0,False,False,False,False
13570,243.77,True,0.000166997779160738,0.0020420047803781927,0.00012500095181167126,0.00012500095181167126,0.00037500285543501377,7.5350000042817555,7.538124998973217,False,0.998976166,0.7304792717683903,True,0.8447972696279995,0.8447972696279995,0.8447972696279995,100.0,100.0,100.0,True,True,True,True
13615,240.0,True,8.300412446260452e-05,0.0018749997252598405,8.299684850499034e-05,0.00012500095181167126,0.00033299875212833285,7.462166999175679,7.465083996066824,False,0.998992,0.8419833513889218,True,0.8940181450675031,0.8940181450675031,0.8940181450675031,100.0,100.0,100.0,True,True,True,True
13616,353.0,True,0.0002500019036233425,0.004165995051153004,0.0002079978003166616,0.00016700505511835217,0.00029199873097240925,7.063249999191612,7.068958002491854,False,0.9985174,0.9121614611264035,True,0.9667758969914794,0.9667758969914794,0.9667758969914794,100.0,100.0,100.0,False,False,False,False
13617,15.0,True,0.00033299875212833285,0.004707995685748756,0.0002910019247792661,0.0002079978003166616,0.0004169996827840805,3.417249994527083,3.423709000344388,False,0.999937,1.0,True,1.0,1.0,1.0,15.0,15.0,15.0,False,False,False,False
13622,619.0,True,0.00012500095181167126,0.0023749962565489113,0.00012500095181167126,8.299684850499034e-05,0.00033300602808594704,7.099292000930291,7.102832998498343,False,0.9974002,0.9185293863309218,True,0.9999196673918644,0.9999196673918644,0.9999196673918644,100.0,100.0,100.0,False,False,False,False
13623,53.0,True,0.00029099464882165194,0.0034580007195472717,0.0002079978003166616,0.00012500095181167126,0.00033400283427909017,3.498041995044332,3.5029999999096617,False,0.9997774,0.9495932907553705,True,0.9495932907553705,0.9495932907553705,0.9495932907553705,53.0,53.0,53.0,False,False,False,False
13630,11.43,True,8.299684850499034e-05,0.0020000006770715117,0.00012500095181167126,8.299684850499034e-05,0.00029199873097240925,3.5062910028500482,3.5093339974991977,False,0.999951994,1.0,True,1.0,1.0,1.0,11.43,11.43,11.43,False,False,False,False
13690,400.0,True,0.00012500095181167126,0.002082997525576502,0.00012500095181167126,8.299684850499034e-05,0.00029200600693002343,7.300500001292676,7.303540995053481,False,0.99832,0.7833335500676637,True,0.9146170005538099,0.9146170005538099,0.9146170005538099,100.0,100.0,100.0,True,False,False,False
13695,5.0,True,0.0002500019036233425,0.002791995939332992,0.00012500095181167126,0.00012500095181167126,0.00033299875212833285,3.607624996220693,3.6117080016992986,False,0.999979,1.0,True,1.0,1.0,1.0,5.0,5.0,5.0,False,False,False,False
13708,35.0,True,0.00012500095181167126,0.0022500025806948543,0.00012499367585405707,8.299684850499034e-05,0.00033299875212833285,3.6004170033265837,3.6036669989698566,False,0.999853,0.9874282468962489,True,0.9874282468962489,0.9874282468962489,0.9874282468962489,35.0,35.0,35.0,False,False,False,False
13724,17.0,True,0.00012500095181167126,0.0019169965526089072,8.400093065574765e-05,0.00012500095181167126,0.00033300602808594704,3.664000003482215,3.6670000044978224,False,0.9999286,0.8819292687632756,True,0.8819292687632756,0.8819292687632756,0.8819292687632756,17.0,17.0,17.0,True,True,True,True
13739,271.0,True,0.00016700505511835217,0.0023749962565489113,0.00012500095181167126,8.300412446260452e-05,0.0002500019036233425,6.933708995347843,6.937124999240041,False,0.9988618,1.0,True,1.0,1.0,1.0,100.0,100.0,100.0,False,False,False,False
13770,49.0,True,8.299684850499034e-05,0.001957996573764831,8.299684850499034e-05,4.1996827349066734e-05,0.00033300602808594704,3.5817500029224902,3.584666999813635,False,0.9997942,1.0,True,1.0,1.0,1.0,49.0,49.0,49.0,False,False,False,False
13771,389.0,True,0.0002500019036233425,0.0034580007195472717,0.0002079978003166616,0.00012500095181167126,0.00033299875212833285,7.01462500001071,7.019541997578926,False,0.9983662,1.0,True,1.0,1.0,1.0,100.0,100.0,100.0,False,False,False,False
13773,55.0,True,0.0002079978003166616,0.0030000010156072676,0.000166997779160738,0.000166997779160738,0.00029199873097240925,3.6145420017419383,3.6188750018482096,False,0.999769,0.9339018983296337,True,0.9339018983296337,0.9339018983296337,0.9339018983296337,55.0,55.0,55.0,False,False,False,False
13779,396.73,True,0.000166997779160738,0.0024170003598555923,0.00016600097296759486,0.000166997779160738,0.0002500019036233425,6.933916003617924,6.937500002095476,False,0.998333734,1.0,True,1.0,1.0,1.0,100.0,100.0,100.0,False,False,False,False
13782,140.0,True,0.0024579931050539017,0.00508299854118377,0.00029099464882165194,0.0002079978003166616,0.00033299875212833285,6.998583005042747,7.007583997619804,False,0.999412,1.0,True,1.0,1.0,1.0,100.0,100.0,100.0,False,False,False,False
13790,30.0,True,0.0004999965312890708,0.004916000762023032,0.0002910019247792661,0.0002500019036233425,0.00037500285543501377,3.4780409987433814,3.4850830052164383,False,0.999874,1.0,True,1.0,1.0,1.0,30.0,30.0,30.0,False,False,False,False
13791,322.0,True,0.00037500285543501377,0.004540997906588018,0.0002500019036233425,0.0002500019036233425,0.000333995558321476,7.002625003224239,7.008915999904275,False,0.9986476,0.8798031204566054,True,0.9401831759410586,0.9401831759410586,0.9401831759410586,100.0,100.0,100.0,True,False,False,False
13799,191.67,True,0.0004169996827840805,0.004916997568216175,0.00029199873097240925,0.0002090018824674189,0.00033299875212833285,7.10491700010607,7.11175000469666,False,0.999194986,1.0,True,1.0,1.0,1.0,100.0,100.0,100.0,False,False,False,False
13802,903.67,True,0.0002500019036233425,0.0027089990908280015,0.00016600097296759486,0.00016600097296759486,0.00029200600693002343,7.148041004256811,7.152000005589798,False,0.996204586,0.9397955193381651,True,1.0,1.0,1.0,100.0,100.0,100.0,False,False,False,False
13803,41.0,True,0.00037500285543501377,0.0038329962990246713,0.0002090018824674189,0.0002090018824674189,0.00033400283427909017,3.7455830024555326,3.7510000038309954,False,0.9998278,0.8116627266798521,True,0.8116627266798521,0.8116627266798521,0.8116627266798521,41.0,41.0,41.0,True,True,True,True
13809,5.0,True,0.0004579997039400041,0.004916997568216175,0.0002910019247792661,0.0002079978003166616,0.00029199873097240925,3.7941670016152784,3.8009169948054478,False,0.999979,0.8569706149066126,True,0.8569706149066126,0.8569706149066126,0.8569706149066126,5.0,5.0,5.0,True,True,True,True
13825,459.17,True,0.00012500095181167126,0.0020420047803781927,8.399365469813347e-05,0.00012500095181167126,0.00033400283427909017,7.57175000035204,7.574832998216152,False,0.998071486,0.8143445880896819,True,0.9401831759410586,0.9401831759410586,0.9401831759410586,100.0,100.0,100.0,True,False,False,False
13842,4.0,True,0.00029199873097240925,0.0028750000637955964,0.00016600097296759486,0.00012500095181167126,0.00037500285543501377,3.559541997674387,3.5637080000014976,False,0.9999832,1.0,True,1.0,1.0,1.0,4.0,4.0,4.0,False,False,False,False
13847,296.0,True,0.000166997779160738,0.002458000381011516,0.00012500095181167126,0.000166997779160738,0.00029199873097240925,6.921124993823469,6.924542001797818,False,0.9987568,1.0,True,1.0,1.0,1.0,100.0,100.0,100.0,False,False,False,False
13868,457.0,True,0.00012500095181167126,0.002415996277704835,8.299684850499034e-05,8.400093065574765e-05,0.00029200600693002343,7.6728750063921325,7.676333996641915,False,0.9980806,1.0,True,1.0,1.0,1.0,100.0,100.0,100.0,False,False,False,False
13869,105.0,True,0.00037500285543501377,0.0039590013329871,0.0002090018824674189,0.000166997779160738,0.00037500285543501377,7.264540996402502,7.270124995557126,False,0.999559,0.8666224675303947,True,0.8684136752395771,0.8684136752395771,0.8684136752395771,100.0,100.0,100.0,True,True,True,True
13873,961.42,True,0.000166997779160738,0.0024170003598555923,0.00012500095181167126,0.00012499367585405707,0.00029200600693002343,6.908834002388176,6.912333999935072,False,0.995962036,0.9157563801585268,True,1.0,1.0,1.0,100.0,100.0,100.0,False,False,False,False
13874,141.0,True,0.00037500285543501377,0.003583998477552086,0.0002500019036233425,0.000166997779160738,0.0002910019247792661,6.898708001244813,6.90379199659219,False,0.9994078,1.0,True,1.0,1.0,1.0,100.0,100.0,100.0,False,False,False,False
13877,343.48,True,0.0002079978003166616,0.0025000044843181968,0.00012500095181167126,0.00012500095181167126,0.0002500019036233425,7.01387499429984,7.01745900005335,False,0.998557384,1.0,True,1.0,1.0,1.0,100.0,100.0,100.0,False,False,False,False
13879,885.84,True,0.000166997779160738,0.00325000291923061,0.00016700505511835217,0.00012499367585405707,0.00029200600693002343,7.107667006494012,7.112042003427632,False,0.996279472,0.9209027356096675,True,1.0,1.0,1.0,100.0,100.0,100.0,False,False,False,False
13880,303.76,True,0.00037500285543501377,0.0037080026231706142,0.0002079978003166616,0.00016600097296759486,0.0002500019036233425,6.786917001591064,6.792000000132248,False,0.998724208,0.9834814718401572,True,0.9999196673918644,0.9999196673918644,0.9999196673918644,100.0,100.0,100.0,False,False,False,False
13881,38.1,True,0.0004169996827840805,0.004084002284798771,0.0002500019036233425,0.000166997779160738,0.00029199873097240925,3.651582999737002,3.657332999864593,False,0.99983998,0.8442433338914033,True,0.8442433338914033,0.8442433338914033,0.8442433338914033,38.1,38.1,38.1,True,True,True,True
13885,823.47,True,0.00016700505511835217,0.0025839981390163302,0.00012500095181167126,0.000166997779160738,0.00029200600693002343,7.0073329989099875,7.011042005615309,False,0.996541426,0.9832208911854478,True,1.0,1.0,1.0,100.0,100.0,100.0,False,False,False,False
13886,490.48,True,0.00020800507627427578,0.003707995347213,0.0002079978003166616,0.00016600097296759486,0.0002500019036233425,6.92716699995799,6.932249998499174,False,0.997939984,0.9937549388217886,True,1.0,1.0,1.0,100.0,100.0,100.0,False,False,False,False
13888,60.0,True,0.0004170069587416947,0.004499997885432094,0.00029199873097240925,0.0002500019036233425,0.00037500285543501377,3.6032909993082285,3.609790997870732,False,0.999748,1.0,True,1.0,1.0,1.0,60.0,60.0,60.0,False,False,False,False
13903,456.8,True,0.000166997779160738,0.002167005732189864,8.299684850499034e-05,0.00016600097296759486,0.00029199873097240925,7.262750004883856,7.266041997354478,False,0.99808144,0.9049610188763497,True,0.9797611294690362,0.9797611294690362,0.9797611294690362,100.0,100.0,100.0,False,False,False,False
13905,56.67,True,0.0003749955794773996,0.003749999450519681,0.0002079978003166616,0.000166997779160738,0.00029199873097240925,3.352250001626089,3.3575420020497404,False,0.999761986,1.0,True,1.0,1.0,1.0,56.67,56.67,56.67,False,False,False,False
13912,805.46,True,0.000166997779160738,0.00224999530473724,8.400093065574765e-05,8.400093065574765e-05,0.00029199873097240925,7.189999996626284,7.193208999524359,False,0.996617068,0.9843044156248316,True,1.0,1.0,1.0,100.0,100.0,100.0,False,False,False,False
13913,100.0,True,0.000500003807246685,0.005166999471839517,0.00029199873097240925,0.0002500019036233425,0.00033400283427909017,3.6387090003699996,3.645791999588255,False,0.99958,1.0,True,1.0,1.0,1.0,100.0,100.0,100.0,False,False,False,False
13928,340.43,True,0.00016700505511835217,0.002291999408043921,0.00012500095181167126,0.00012500095181167126,0.00033400283427909017,7.527583002229221,7.530959002906457,False,0.998570194,0.7532898648190869,True,0.8880973597911049,0.8880973597911049,0.8880973597911049,100.0,100.0,100.0,True,True,True,True
13934,36.5,True,0.00016700505511835217,0.002624998160172254,0.00012500095181167126,0.000166997779160738,0.00033299875212833285,3.6387910004123114,3.642584000772331,False,0.9998467,0.9296312969776622,True,0.9296312969776622,0.9296312969776622,0.9296312969776622,36.5,36.5,36.5,False,False,False,False
13937,320.0,True,0.000166997779160738,0.0024170003598555923,0.00016600097296759486,8.300412446260452e-05,0.00029199873097240925,6.971834001888055,6.975500000407919,False,0.998656,1.0,True,1.0,1.0,1.0,100.0,100.0,100.0,False,False,False,False
13941,362.0,True,0.000166997779160738,0.002707995008677244,0.00012500095181167126,0.00012500095181167126,0.00033400283427909017,7.149541001126636,7.153541002480779,False,0.9984796,1.0,True,1.0,1.0,1.0,100.0,100.0,100.0,False,False,False,False
13942,17.0,True,0.00037500285543501377,0.003917004505638033,0.0002500019036233425,0.00012500095181167126,0.00033300602808594704,3.5445419998723082,3.550082998117432,False,0.9999286,1.0,True,1.0,1.0,1.0,17.0,17.0,17.0,False,False,False,False
13961,184.0,True,0.0004160028765909374,0.00470800296170637,0.00029099464882165194,0.00024999462766572833,0.00037500285543501377,7.595875002152752,7.602541001688223,False,0.9992272,0.8230329015816334,True,0.8610658335900354,0.8610658335900354,0.8610658335900354,100.0,100.0,100.0,True,True,True,True
13992,280.0,True,0.00012500095181167126,0.001915999746415764,8.300412446260452e-05,8.300412446260452e-05,0.00033299875212833285,7.470042000932153,7.4728750041686,False,0.998824,0.8559185955517062,True,0.9146170005538099,0.9146170005538099,0.9146170005538099,100.0,100.0,100.0,True,False,False,False
13993,59.0,True,0.0004579997039400041,0.004458001058083028,0.0002500019036233425,0.000166997779160738,0.00037500285543501377,3.6275419988669455,3.6337920028017834,False,0.9997522,0.8610052264237601,True,0.8610052264237601,0.8610052264237601,0.8610052264237601,59.0,59.0,59.0,True,True,True,True
13999,307.0,True,0.0002090018824674189,0.002291999408043921,0.00012500095181167126,0.00012500095181167126,0.00029200600693002343,7.569749999674968,7.573124996270053,False,0.9987106,0.8436414725793269,True,0.9146170005538099,0.9146170005538099,0.9146170005538099,100.0,100.0,100.0,True,False,False,False
14005,440.76,True,0.00024999462766572833,0.0028340000426396728,0.00016700505511835217,0.0002079978003166616,0.0003749955794773996,7.653790999029297,7.658082999114413,False,0.998148808,0.995549219305739,True,1.0,1.0,1.0,100.0,100.0,100.0,False,False,False,False
14006,100.0,True,0.0004169996827840805,0.005000001692678779,0.00029199873097240925,0.00024999462766572833,0.0003749955794773996,3.9518749981652945,3.958832996431738,False,0.99958,0.8355857541854383,True,0.8355857541854383,0.8355857541854383,0.8355857541854383,100.0,100.0,100.0,True,True,True,True
14015,45.0,True,0.00012500095181167126,0.002291999408043921,0.00012500095181167126,0.00012500095181167126,0.00037500285543501377,3.757417005544994,3.7608749989885837,False,0.999811,0.9088939391185438,True,0.9088939391185438,0.9088939391185438,0.9088939391185438,45.0,45.0,45.0,False,False,False,False
14018,164.0,True,0.000500003807246685,0.005084002623334527,0.00029199873097240925,0.00024999462766572833,0.00037500285543501377,7.611749999341555,7.618750001711305,False,0.9993112,0.8233599452624367,True,0.8532230366532213,0.8532230366532213,0.8532230366532213,100.0,100.0,100.0,True,True,True,True
14021,594.59,True,0.0002079978003166616,0.003916997229680419,0.000166997779160738,0.00012500095181167126,0.00033299875212833285,7.057832997816149,7.0631249982398,False,0.997502722,0.9859437026365296,True,1.0,1.0,1.0,100.0,100.0,100.0,False,False,False,False
14023,100.0,True,0.0005409965524449944,0.005125002644490451,0.00033299875212833285,0.0002500019036233425,0.00033400283427909017,3.4352500006207265,3.4424170007696375,False,0.99958,0.9999196673918644,True,0.9999196673918644,0.9999196673918644,0.9999196673918644,100.0,100.0,100.0,False,False,False,False
14027,121.11,True,0.00045899651013314724,0.004916997568216175,0.0002910019247792661,0.0002079978003166616,0.00029199873097240925,6.732958005159162,6.739665994246025,False,0.999491338,0.9990699425379042,True,0.9999196673918644,0.9999196673918644,0.9999196673918644,100.0,100.0,100.0,False,False,False,False
14029,43.0,True,0.0004169996827840805,0.004916000762023032,0.00033299875212833285,0.00020800507627427578,0.00033299875212833285,3.7373749946709722,3.744125002413057,False,0.9998194,0.8738193311893485,True,0.8738193311893485,0.8738193311893485,0.8738193311893485,43.0,43.0,43.0,True,True,True,True
14036,281.25,True,0.00012500095181167126,0.002416003553662449,0.00012500095181167126,0.00016600097296759486,0.0002500019036233425,6.986334003158845,6.989834000705741,False,0.99881875,0.9863293798148564,True,0.9999196673918644,0.9999196673918644,0.9999196673918644,100.0,100.0,100.0,False,False,False,False
14054,462.0,True,0.00016600097296759486,0.0022080057533457875,8.300412446260452e-05,8.299684850499034e-05,0.00033299875212833285,6.93650000175694,6.939708000572864,False,0.9980596,1.0,True,1.0,1.0,1.0,100.0,100.0,100.0,False,False,False,False
14055,67.13,True,0.00033400283427909017,0.0033339965739287436,0.00016700505511835217,0.00020800507627427578,0.00033299875212833285,3.506540997477714,3.511333001370076,False,0.999718054,1.0,True,1.0,1.0,1.0,67.13,67.13,67.13,False,False,False,False
14078,308.42,True,0.00012500095181167126,0.002291999408043921,8.400093065574765e-05,0.00012500095181167126,0.00029199873097240925,6.875125000078697,6.87837499572197,False,0.998704636,0.9936291758749568,True,1.0,1.0,1.0,100.0,100.0,100.0,False,False,False,False
14086,3.0,True,0.00012500095181167126,0.0022079984773881733,0.00012500095181167126,0.00012499367585405707,0.00037500285543501377,3.838832999463193,3.842207996058278,False,0.9999874,0.8308169447771915,True,0.8308169447771915,0.8308169447771915,0.8308169447771915,3.0,3.0,3.0,True,True,True,True
14097,251.78,True,0.00012500095181167126,0.0022079984773881733,0.00012499367585405707,8.299684850499034e-05,0.00033299875212833285,7.2466670026187785,7.249874994158745,False,0.998942524,0.8674155160932098,True,0.9146170005538099,0.9146170005538099,0.9146170005538099,100.0,100.0,100.0,True,False,False,False
14108,504.0,True,0.00016600097296759486,0.002125001628883183,0.00012499367585405707,8.400093065574765e-05,0.00029199873097240925,7.195874997705687,7.1991250006249174,False,0.9978832,0.7774850723354737,True,0.9401831759410586,0.9401831759410586,0.9401831759410586,100.0,100.0,100.0,True,False,False,False
14109,18.0,True,0.0003749955794773996,0.00470800296170637,0.0002500019036233425,0.0002500019036233425,0.0003749955794773996,3.5562919947551563,3.5627920005936176,False,0.9999244,1.0,True,1.0,1.0,1.0,18.0,18.0,18.0,False,False,False,False
14120,442.0,True,0.000166997779160738,0.0026669949875213206,0.00012500095181167126,0.0002079978003166616,0.00029199873097240925,7.035333001113031,7.0392499983427115,False,0.9981436,1.0,True,1.0,1.0,1.0,100.0,100.0,100.0,False,False,False,False
14121,129.05,True,0.0004169996827840805,0.004499997885432094,0.0002500019036233425,0.0002500019036233425,0.0003749955794773996,7.8837080000084825,7.890000000770669,False,0.99945799,0.7234273317053981,True,0.7680093342580133,0.7680093342580133,0.7680093342580133,100.0,100.0,100.0,True,True,True,True
14133,192.31,True,0.0004999965312890708,0.005291993147693574,0.00029199873097240925,0.0002090018824674189,0.0003749955794773996,7.386750003206544,7.393959000182804,False,0.999192298,0.8883318141267484,True,0.9146170005538099,0.9146170005538099,0.9146170005538099,100.0,100.0,100.0,True,False,False,False
14150,763.0,True,0.00033299875212833285,0.004541005182545632,0.00029199873097240925,0.0002090018824674189,0.00037500285543501377,7.25212499673944,7.2583750006742775,False,0.9967954,0.9676389153336151,True,1.0,1.0,1.0,100.0,100.0,100.0,False,False,False,False
14151,118.0,True,0.0004590037860907614,0.004791996616404504,0.0002090018824674189,0.0002090018824674189,0.00037500285543501377,7.779500003380235,7.786041998770088,False,0.9995044,0.7457571035194663,True,0.7680093342580133,0.7680093342580133,0.7680093342580133,100.0,100.0,100.0,True,True,True,True
14157,337.0,True,0.00020800507627427578,0.0023750035325065255,0.00012499367585405707,0.00012500095181167126,0.00033299875212833285,6.927249996806495,6.930750001629349,False,0.9985846,1.0,True,1.0,1.0,1.0,100.0,100.0,100.0,False,False,False,False
14158,451.56,True,0.0002079978003166616,0.0034580007195472717,0.000166997779160738,0.00012500095181167126,0.00029199873097240925,6.887167000968475,6.89191599667538,False,0.998103448,1.0,True,1.0,1.0,1.0,100.0,100.0,100.0,False,False,False,False
14159,13.0,True,0.0004579997039400041,0.004417001036927104,0.00029199873097240925,0.0002500019036233425,0.000333995558321476,3.3912090002559125,3.3974580001085997,False,0.9999454,1.0,True,1.0,1.0,1.0,13.0,13.0,13.0,False,False,False,False
14180,871.86,True,0.000166997779160738,0.0020000006770715117,8.299684850499034e-05,8.300412446260452e-05,0.00033299875212833285,6.9335840016719885,6.936666999536101,False,0.996338188,0.9716856494371446,True,1.0,1.0,1.0,100.0,100.0,100.0,False,False,False,False
14185,189.88,True,0.0007079943316057324,0.005374997272156179,0.0003749955794773996,0.00029199873097240925,0.0004169996827840805,6.9664170005125925,6.974208001338411,False,0.999202504,1.0,True,1.0,1.0,1.0,100.0,100.0,100.0,False,False,False,False
14186,567.71,True,0.0002500019036233425,0.004417001036927104,0.0003749955794773996,0.00012500095181167126,0.00029200600693002343,6.84079199709231,6.846791999123525,False,0.997615618,0.9895314799899578,True,1.0,1.0,1.0,100.0,100.0,100.0,False,False,False,False
14187,83.81,True,0.0004999965312890708,0.004374996933620423,0.00024999462766572833,0.0002500019036233425,0.00033299875212833285,3.740041996934451,3.746374997717794,False,0.999647998,0.9040444392209751,True,0.9040444392209751,0.9040444392209751,0.9040444392209751,83.81,83.81,83.81,False,False,False,False
14190,731.97,True,0.00037500285543501377,0.005207999492995441,0.00037500285543501377,0.00020800507627427578,0.00033299875212833285,7.165083006839268,7.172249999712221,False,0.996925726,0.9937845688885554,True,1.0,1.0,1.0,100.0,100.0,100.0,False,False,False,False
14193,76.25,True,0.0006249974831007421,0.00504200579598546,0.00033299875212833285,0.0002079978003166616,0.00033300602808594704,3.8268749995040707,3.8340419996529818,False,0.99967975,0.8696623855376463,True,0.8696623855376463,0.8696623855376463,0.8696623855376463,76.25,76.25,76.25,True,True,True,True
14196,400.0,True,0.00016700505511835217,0.002791995939332992,0.00012500095181167126,0.000166997779160738,0.0004160028765909374,7.302665995666757,7.306749997951556,False,0.99832,0.9712710384636275,True,1.0,1.0,1.0,100.0,100.0,100.0,False,False,False,False
14197,109.0,True,0.0004580069798976183,0.00470800296170637,0.00033299875212833285,0.0002079978003166616,0.00033299875212833285,6.8325000029290095,6.8389999942155555,False,0.9995422,1.0,True,1.0,1.0,1.0,100.0,100.0,100.0,False,False,False,False
14205,280.0,True,0.00012500095181167126,0.002291999408043921,8.400093065574765e-05,0.00012500095181167126,0.00029199873097240925,7.154666003771126,7.158041000366211,False,0.998824,1.0,True,1.0,1.0,1.0,100.0,100.0,100.0,False,False,False,False
14241,481.25,True,0.00012500095181167126,0.0020000006770715117,8.400093065574765e-05,0.00012500095181167126,0.00037500285543501377,6.9017499990877695,6.904916001076344,False,0.99797875,1.0,True,1.0,1.0,1.0,100.0,100.0,100.0,False,False,False,False
14246,795.19,True,0.00016600097296759486,0.0027080022846348584,0.00012500095181167126,0.00016600097296759486,0.00033299875212833285,6.812541003455408,6.816417000663932,False,0.996660202,0.9840469987626749,True,1.0,1.0,1.0,100.0,100.0,100.0,False,False,False,False
14249,406.67,True,0.00016700505511835217,0.0037080026231706142,0.0002079978003166616,0.00016600097296759486,0.00033299875212833285,6.988500004808884,6.99358299607411,False,0.998291986,1.0,True,1.0,1.0,1.0,100.0,100.0,100.0,False,False,False,False
14250,185.71,True,0.00029199873097240925,0.004250003257766366,0.00016600097296759486,0.000166997779160738,0.00029199873097240925,6.7494579998310655,6.755124995834194,False,0.999220018,1.0,True,1.0,1.0,1.0,100.0,100.0,100.0,False,False,False,False
14258,54.67,True,0.000166997779160738,0.002082997525576502,8.300412446260452e-05,8.300412446260452e-05,0.00029199873097240925,3.543791994161438,3.546959000232164,False,0.999770386,1.0,True,1.0,1.0,1.0,54.67,54.67,54.67,False,False,False,False
14261,358.5,True,0.000166997779160738,0.0025419940357096493,0.00012500095181167126,0.00012500095181167126,0.0002910019247792661,6.932791999133769,6.93650000175694,False,0.9984943,1.0,True,1.0,1.0,1.0,100.0,100.0,100.0,False,False,False,False
14271,25.0,True,0.00016700505511835217,0.0023339962353929877,0.000166997779160738,0.00016700505511835217,0.00029199873097240925,3.8449589992524125,3.8484579999931157,False,0.999895,0.8082873936669409,True,0.8082873936669409,0.8082873936669409,0.8082873936669409,25.0,25.0,25.0,True,True,True,True
14277,28.0,True,0.0004579997039400041,0.0048340007197111845,0.00029199873097240925,0.0002090018824674189,0.0004169996827840805,3.558375006832648,3.5652499936986715,False,0.9998824,1.0,True,1.0,1.0,1.0,28.0,28.0,28.0,False,False,False,False
14283,990.15,True,0.00016599369700998068,0.0023749962565489113,0.00012500095181167126,0.00012500095181167126,0.0004169996827840805,7.381625000562053,7.385208002233412,False,0.99584137,0.7351696846152408,True,1.0,1.0,1.0,100.0,100.0,100.0,True,False,False,False
14284,90.0,True,0.0004590037860907614,0.004292000085115433,0.0002500019036233425,0.0002079978003166616,0.00037500285543501377,3.6319999999250285,3.638166999735404,False,0.999622,1.0,True,1.0,1.0,1.0,90.0,90.0,90.0,False,False,False,False
14292,407.0,True,0.00016600097296759486,0.002458000381011516,8.299684850499034e-05,0.00012500095181167126,0.00037500285543501377,7.107875004294328,7.111499995517079,False,0.9982906,1.0,True,1.0,1.0,1.0,100.0,100.0,100.0,False,False,False,False
14294,51.0,True,0.0002079978003166616,0.0030419978429563344,0.0002090018824674189,0.00012500095181167126,0.00033299875212833285,3.746209004020784,3.750541996851098,False,0.9997858,0.8845185667000264,True,0.8845185667000264,0.8845185667000264,0.8845185667000264,51.0,51.0,51.0,True,True,True,True
14309,75.0,True,0.0010000003385357559,0.007833994459360838,0.0005420006345957518,0.0004579997039400041,0.0005840047379024327,4.164416997809894,4.175541995209642,False,0.999685,1.0,True,1.0,1.0,1.0,75.0,75.0,75.0,False,False,False,False
14316,222.24,True,0.000166997779160738,0.002458000381011516,0.00012500095181167126,0.00012500095181167126,0.0005409965524449944,7.915458001662046,7.919415998912882,False,0.999066592,1.0,True,1.0,1.0,1.0,100.0,100.0,100.0,False,False,False,False
14317,10.0,True,0.0005830006557516754,0.005333997251000255,0.00033400283427909017,0.00020899460650980473,0.000500003807246685,4.019665997475386,4.027167000458576,False,0.999958,0.9567584565835705,True,0.9567584565835705,0.9567584565835705,0.9567584565835705,10.0,10.0,10.0,False,False,False,False
14319,244.0,True,0.00029099464882165194,0.0034580007195472717,0.0002079978003166616,0.0002079978003166616,0.0004169996827840805,8.578792003390845,8.58400000288384,False,0.9989752,0.8829975474070998,True,0.9237376331502339,0.9237376331502339,0.9237376331502339,100.0,100.0,100.0,True,False,False,False
14328,445.0,True,0.00012500095181167126,0.0025410045054741204,0.00012500095181167126,0.00016600097296759486,0.0003749955794773996,7.680374998017214,7.684084004722536,False,0.998131,1.0,True,1.0,1.0,1.0,100.0,100.0,100.0,False,False,False,False
14330,74.0,True,0.000667001586407423,0.0064169944380410016,0.0004999965312890708,0.0003749955794773996,0.0004169996827840805,4.019499996502418,4.02849999954924,False,0.9996892,1.0,True,1.0,1.0,1.0,74.0,74.0,74.0,False,False,False,False
14342,90.0,True,0.0005420006345957518,0.005209003575146198,0.00037500285543501377,0.0002910019247792661,0.00037500285543501377,4.015457998320926,4.022832996270154,False,0.999622,0.7775072030374067,True,0.7775072030374067,0.7775072030374067,0.7775072030374067,90.0,90.0,90.0,True,True,True,True
14354,372.0,True,0.00012500095181167126,0.0024999972083605826,8.400093065574765e-05,8.400093065574765e-05,0.00033400283427909017,7.619249998242594,7.622832999913953,False,0.9984376,0.8274626158946444,True,0.9237376331502339,0.9237376331502339,0.9237376331502339,100.0,100.0,100.0,True,False,False,False
14359,123.16,True,0.000500003807246685,0.0047909998102113605,0.00029199873097240925,0.00020800507627427578,0.00033299875212833285,7.743082998786122,7.749750002403744,False,0.999482728,0.7369457516366478,True,0.7680093342580133,0.7680093342580133,0.7680093342580133,100.0,100.0,100.0,True,True,True,True
14364,55.0,True,0.00045899651013314724,0.00504200579598546,0.00029199873097240925,0.0002090018824674189,0.00037500285543501377,3.6711249995278195,3.6781250018975697,False,0.999769,0.9063411450624802,True,0.9063411450624802,0.9063411450624802,0.9063411450624802,55.0,55.0,55.0,False,False,False,False
14405,259.0,True,0.00012500095181167126,0.002415996277704835,0.00012500095181167126,0.00012499367585405707,0.0004579997039400041,7.375708999461494,7.379333997960202,False,0.9989122,1.0,True,1.0,1.0,1.0,100.0,100.0,100.0,False,False,False,False
14411,353.9,True,0.00016599369700998068,0.0024999972083605826,0.00012500095181167126,8.299684850499034e-05,0.00037500285543501377,7.45370799995726,7.457457999407779,False,0.99851362,1.0,True,1.0,1.0,1.0,100.0,100.0,100.0,False,False,False,False
14412,72.0,True,0.0004159956006333232,0.00429100327892229,0.0002079978003166616,0.00012500095181167126,0.00037500285543501377,3.600374999223277,3.60625000030268,False,0.9996976,1.0,True,1.0,1.0,1.0,72.0,72.0,72.0,False,False,False,False
14430,308.46,True,0.00012499367585405707,0.0020840016077272594,8.400093065574765e-05,8.400093065574765e-05,0.00029199873097240925,6.869917000585701,6.8729580016224645,False,0.998704468,0.9807924781984622,True,0.9992122092123257,0.9992122092123257,0.9992122092123257,100.0,100.0,100.0,False,False,False,False
14431,74.0,True,0.00033299875212833285,0.0034580007195472717,0.0002500019036233425,0.000166997779160738,0.00029099464882165194,3.505542001221329,3.510417001962196,False,0.9996892,1.0,True,1.0,1.0,1.0,74.0,74.0,74.0,False,False,False,False
14447,32.24,True,0.0003749955794773996,0.003999994078185409,0.0002500019036233425,0.000166997779160738,0.00033400283427909017,3.639334005129058,3.6449580002226867,False,0.999864592,1.0,True,1.0,1.0,1.0,32.24,32.24,32.24,False,False,False,False
14448,293.4,True,0.00033299875212833285,0.0038750004023313522,0.00033299875212833285,0.00016700505511835217,0.00033299875212833285,7.1879999959492125,7.1935830055736005,False,0.99876772,1.0,True,1.0,1.0,1.0,100.0,100.0,100.0,False,False,False,False
14451,347.23,True,0.000166997779160738,0.0026670022634789348,0.00012500095181167126,0.00016600097296759486,0.00033299875212833285,6.739666998328175,6.743582998751663,False,0.998541634,1.0,True,1.0,1.0,1.0,100.0,100.0,100.0,False,False,False,False
14497,100.0,True,0.0005420006345957518,0.005832996976096183,0.0004169996827840805,0.00029199873097240925,0.0005409965524449944,3.8560419998248108,3.8641659994027577,False,0.99958,0.9146170005538099,True,0.9146170005538099,0.9146170005538099,0.9146170005538099,100.0,100.0,100.0,False,False,False,False
14545,335.83,True,0.00012500095181167126,0.0019170038285665214,8.299684850499034e-05,0.00016600097296759486,0.00033299875212833285,7.38695800100686,7.3899580020224676,False,0.998589514,0.7945562273257969,True,0.8995365401683191,0.8995365401683191,0.8995365401683191,100.0,100.0,100.0,True,True,True,True
14548,38.0,True,0.0002910019247792661,0.003207998815923929,0.00024999462766572833,0.00016700505511835217,0.00037500285543501377,3.791290997469332,3.7960420013405383,False,0.9998404,0.9292998927269057,True,0.9292998927269057,0.9292998927269057,0.9292998927269057,38.0,38.0,38.0,False,False,False,False
14556,100.0,True,0.0004169996827840805,0.004958004865329713,0.0002910019247792661,0.00024999462766572833,0.0004579997039400041,3.6083749946556054,3.6152090033283457,False,0.99958,0.8684136752395771,True,0.8684136752395771,0.8684136752395771,0.8684136752395771,100.0,100.0,100.0,True,True,True,True
14561,41.0,True,0.0004579997039400041,0.0047909998102113605,0.0003749955794773996,0.0002090018824674189,0.000333995558321476,3.682542002934497,3.689292003400624,False,0.9998278,0.9098977742491747,True,0.9098977742491747,0.9098977742491747,0.9098977742491747,41.0,41.0,41.0,False,False,False,False
14569,232.29,True,0.0004999965312890708,0.004875000740867108,0.00033400283427909017,0.00024999462766572833,0.0003749955794773996,7.497207996493671,7.504125002014916,False,0.999024382,0.8369557327534914,True,0.8880973597911049,0.8880973597911049,0.8880973597911049,100.0,100.0,100.0,True,True,True,True
14573,425.61,True,0.0002079978003166616,0.0025420013116672635,8.400093065574765e-05,0.00012500095181167126,0.00029199873097240925,7.230292001622729,7.234041993797291,False,0.998212438,1.0,True,1.0,1.0,1.0,100.0,100.0,100.0,False,False,False,False
14574,71.67,True,0.0005410038284026086,0.005250003596302122,0.00033299875212833285,0.0002500019036233425,0.00037500285543501377,3.789499998674728,3.7967500029481016,False,0.999698986,1.0,True,1.0,1.0,1.0,71.67,71.67,71.67,False,False,False,False
14578,341.0,True,0.000166997779160738,0.002707995008677244,0.00012500095181167126,0.000166997779160738,0.00029200600693002343,7.1412499964935705,7.145207993744407,False,0.9985678,1.0,True,1.0,1.0,1.0,100.0,100.0,100.0,False,False,False,False
14579,399.0,True,0.0002079978003166616,0.0038750004023313522,0.0002079978003166616,0.0002079978003166616,0.0002910019247792661,6.9407080009114,6.946000001335051,False,0.9983242,1.0,True,1.0,1.0,1.0,100.0,100.0,100.0,False,False,False,False
14580,65.6,True,0.00033299875212833285,0.0037909994716756046,0.0002500019036233425,0.00020800507627427578,0.0002500019036233425,3.4805839968612418,3.4859580046031624,False,0.99972448,1.0,True,1.0,1.0,1.0,65.6,65.6,65.6,False,False,False,False
14584,58.71,True,0.0004159956006333232,0.004665998858399689,0.00033299875212833285,0.0002079978003166616,0.00033299875212833285,3.688750002766028,3.695249994052574,False,0.999753418,0.7859534942210793,True,0.7859534942210793,0.7859534942210793,0.7859534942210793,58.71,58.71,58.71,True,True,True,True
14590,633.24,True,0.00033299875212833285,0.004959001671522856,0.00029199873097240925,0.00020800507627427578,0.00037500285543501377,6.935750003322028,6.942500003788155,False,0.997340392,1.0,True,1.0,1.0,1.0,100.0,100.0,100.0,False,False,False,False
14601,400.0,True,0.0002079978003166616,0.0028329959604889154,0.00016599369700998068,0.0002079978003166616,0.00033299875212833285,7.096999994246289,7.1012499975040555,False,0.99832,1.0,True,1.0,1.0,1.0,100.0,100.0,100.0,False,False,False,False
14602,95.0,True,0.0004169996827840805,0.004042005457449704,0.0002079978003166616,0.0002079978003166616,0.000333995558321476,3.374750005605165,3.380625006684568,False,0.999601,1.0,True,1.0,1.0,1.0,95.0,95.0,95.0,False,False,False,False
14606,325.0,True,0.0002090018824674189,0.002458997187204659,8.400093065574765e-05,0.00012500095181167126,0.0003749955794773996,7.04266600223491,7.046291000733618,False,0.998635,1.0,True,1.0,1.0,1.0,100.0,100.0,100.0,False,False,False,False
14607,50.0,True,0.00037500285543501377,0.004665998858399689,0.00029099464882165194,0.0002500019036233425,0.00033299875212833285,3.617082998971455,3.6235829975339584,False,0.99979,0.9076253570919077,True,0.9076253570919077,0.9076253570919077,0.9076253570919077,50.0,50.0,50.0,False,False,False,False
14628,60.0,True,0.0004579997039400041,0.005000001692678779,0.00029099464882165194,0.0002079978003166616,0.00037500285543501377,3.713458005222492,3.720374996191822,False,0.999748,0.8996069111651228,True,0.8996069111651228,0.8996069111651228,0.8996069111651228,60.0,60.0,60.0,True,True,True,True
14635,460.71,True,0.000166997779160738,0.002291002601850778,0.00012499367585405707,8.299684850499034e-05,0.00033299875212833285,7.182790999650024,7.186124996223953,False,0.998065018,0.9573106058451035,True,0.9999196673918644,0.9999196673918644,0.9999196673918644,100.0,100.0,100.0,False,False,False,False
14636,29.5,True,0.00037500285543501377,0.003792003553826362,0.0002500019036233425,0.000166997779160738,0.00029200600693002343,3.4932080016005784,3.4985419988515787,False,0.9998761,1.0,True,1.0,1.0,1.0,29.5,29.5,29.5,False,False,False,False
14637,384.29,True,0.00024999462766572833,0.0038329962990246713,0.0002079978003166616,0.000166997779160738,0.000333995558321476,6.821542003308423,6.826790995546617,False,0.998385982,0.9991650057929518,True,1.0,1.0,1.0,100.0,100.0,100.0,False,False,False,False
14638,155.77,True,0.00033299875212833285,0.0037080026231706142,0.00020800507627427578,0.000166997779160738,0.0002500019036233425,7.757041996228509,7.762084002024494,False,0.999345766,0.7734326736171161,True,0.8142143494265454,0.8142143494265454,0.8142143494265454,100.0,100.0,100.0,True,True,True,True
14640,300.52,True,0.0002910019247792661,0.003125001967418939,0.00016600097296759486,0.000166997779160738,0.000333995558321476,7.736958003079053,7.741500005067792,False,0.998737816,0.8618698076876892,True,0.9237376331502339,0.9237376331502339,0.9237376331502339,100.0,100.0,100.0,True,False,False,False
14642,42.0,True,0.000500003807246685,0.004791996616404504,0.00029199873097240925,0.0002500019036233425,0.000333995558321476,3.6144590048934333,3.6211670012562536,False,0.9998236,1.0,True,1.0,1.0,1.0,42.0,42.0,42.0,False,False,False,False
14649,50.0,True,0.00033400283427909017,0.0030419978429563344,0.00012500095181167126,0.0002079978003166616,0.0003749955794773996,3.4753329964587465,3.479916005744599,False,0.99979,1.0,True,1.0,1.0,1.0,50.0,50.0,50.0,False,False,False,False
14658,214.38,True,0.000166997779160738,0.002125001628883183,8.299684850499034e-05,0.00012500095181167126,0.00033299875212833285,7.27241699496517,7.2755419969325885,False,0.999099604,0.8610750855649664,True,0.8995365401683191,0.8995365401683191,0.8995365401683191,100.0,100.0,100.0,True,True,True,True
14673,136.5,True,0.0004999965312890708,0.0051249953685328364,0.0004170069587416947,0.0002910019247792661,0.0004169996827840805,7.157792002544738,7.165167000493966,False,0.9994267,1.0,True,1.0,1.0,1.0,100.0,100.0,100.0,False,False,False,False
14675,403.33,True,0.0002500019036233425,0.0033329997677356005,0.00016600097296759486,0.00012500095181167126,0.00029099464882165194,7.521916995756328,7.526708002842497,False,0.998306014,0.8076502033249133,True,0.9237376331502339,0.9237376331502339,0.9237376331502339,100.0,100.0,100.0,True,False,False,False
14683,339.63,True,0.000166997779160738,0.0020419975044205785,0.00012500095181167126,8.400093065574765e-05,0.000333995558321476,6.8285419984022155,6.8316670003696345,False,0.998573554,1.0,True,1.0,1.0,1.0,100.0,100.0,100.0,False,False,False,False
14684,11.0,True,0.00037500285543501377,0.0039590013329871,0.0002500019036233425,0.0002079978003166616,0.0002500019036233425,3.555000002961606,3.5606249948614277,False,0.9999538,0.9348444570743252,True,0.9348444570743252,0.9348444570743252,0.9348444570743252,11.0,11.0,11.0,False,False,False,False
14690,725.75,True,0.000166997779160738,0.0023329994291998446,0.00012500095181167126,0.000166997779160738,0.00033299875212833285,7.979917005286552,7.983458002854604,False,0.99695185,0.9961580366851763,True,1.0,1.0,1.0,100.0,100.0,100.0,False,False,False,False
14691,49.67,True,0.0003749955794773996,0.0037919962778687477,0.0002079978003166616,0.00020800507627427578,0.00033299875212833285,3.6227089949534275,3.6280839995015413,False,0.999791386,0.9350437550122006,True,0.9350437550122006,0.9350437550122006,0.9350437550122006,49.67,49.67,49.67,False,False,False,False
14703,39.5,True,0.0002910019247792661,0.0034580007195472717,0.000166997779160738,0.00016700505511835217,0.00029199873097240925,3.5094999984721653,3.5143329951097257,False,0.9998341,1.0,True,1.0,1.0,1.0,39.5,39.5,39.5,False,False,False,False
14705,343.0,True,0.000166997779160738,0.0028750000637955964,0.00012500095181167126,0.00016700505511835217,0.00029199873097240925,6.983708000916522,6.987792003201321,False,0.9985594,1.0,True,1.0,1.0,1.0,100.0,100.0,100.0,False,False,False,False
14706,63.75,True,0.000333995558321476,0.0036249984987080097,0.0002500019036233425,0.0002079978003166616,0.00033299875212833285,3.4035419957945123,3.4087919993908145,False,0.99973225,1.0,True,1.0,1.0,1.0,63.75,63.75,63.75,False,False,False,False
14708,286.75,True,0.00020899460650980473,0.0028340000426396728,0.00016700505511835217,0.00016600097296759486,0.00029200600693002343,6.95633400027873,6.960499995329883,False,0.99879565,0.9913066051225728,True,1.0,1.0,1.0,100.0,100.0,100.0,False,False,False,False
14714,258.0,True,0.0002079978003166616,0.002540997229516506,0.00012499367585405707,0.00016600097296759486,0.00033299875212833285,6.926125002792105,6.929916999069974,False,0.9989164,1.0,True,1.0,1.0,1.0,100.0,100.0,100.0,False,False,False,False
14722,250.0,True,0.000166997779160738,0.0022080057533457875,0.00012499367585405707,0.00012500095181167126,0.00033299875212833285,6.889167001645546,6.892499994137324,False,0.99895,1.0,True,1.0,1.0,1.0,100.0,100.0,100.0,False,False,False,False
14723,21.04,True,0.00033299875212833285,0.004040994099341333,0.0002079978003166616,0.000166997779160738,0.00037500285543501377,3.620375005993992,3.625958001066465,False,0.999911632,0.9329872452439807,True,0.9329872452439807,0.9329872452439807,0.9329872452439807,21.04,21.04,21.04,False,False,False,False
14764,43.0,True,0.00012500095181167126,0.0019169965526089072,8.400093065574765e-05,8.400093065574765e-05,0.00045899651013314724,3.6558329957188107,3.6589169976650737,False,0.9998194,1.0,True,1.0,1.0,1.0,43.0,43.0,43.0,False,False,False,False
14769,33.0,True,0.0002079978003166616,0.002291999408043921,0.00012500095181167126,0.00016700505511835217,0.00033299875212833285,3.4196659980807453,3.4231250028824434,False,0.9998614,1.0,True,1.0,1.0,1.0,33.0,33.0,33.0,False,False,False,False
14777,19.0,True,0.000166997779160738,0.002167005732189864,8.299684850499034e-05,0.00012500095181167126,0.00029199873097240925,3.648334000899922,3.651583996543195,False,0.9999202,0.8116871556400473,True,0.8116871556400473,0.8116871556400473,0.8116871556400473,19.0,19.0,19.0,True,True,True,True
14778,250.0,True,0.00033299875212833285,0.003374996595084667,0.0002079978003166616,0.00012499367585405707,0.00029200600693002343,6.883542002469767,6.888333999086171,False,0.99895,1.0,True,1.0,1.0,1.0,100.0,100.0,100.0,False,False,False,False
14779,25.0,True,0.0004579997039400041,0.004457993782125413,0.0002500019036233425,0.00020899460650980473,0.00029199873097240925,3.500624996377155,3.506833003484644,False,0.999895,1.0,True,1.0,1.0,1.0,25.0,25.0,25.0,False,False,False,False
14800,88.53,True,0.000500003807246685,0.004708999767899513,0.00024999462766572833,0.0002500019036233425,0.00033400283427909017,4.0415840048808604,4.048292001243681,False,0.999628174,1.0,True,1.0,1.0,1.0,88.53,88.53,88.53,False,False,False,False
14802,385.31,True,0.0002090018824674189,0.004333000106271356,0.00024999462766572833,0.0002079978003166616,0.00037500285543501377,6.929249997483566,6.935125005838927,False,0.998381698,1.0,True,1.0,1.0,1.0,100.0,100.0,100.0,False,False,False,False
14803,555.27,True,0.0002910019247792661,0.004207999154459685,0.0002500019036233425,0.0002090018824674189,0.00029199873097240925,7.13641699985601,7.142249996832106,False,0.997667866,1.0,True,1.0,1.0,1.0,100.0,100.0,100.0,False,False,False,False
14804,29.05,True,0.0005409965524449944,0.004959001671522856,0.00029199873097240925,0.0002079978003166616,0.00033299875212833285,3.6364580009831116,3.6433749992283992,False,0.99987799,1.0,True,1.0,1.0,1.0,29.05,29.05,29.05,False,False,False,False
14806,291.0,True,0.0002500019036233425,0.00325000291923061,0.000166997779160738,0.0002079978003166616,0.00033299875212833285,6.9012919993838295,6.905957998242229,False,0.9987778,1.0,True,1.0,1.0,1.0,100.0,100.0,100.0,False,False,False,False
14807,62.38,True,0.0004169996827840805,0.004084002284798771,0.0002079978003166616,0.0002079978003166616,0.00029199873097240925,3.565792001609225,3.5714580008061603,False,0.999738004,0.9096524061580481,True,0.9096524061580481,0.9096524061580481,0.9096524061580481,62.38,62.38,62.38,False,False,False,False
14812,64.91,True,0.0004169996827840805,0.004417001036927104,0.0002500019036233425,0.0002079978003166616,0.0003749955794773996,3.439416002947837,3.4455830027582124,False,0.999727378,1.0,True,1.0,1.0,1.0,64.91,64.91,64.91,False,False,False,False
14820,316.54,True,0.000166997779160738,0.0022080057533457875,0.00012500095181167126,0.00012500095181167126,0.00033299875212833285,6.879083004605491,6.882415997097269,False,0.998670532,0.9818153301725027,True,0.9999196673918644,0.9999196673918644,0.9999196673918644,100.0,100.0,100.0,False,False,False,False
14821,579.0,True,0.0002079978003166616,0.0037080026231706142,0.0002079978003166616,0.00020800507627427578,0.0002910019247792661,6.744041995261796,6.749084001057781,False,0.9975682,0.9961287947470419,True,1.0,1.0,1.0,100.0,100.0,100.0,False,False,False,False
14822,55.0,True,0.00033400283427909017,0.0036670026020146906,0.0002090018824674189,0.000166997779160738,0.00033299875212833285,3.7525419975281693,3.7577080001938157,False,0.999769,0.8624509861647907,True,0.8624509861647907,0.8624509861647907,0.8624509861647907,55.0,55.0,55.0,True,True,True,True
14829,89.0,True,0.000500003807246685,0.005333000444807112,0.00037500285543501377,0.00024999462766572833,0.0004169996827840805,3.9697500033071265,3.9773330063326284,False,0.9996262,0.7783865510775624,True,0.7783865510775624,0.7783865510775624,0.7783865510775624,89.0,89.0,89.0,True,True,True,True
14844,5.0,True,0.00012500095181167126,0.0020000006770715117,0.00012500095181167126,0.00012500095181167126,0.00029199873097240925,3.5893329986720346,3.5924170006182976,False,0.999979,1.0,True,1.0,1.0,1.0,5.0,5.0,5.0,False,False,False,False
14847,880.23,True,0.0002079978003166616,0.002792003215290606,0.00016600097296759486,0.00012500095181167126,0.0002910019247792661,7.1374590042978525,7.141458998376038,False,0.996303034,0.9650759043828712,True,1.0,1.0,1.0,100.0,100.0,100.0,False,False,False,False
14848,5.0,True,0.00029200600693002343,0.0035420016502030194,0.00020800507627427578,0.00016600097296759486,0.0002500019036233425,3.471042000455782,3.4760420021484606,False,0.999979,0.8191306823715253,True,0.8191306823715253,0.8191306823715253,0.8191306823715253,5.0,5.0,5.0,True,True,True,True
14853,356.11,True,0.00016600097296759486,0.002291999408043921,0.00012500095181167126,8.299684850499034e-05,0.00029199873097240925,7.053916000586469,7.057292001263704,False,0.998504338,1.0,True,1.0,1.0,1.0,100.0,100.0,100.0,False,False,False,False
14865,334.0,True,0.0002500019036233425,0.002459004463162273,0.00012499367585405707,0.00016700505511835217,0.00033299875212833285,7.232916999782901,7.236583005578723,False,0.9985972,1.0,True,1.0,1.0,1.0,100.0,100.0,100.0,False,False,False,False
14866,119.23,True,0.00033299875212833285,0.0036249984987080097,0.0002090018824674189,0.000166997779160738,0.00033299875212833285,7.166875002440065,7.1720410051057115,False,0.999499234,0.8535419562440405,True,0.8610658335900354,0.8610658335900354,0.8610658335900354,100.0,100.0,100.0,True,True,True,True
14872,30.0,True,0.000166997779160738,0.002459004463162273,0.00012500095181167126,0.000166997779160738,0.00033400283427909017,3.517749995808117,3.5214579984312877,False,0.999874,1.0,True,1.0,1.0,1.0,30.0,30.0,30.0,False,False,False,False
14876,303.0,True,0.0002079978003166616,0.002624998160172254,0.00016599369700998068,0.00012500095181167126,0.0002910019247792661,7.471332995919511,7.475124999473337,False,0.9987274,0.8608442176877845,True,0.9237376331502339,0.9237376331502339,0.9237376331502339,100.0,100.0,100.0,True,False,False,False
14877,82.0,True,0.00037500285543501377,0.0046670029405504465,0.0002910019247792661,0.00029200600693002343,0.000333995558321476,3.3919169945875183,3.3984589972533286,False,0.9996556,1.0,True,1.0,1.0,1.0,82.0,82.0,82.0,False,False,False,False
14906,19.55,True,0.00016600097296759486,0.0020419975044205785,0.00012500095181167126,0.00012500095181167126,0.00033299875212833285,3.509624999423977,3.512750001391396,False,0.99991789,0.9887022450236505,True,0.9887022450236505,0.9887022450236505,0.9887022450236505,19.55,19.55,19.55,False,False,False,False
14907,312.0,True,0.00033400283427909017,0.0035420016502030194,0.00016700505511835217,0.0002079978003166616,0.00033299875212833285,7.132791004551109,7.137957996746991,False,0.9986896,1.0,True,1.0,1.0,1.0,100.0,100.0,100.0,False,False,False,False
14908,60.38,True,0.0004579997039400041,0.004832996637560427,0.0002500019036233425,0.0002090018824674189,0.000333995558321476,3.558207994501572,3.564874998119194,False,0.999746404,1.0,True,1.0,1.0,1.0,60.38,60.38,60.38,False,False,False,False
14921,401.0,True,0.000166997779160738,0.002334003511350602,0.00012500095181167126,8.399365469813347e-05,0.00033400283427909017,7.027125000604428,7.030500004475471,False,0.9983158,1.0,True,1.0,1.0,1.0,100.0,100.0,100.0,False,False,False,False
14924,1184.35,True,0.000166997779160738,0.002583001332823187,0.00012500095181167126,0.00012499367585405707,0.00033299875212833285,7.365124998614192,7.368792001216207,False,0.99502573,0.8542670297138971,True,1.0,1.0,1.0,100.0,100.0,100.0,True,False,False,False
14925,27.41,True,0.0004579997039400041,0.004583002009894699,0.00029199873097240925,0.00020899460650980473,0.00029200600693002343,3.68341599823907,3.689790995849762,False,0.999884878,0.9316175254064215,True,0.9316175254064215,0.9316175254064215,0.9316175254064215,27.41,27.41,27.41,False,False,False,False
14929,30.0,True,0.0004579997039400041,0.004458001058083028,0.0002079978003166616,0.0002079978003166616,0.00033400283427909017,3.6229999968782067,3.629207996709738,False,0.999874,1.0,True,1.0,1.0,1.0,30.0,30.0,30.0,False,False,False,False
14933,38.0,True,0.00029199873097240925,0.003291999746579677,0.000166997779160738,0.0002079978003166616,0.00033299875212833285,3.547916996467393,3.552709000359755,False,0.9998404,1.0,True,1.0,1.0,1.0,38.0,38.0,38.0,False,False,False,False
14956,238.68,True,0.0007919952622614801,0.005957997927907854,0.0002500019036233425,0.0004169996827840805,0.0004999965312890708,7.651125000847969,7.659667004190851,False,0.998997544,0.842613154458816,True,0.8940181450675031,0.8940181450675031,0.8940181450675031,100.0,100.0,100.0,True,True,True,True
14957,12.0,True,0.0005420006345957518,0.005249996320344508,0.00033299875212833285,0.0002090018824674189,0.000333995558321476,3.7116249950486235,3.7187909983913414,False,0.9999496,0.9168972192980379,True,0.9168972192980379,0.9168972192980379,0.9168972192980379,12.0,12.0,12.0,False,False,False,False
14960,385.0,True,0.00016600097296759486,0.0025419940357096493,0.00012500095181167126,0.00012500095181167126,0.0002500019036233425,6.7486249972716905,6.752291999873705,False,0.998383,0.9712420231992375,True,0.9999196673918644,0.9999196673918644,0.9999196673918644,100.0,100.0,100.0,False,False,False,False
14961,345.77,True,0.00024999462766572833,0.0038750004023313522,0.00029199873097240925,0.00016700505511835217,0.0003749955794773996,6.82283299829578,6.828249999671243,False,0.998547766,1.0,True,1.0,1.0,1.0,100.0,100.0,100.0,False,False,False,False
14966,32.0,True,0.0002079978003166616,0.0023749962565489113,0.00012499367585405707,0.00012500095181167126,0.00037500285543501377,3.6887909955112264,3.692375001264736,False,0.9998656,0.8901544599070795,True,0.8901544599070795,0.8901544599070795,0.8901544599070795,32.0,32.0,32.0,True,True,True,True
14984,404.58,True,0.00016700505511835217,0.002082997525576502,0.00012500095181167126,8.400093065574765e-05,0.000333995558321476,7.038249998004176,7.041458004096057,False,0.998300764,1.0,True,1.0,1.0,1.0,100.0,100.0,100.0,False,False,False,False
14985,404.58,True,0.0002910019247792661,0.003958004526793957,0.0002500019036233425,0.00016600097296759486,0.00033299875212833285,7.118583998817485,7.124083997041453,False,0.998300764,1.0,True,1.0,1.0,1.0,100.0,100.0,100.0,False,False,False,False
14986,10.0,True,0.000500003807246685,0.004958994395565242,0.00029200600693002343,0.0002079978003166616,0.0003749955794773996,3.6322499945526943,3.6392090041772462,False,0.999958,1.0,True,1.0,1.0,1.0,10.0,10.0,10.0,False,False,False,False
15010,10.0,True,0.0004590037860907614,0.004583002009894699,0.00029199873097240925,0.00024999462766572833,0.00033400283427909017,3.7465830027940683,3.753041004529223,False,0.999958,0.8774230352531093,True,0.8774230352531093,0.8774230352531093,0.8774230352531093,10.0,10.0,10.0,True,True,True,True
15018,130.0,True,0.00037500285543501377,0.0037080026231706142,0.00020800507627427578,0.00012500095181167126,0.00033299875212833285,6.995332994847558,7.000584002526011,False,0.999454,1.0,True,1.0,1.0,1.0,100.0,100.0,100.0,False,False,False,False
15023,144.0,True,0.0004999965312890708,0.0046670029405504465,0.00029199873097240925,0.0002079978003166616,0.00037500285543501377,7.332041997869965,7.33866699738428,False,0.9993952,0.8920527710850269,True,0.9047710926081675,0.9047710926081675,0.9047710926081675,100.0,100.0,100.0,True,False,False,False
15034,432.0,True,0.00016600097296759486,0.002125001628883183,0.00012500095181167126,0.00012500095181167126,0.00029199873097240925,7.006416002695914,7.009667002421338,False,0.9981856,1.0,True,1.0,1.0,1.0,100.0,100.0,100.0,False,False,False,False
15038,291.0,True,0.0002500019036233425,0.002625005436129868,0.00012499367585405707,0.00012500095181167126,0.00037500285543501377,7.109374993888196,7.113291998393834,False,0.9987778,0.9285426108946111,True,0.9667758969914794,0.9667758969914794,0.9667758969914794,100.0,100.0,100.0,False,False,False,False
15058,467.8,True,0.000166997779160738,0.0020420047803781927,0.00012500095181167126,0.00012500095181167126,0.0004169996827840805,6.901291002577636,6.904583999130409,False,0.99803524,1.0,True,1.0,1.0,1.0,100.0,100.0,100.0,False,False,False,False
15059,1100.0,True,0.0002079978003166616,0.0037080026231706142,0.0002079978003166616,0.00012500095181167126,0.0002910019247792661,6.9969579999451526,7.0019589984440245,False,0.99538,0.9026763033609534,True,1.0,1.0,1.0,100.0,100.0,100.0,False,False,False,False
15060,100.0,True,0.000333995558321476,0.003749999450519681,0.000166997779160738,0.00012500095181167126,0.00033299875212833285,3.3589169979677536,3.364124997460749,False,0.99958,1.0,True,1.0,1.0,1.0,100.0,100.0,100.0,False,False,False,False
15066,534.0,True,0.000166997779160738,0.0023329994291998446,8.299684850499034e-05,0.00012500095181167126,0.00029199873097240925,6.8577499987441115,6.861208996269852,False,0.9977572,1.0,True,1.0,1.0,1.0,100.0,100.0,100.0,False,False,False,False
15067,60.0,True,0.00029199873097240925,0.003749999450519681,0.0002079978003166616,0.00016599369700998068,0.00029199873097240925,3.348792000906542,3.3540410004206933,False,0.999748,1.0,True,1.0,1.0,1.0,60.0,60.0,60.0,False,False,False,False
15096,2.0,True,0.0007080016075633466,0.006124995707068592,0.0004169996827840805,0.00033299875212833285,0.000500003807246685,3.795292002905626,3.803916995821055,False,0.9999916,0.8580422038141771,True,0.8580422038141771,0.8580422038141771,0.8580422038141771,2.0,2.0,2.0,True,True,True,True
15107,346.98,True,0.000166997779160738,0.0023750035325065255,8.400093065574765e-05,8.300412446260452e-05,0.00037500285543501377,7.193791003373917,7.197250000899658,False,0.998542684,0.9775521662425138,True,0.9999196673918644,0.9999196673918644,0.9999196673918644,100.0,100.0,100.0,False,False,False,False
15115,357.0,True,0.000166997779160738,0.002458000381011516,0.00012500095181167126,0.00012500095181167126,0.00033299875212833285,7.070167004712857,7.073624998156447,False,0.9985006,1.0,True,1.0,1.0,1.0,100.0,100.0,100.0,False,False,False,False
15120,255.0,True,0.00020800507627427578,0.0025000044843181968,0.00016600097296759486,0.00012500095181167126,0.00033299875212833285,7.309249995159917,7.312958005059045,False,0.998929,0.834541054089414,True,0.8940181450675031,0.8940181450675031,0.8940181450675031,100.0,100.0,100.0,True,True,True,True
15124,606.0,True,0.00016600097296759486,0.002583001332823187,0.000166997779160738,0.00012500095181167126,0.000333995558321476,6.947582995053381,6.951374998607207,False,0.9974548,0.9842579955431211,True,1.0,1.0,1.0,100.0,100.0,100.0,False,False,False,False
15125,25.0,True,0.00033299875212833285,0.003707995347213,0.0002079978003166616,0.00020800507627427578,0.00033299875212833285,3.757582999242004,3.762874999665655,False,0.999895,0.8202384089088054,True,0.8202384089088054,0.8202384089088054,0.8202384089088054,25.0,25.0,25.0,True,True,True,True
15128,271.0,True,0.0003749955794773996,0.003999994078185409,0.0002910019247792661,0.000166997779160738,0.00033400283427909017,7.374540997261647,7.380167000519577,False,0.9988618,0.7497393493578026,True,0.8610658335900354,0.8610658335900354,0.8610658335900354,100.0,100.0,100.0,True,True,True,True
15130,75.0,True,0.0004169996827840805,0.004624998837243766,0.00029099464882165194,0.00016600097296759486,0.0004579997039400041,3.5874579989467748,3.594000001612585,False,0.999685,1.0,True,1.0,1.0,1.0,75.0,75.0,75.0,False,False,False,False
15174,41.0,True,0.0004169996827840805,0.004542001988738775,0.0002910019247792661,0.0002079978003166616,0.00037500285543501377,3.6310830037109554,3.6373749971971847,False,0.9998278,0.8430307674900935,True,0.8430307674900935,0.8430307674900935,0.8430307674900935,41.0,41.0,41.0,True,True,True,True
15179,369.0,True,0.000166997779160738,0.0024999972083605826,0.000166997779160738,0.00016600097296759486,0.0002500019036233425,7.2040000013657846,7.2077079967129976,False,0.9984502,1.0,True,1.0,1.0,1.0,100.0,100.0,100.0,False,False,False,False
15180,160.0,True,0.0004579997039400041,0.004749999789055437,0.0002910019247792661,0.0002500019036233425,0.0004169996827840805,7.017083000391722,7.023790996754542,False,0.999328,1.0,True,1.0,1.0,1.0,100.0,100.0,100.0,False,False,False,False
15184,382.0,True,0.00012500095181167126,0.002334003511350602,8.399365469813347e-05,0.00012500095181167126,0.00033299875212833285,6.899915999383666,6.903292000060901,False,0.9983956,1.0,True,1.0,1.0,1.0,100.0,100.0,100.0,False,False,False,False
15206,473.0,True,0.00016600097296759486,0.0022500025806948543,0.00012500095181167126,0.00012500095181167126,0.00037500285543501377,7.940000003145542,7.943417003843933,False,0.9980134,0.8585471589545153,True,0.9609244451109185,0.9609244451109185,0.9609244451109185,100.0,100.0,100.0,True,False,False,False
15207,45.0,True,0.00037500285543501377,0.003916997229680419,0.0002090018824674189,0.0002090018824674189,0.00033400283427909017,3.712083002028521,3.717583000252489,False,0.999811,0.9277394178815583,True,0.9277394178815583,0.9277394178815583,0.9277394178815583,45.0,45.0,45.0,False,False,False,False
15217,37.0,True,0.00016600097296759486,0.002291999408043921,8.300412446260452e-05,8.300412446260452e-05,0.00029199873097240925,3.574207999918144,3.5775000069406815,False,0.9998446,0.9872048023965736,True,0.9872048023965736,0.9872048023965736,0.9872048023965736,37.0,37.0,37.0,False,False,False,False
15218,302.0,True,0.00029199873097240925,0.0033750038710422814,0.00020800507627427578,0.000166997779160738,0.00037500285543501377,7.211625001218636,7.21641699783504,False,0.9987316,1.0,True,1.0,1.0,1.0,100.0,100.0,100.0,False,False,False,False
15232,51.5,True,8.300412446260452e-05,0.0020410006982274354,8.299684850499034e-05,4.1996827349066734e-05,0.00033300602808594704,3.7029580053058453,3.705916999024339,False,0.9997837,1.0,True,1.0,1.0,1.0,51.5,51.5,51.5,False,False,False,False
15270,303.2,True,0.00012499367585405707,0.0020000006770715117,0.00012500095181167126,8.299684850499034e-05,0.00033299875212833285,7.391749997623265,7.394749998638872,False,0.99872656,0.8276230546577045,True,0.9047710926081675,0.9047710926081675,0.9047710926081675,100.0,100.0,100.0,True,False,False,False
15274,284.0,True,0.000166997779160738,0.0023339962353929877,8.400093065574765e-05,0.00016700505511835217,0.00037500285543501377,6.710207999276463,6.713750000926666,False,0.9988072,1.0,True,1.0,1.0,1.0,100.0,100.0,100.0,False,False,False,False
15275,70.0,True,0.00033400283427909017,0.0034999975468963385,0.0002079978003166616,0.000166997779160738,0.00029199873097240925,3.4117500035790727,3.4167920020991005,False,0.999706,1.0,True,1.0,1.0,1.0,70.0,70.0,70.0,False,False,False,False
15301,98.0,True,0.0004160028765909374,0.004374996933620423,0.0002500019036233425,0.00020800507627427578,0.000333995558321476,3.4950829940498807,3.5012089938391,False,0.9995884,1.0,True,1.0,1.0,1.0,98.0,98.0,98.0,False,False,False,False
15310,374.0,True,0.00016600097296759486,0.0022079984773881733,8.300412446260452e-05,0.00012500095181167126,0.0002500019036233425,6.8212920014047995,6.824625001172535,False,0.9984292,1.0,True,1.0,1.0,1.0,100.0,100.0,100.0,False,False,False,False
15311,96.92,True,0.0003749955794773996,0.0037089994293637574,0.0002090018824674189,0.000166997779160738,0.00033299875212833285,3.509166002913844,3.514459000143688,False,0.999592936,0.9801440138417439,True,0.9801440138417439,0.9801440138417439,0.9801440138417439,96.92,96.92,96.92,False,False,False,False
15320,223.0,True,0.000500003807246685,0.0047909998102113605,0.0002500019036233425,0.0002079978003166616,0.0003749955794773996,7.823542000551242,7.830333001038525,False,0.9990634,0.7346819931954627,True,0.8355857541854383,0.8355857541854383,0.8355857541854383,100.0,100.0,100.0,True,True,True,True
15326,25.0,True,0.0004579997039400041,0.00470800296170637,0.00029099464882165194,0.00029199873097240925,0.00037500285543501377,3.4146670004702173,3.421375004108995,False,0.999895,1.0,True,1.0,1.0,1.0,25.0,25.0,25.0,False,False,False,False
15332,148.0,True,0.0005409965524449944,0.004624998837243766,0.00033299875212833285,0.0002500019036233425,0.0003749955794773996,10.835540997504722,10.842458003025968,False,0.9993784,1.0,True,1.0,1.0,1.0,100.0,100.0,100.0,False,False,False,False
15341,269.0,True,0.0002910019247792661,0.004165995051153004,0.0002079978003166616,0.0002500019036233425,0.0008749993867240846,15.746541997941677,15.752917002828326,False,0.9988702,1.0,True,1.0,1.0,1.0,100.0,100.0,100.0,False,False,False,False
15342,358.14,True,0.0009170034900307655,0.013707998732570559,0.0009170034900307655,0.0005830006557516754,0.0007089984137564898,14.512791000015568,14.53087499976391,False,0.998495812,0.93212742743686,True,0.9797611294690362,0.9797611294690362,0.9797611294690362,100.0,100.0,100.0,False,False,False,False
15343,50.38,True,0.0010419971658848226,0.00979100150289014,0.0005839974619448185,0.0006659975042566657,0.0008329952834174037,7.807957998011261,7.8221250005299225,False,0.999788404,0.9856902045292484,True,0.9856902045292484,0.9856902045292484,0.9856902045292484,50.38,50.38,50.38,False,False,False,False
15344,291.83,True,0.0010830044629983604,0.012208001862745732,0.0010419971658848226,0.0006249974831007421,0.0007079943316057324,8.83662499836646,8.853250001266133,False,0.998774314,0.8134704388568829,True,0.8940181450675031,0.8940181450675031,0.8940181450675031,100.0,100.0,100.0,True,True,True,True
15349,50.0,True,0.0005839974619448185,0.005292000423651189,0.00029199873097240925,0.0002500019036233425,0.0004579997039400041,3.669500001706183,3.6769580037798733,False,0.99979,1.0,True,1.0,1.0,1.0,50.0,50.0,50.0,False,False,False,False
15371,77.0,True,0.000500003807246685,0.004417001036927104,0.000333995558321476,0.0002090018824674189,0.0004169996827840805,3.496083998470567,3.5025000033783726,False,0.9996766,1.0,True,1.0,1.0,1.0,77.0,77.0,77.0,False,False,False,False
15386,400.0,True,0.00012500095181167126,0.002124994352925569,8.299684850499034e-05,0.00012500095181167126,0.00033299875212833285,7.458000000042375,7.461167006113101,False,0.99832,0.8099679604558111,True,0.9237376331502339,0.9237376331502339,0.9237376331502339,100.0,100.0,100.0,True,False,False,False
15417,60.0,True,0.000500003807246685,0.004458997864276171,0.00029199873097240925,0.0002500019036233425,0.00037500285543501377,3.729374999238644,3.7357500041252933,False,0.999748,0.9050409586326331,True,0.9050409586326331,0.9050409586326331,0.9050409586326331,60.0,60.0,60.0,False,False,False,False
15479,340.0,True,0.000166997779160738,0.0025000044843181968,0.00012500095181167126,0.00012500095181167126,0.00037500285543501377,7.332499997573905,7.33612500334857,False,0.998572,1.0,True,1.0,1.0,1.0,100.0,100.0,100.0,False,False,False,False
15481,360.0,True,0.00033299875212833285,0.004999994416721165,0.0003749955794773996,0.00037500285543501377,0.0004160028765909374,7.671208004467189,7.678124995436519,False,0.998488,1.0,True,1.0,1.0,1.0,100.0,100.0,100.0,False,False,False,False
15483,400.0,True,0.0002910019247792661,0.004875000740867108,0.0003749955794773996,0.00029199873097240925,0.0003749955794773996,7.199167004728224,7.2059169979183935,False,0.99832,1.0,True,1.0,1.0,1.0,100.0,100.0,100.0,False,False,False,False
15497,274.0,True,0.000166997779160738,0.0022090025595389307,0.00012500095181167126,0.00012500095181167126,0.00029099464882165194,7.134208004572429,7.137417000194546,False,0.9988492,0.9510195867815633,True,0.9797611294690362,0.9797611294690362,0.9797611294690362,100.0,100.0,100.0,False,False,False,False
15499,326.39,True,0.0004170069587416947,0.004540997906588018,0.00033299875212833285,0.00020800507627427578,0.00033299875212833285,6.9776669988641515,6.984083003771957,False,0.998629162,1.0,True,1.0,1.0,1.0,100.0,100.0,100.0,False,False,False,False
15524,255.0,True,0.00012500095181167126,0.0022909953258931637,0.00012499367585405707,0.00012500095181167126,0.00029199873097240925,7.81345900031738,7.816792000085115,False,0.998929,0.7702118774697763,True,0.8610658335900354,0.8610658335900354,0.8610658335900354,100.0,100.0,100.0,True,True,True,True
15528,50.0,True,0.00020800507627427578,0.002583001332823187,0.00012500095181167126,0.0002079978003166616,0.00033299875212833285,3.650500002549961,3.6543340029311366,False,0.99979,1.0,True,1.0,1.0,1.0,50.0,50.0,50.0,False,False,False,False
15542,100.0,True,0.00012500095181167126,0.002082997525576502,8.299684850499034e-05,0.00012499367585405707,0.00033400283427909017,3.5894579996238463,3.59266599843977,False,0.99958,1.0,True,1.0,1.0,1.0,100.0,100.0,100.0,False,False,False,False
15546,907.3,True,0.00016600097296759486,0.0023749962565489113,0.00012499367585405707,0.00012500095181167126,0.00033299875212833285,7.2980409968295135,7.3015000016312115,False,0.99618934,0.953583300516936,True,1.0,1.0,1.0,100.0,100.0,100.0,False,False,False,False
15558,361.69,True,0.00012500095181167126,0.002124994352925569,4.1996827349066734e-05,8.299684850499034e-05,0.00033400283427909017,7.281833000888582,7.285041996510699,False,0.998480902,1.0,True,1.0,1.0,1.0,100.0,100.0,100.0,False,False,False,False
15568,340.08,True,0.0002079978003166616,0.002583001332823187,0.00016600097296759486,0.00012500095181167126,0.0003749955794773996,7.984832998772617,7.988666999153793,False,0.998571664,0.9807713173485794,True,1.0,1.0,1.0,100.0,100.0,100.0,False,False,False,False
15569,130.0,True,0.0004159956006333232,0.0038750004023313522,0.0002500019036233425,0.00012500095181167126,0.00029199873097240925,6.8032500057597645,6.808583006204572,False,0.999454,1.0,True,1.0,1.0,1.0,100.0,100.0,100.0,False,False,False,False
15598,299.0,True,8.300412446260452e-05,0.0020830048015341163,0.00012500095181167126,0.00012500095181167126,0.00029199873097240925,7.2027499991236255,7.2059169979183935,False,0.9987442,1.0,True,1.0,1.0,1.0,100.0,100.0,100.0,False,False,False,False
15601,101.24,True,0.0002500019036233425,0.002625005436129868,0.00012500095181167126,8.400093065574765e-05,0.000333995558321476,6.806041004892904,6.809874997998122,False,0.999574792,1.0,True,1.0,1.0,1.0,100.0,100.0,100.0,False,False,False,False
15623,352.67,True,8.400093065574765e-05,0.0019169965526089072,8.299684850499034e-05,8.400093065574765e-05,0.00029199873097240925,6.9623340023099445,6.965207998291589,False,0.998518786,1.0,True,1.0,1.0,1.0,100.0,100.0,100.0,False,False,False,False
15624,10.0,True,0.0004160028765909374,0.004207999154459685,0.00024999462766572833,0.0002079978003166616,0.00033299875212833285,3.811957998550497,3.8178329996299,False,0.999958,0.9173627307113535,True,0.9173627307113535,0.9173627307113535,0.9173627307113535,10.0,10.0,10.0,False,False,False,False
15629,254.0,True,0.0002079978003166616,0.0024170003598555923,0.00012500095181167126,0.000166997779160738,0.0002910019247792661,6.976666001719423,6.980250000196975,False,0.9989332,1.0,True,1.0,1.0,1.0,100.0,100.0,100.0,False,False,False,False
15630,26.0,True,0.00033300602808594704,0.003583001671358943,0.00020800507627427578,0.00012500095181167126,0.00029199873097240925,3.6486249955487438,3.6536249972414225,False,0.9998908,0.8856782321981784,True,0.8856782321981784,0.8856782321981784,0.8856782321981784,26.0,26.0,26.0,True,True,True,True
15632,270.0,True,0.0002500019036233425,0.0029579969123005867,0.00020800507627427578,0.00012500095181167126,0.0002500019036233425,7.044124999083579,7.04829200549284,False,0.998866,1.0,True,1.0,1.0,1.0,100.0,100.0,100.0,False,False,False,False
15633,46.24,True,0.0004159956006333232,0.004749999789055437,0.00024999462766572833,0.0002500019036233425,0.000333995558321476,3.4487079974496737,3.455250000115484,False,0.999805792,1.0,True,1.0,1.0,1.0,46.24,46.24,46.24,False,False,False,False
15634,321.0,True,0.0003749955794773996,0.004542001988738775,0.00024999462766572833,0.00024999462766572833,0.00033299875212833285,7.099250004102942,7.105541997589171,False,0.9986518,1.0,True,1.0,1.0,1.0,100.0,100.0,100.0,False,False,False,False
15675,52.0,True,0.0004579997039400041,0.004832996637560427,0.0002910019247792661,0.0002079978003166616,0.00037500285543501377,3.477291000308469,3.483959000732284,False,0.9997816,1.0,True,1.0,1.0,1.0,52.0,52.0,52.0,False,False,False,False
15679,534.0,True,0.00020800507627427578,0.0025420013116672635,0.00012500095181167126,8.300412446260452e-05,0.00029199873097240925,7.153915998060256,7.15762499748962,False,0.9977572,0.9902951005100636,True,1.0,1.0,1.0,100.0,100.0,100.0,False,False,False,False
15680,9.0,True,0.0004579997039400041,0.00462500611320138,0.0002910019247792661,0.0002079978003166616,0.00037500285543501377,3.6571250020642765,3.6635409996961243,False,0.9999622,1.0,True,1.0,1.0,1.0,9.0,9.0,9.0,False,False,False,False
15693,46.55,True,0.0005420006345957518,0.004916997568216175,0.0002500019036233425,0.00024999462766572833,0.00037500285543501377,3.680667003209237,3.687582997372374,False,0.99980449,0.9508194200306109,True,0.9508194200306109,0.9508194200306109,0.9508194200306109,46.55,46.55,46.55,False,False,False,False
15702,344.0,True,0.000166997779160738,0.0023750035325065255,0.00012500095181167126,0.00012500095181167126,0.00037500285543501377,7.462082998245023,7.465708004019689,False,0.9985552,0.8240426913946766,True,0.9146170005538099,0.9146170005538099,0.9146170005538099,100.0,100.0,100.0,True,False,False,False
15762,375.83,True,0.00012500095181167126,0.0019169965526089072,8.299684850499034e-05,0.00012500095181167126,0.00033299875212833285,7.026915998721961,7.029874999716412,False,0.998421514,1.0,True,1.0,1.0,1.0,100.0,100.0,100.0,False,False,False,False
15763,39.0,True,0.000333995558321476,0.003707995347213,0.0002079978003166616,0.000166997779160738,0.00029199873097240925,3.7572500004898757,3.762457999982871,False,0.9998362,0.8438686422607065,True,0.8438686422607065,0.8438686422607065,0.8438686422607065,39.0,39.0,39.0,True,True,True,True
15769,400.0,True,0.00016600097296759486,0.002334003511350602,0.00012500095181167126,8.299684850499034e-05,0.0002500019036233425,7.328666993998922,7.332041997869965,False,0.99832,1.0,True,1.0,1.0,1.0,100.0,100.0,100.0,False,False,False,False
15770,500.0,True,0.0002910019247792661,0.004624998837243766,0.00029199873097240925,0.00024999462766572833,0.00033400283427909017,7.060249998176005,7.066542006214149,False,0.9979,1.0,True,1.0,1.0,1.0,100.0,100.0,100.0,False,False,False,False
15783,879.39,True,0.00016700505511835217,0.0022500025806948543,0.00012500095181167126,0.00012500095181167126,0.00029199873097240925,7.208249997347593,7.2115830043912865,False,0.996306562,0.9399971356522512,True,1.0,1.0,1.0,100.0,100.0,100.0,False,False,False,False
15784,129.0,True,0.00033300602808594704,0.003749999450519681,0.00020800507627427578,0.00020800507627427578,0.00033299875212833285,6.870167002489325,6.87537500198232,False,0.9994582,1.0,True,1.0,1.0,1.0,100.0,100.0,100.0,False,False,False,False
15796,729.8,True,0.000166997779160738,0.0024999972083605826,0.00012500095181167126,0.00012500095181167126,0.0003749955794773996,7.147042000724468,7.150707999244332,False,0.99693484,0.9807011357412657,True,1.0,1.0,1.0,100.0,100.0,100.0,False,False,False,False
15797,194.0,True,0.00037500285543501377,0.0037089994293637574,0.00016700505511835217,0.0002079978003166616,0.0002910019247792661,7.429625002259854,7.434915998601355,False,0.9991852,0.8619753404157485,True,0.8940181450675031,0.8940181450675031,0.8940181450675031,100.0,100.0,100.0,True,True,True,True
15806,314.0,True,0.000166997779160738,0.002291999408043921,0.00012500095181167126,0.00012500095181167126,0.0002910019247792661,7.532332994742319,7.53574999544071,False,0.9986812,0.8214016540572,True,0.9047710926081675,0.9047710926081675,0.9047710926081675,100.0,100.0,100.0,True,False,False,False
15808,4.0,True,0.0005830006557516754,0.00508299854118377,0.00037500285543501377,0.0002500019036233425,0.00037500285543501377,3.4168330021202564,3.4240000022691675,False,0.9999832,1.0,True,1.0,1.0,1.0,4.0,4.0,4.0,False,False,False,False
15819,374.0,True,0.00016600097296759486,0.002167005732189864,0.00012499367585405707,8.300412446260452e-05,0.00033299875212833285,7.41641600325238,7.419542002025992,False,0.9984292,0.8046096504993899,True,0.9146170005538099,0.9146170005538099,0.9146170005538099,100.0,100.0,100.0,True,False,False,False
15820,8.0,True,0.0004169996827840805,0.0038750004023313522,0.00024999462766572833,0.0002079978003166616,0.00033299875212833285,3.7613750027958304,3.766917005123105,False,0.9999664,0.8175885663328235,True,0.8175885663328235,0.8175885663328235,0.8175885663328235,8.0,8.0,8.0,True,True,True,True
15840,259.0,True,0.00012499367585405707,0.001834006980061531,8.399365469813347e-05,8.400093065574765e-05,0.00029199873097240925,7.060541996906977,7.063249999191612,False,0.9989122,0.9890397650011481,True,0.9999196673918644,0.9999196673918644,0.9999196673918644,100.0,100.0,100.0,False,False,False,False
15861,242.0,True,0.00016700505511835217,0.0023749962565489113,0.00012499367585405707,0.00012500095181167126,0.00045899651013314724,7.351707994530443,7.355333997111302,False,0.9989836,0.9054258571953293,True,0.9401831759410586,0.9401831759410586,0.9401831759410586,100.0,100.0,100.0,False,False,False,False
15862,345.45,True,0.00037500285543501377,0.004417001036927104,0.0002500019036233425,0.0002910019247792661,0.00033299875212833285,7.185333000961691,7.191584001702722,False,0.99854911,0.7452672165291374,True,0.8880973597911049,0.8880973597911049,0.8880973597911049,100.0,100.0,100.0,True,True,True,True
15868,59.5,True,0.0004999965312890708,0.005583999154623598,0.0003749955794773996,0.0002500019036233425,0.0004579997039400041,3.7449169976753183,3.752583004825283,False,0.9997501,1.0,True,1.0,1.0,1.0,59.5,59.5,59.5,False,False,False,False
15874,6.0,True,0.00029199873097240925,0.00224999530473724,0.00012500095181167126,0.00012500095181167126,0.00029199873097240925,3.7906249999650754,3.7941249975119717,False,0.9999748,0.8786248216230287,True,0.8786248216230287,0.8786248216230287,0.8786248216230287,6.0,6.0,6.0,True,True,True,True
15880,214.0,True,0.0004579997039400041,0.004542001988738775,0.0002910019247792661,0.0002500019036233425,0.00037500285543501377,7.102415998815559,7.1087920005084015,False,0.9991012,1.0,True,1.0,1.0,1.0,100.0,100.0,100.0,False,False,False,False
15886,414.04,True,0.00016700505511835217,0.002291999408043921,8.400093065574765e-05,0.00012500095181167126,0.000333995558321476,7.161125002312474,7.164499998907559,False,0.998261032,1.0,True,1.0,1.0,1.0,100.0,100.0,100.0,False,False,False,False
15887,70.89,True,0.0004579997039400041,0.004749999789055437,0.00033299875212833285,0.0002090018824674189,0.00033400283427909017,3.5142920023645274,3.5208750050514936,False,0.999702262,1.0,True,1.0,1.0,1.0,70.89,70.89,70.89,False,False,False,False
15888,380.0,True,0.00029199873097240925,0.004084002284798771,0.00024999462766572833,0.000166997779160738,0.00029199873097240925,6.83141599438386,6.8370410008355975,False,0.998404,0.999355201242132,True,1.0,1.0,1.0,100.0,100.0,100.0,False,False,False,False
15892,176.0,True,0.00037500285543501377,0.004375004209578037,0.0002500019036233425,0.0002079978003166616,0.0004160028765909374,7.524083004682325,7.5301670003682375,False,0.9992608,0.8165553380677222,True,0.8532230366532213,0.8532230366532213,0.8532230366532213,100.0,100.0,100.0,True,True,True,True
15896,47.5,True,0.0002500019036233425,0.0030419978429563344,0.00020800507627427578,0.00016600097296759486,0.00033300602808594704,3.489957998681348,3.4945000006700866,False,0.9998005,0.9860191408187775,True,0.9860191408187775,0.9860191408187775,0.9860191408187775,47.5,47.5,47.5,False,False,False,False
15897,263.69,True,0.000500003807246685,0.004958994395565242,0.00029200600693002343,0.0002090018824674189,0.00029199873097240925,6.910459000209812,6.917292004800402,False,0.998892502,0.9973328373101273,True,1.0,1.0,1.0,100.0,100.0,100.0,False,False,False,False
15912,21.0,True,0.00012499367585405707,0.0023749962565489113,0.00016600097296759486,0.00012500095181167126,0.00037500285543501377,3.534125004080124,3.5377079984755255,False,0.9999118,1.0,True,1.0,1.0,1.0,21.0,21.0,21.0,False,False,False,False
15918,92.0,True,0.000166997779160738,0.0021660016500391066,8.299684850499034e-05,0.00012500095181167126,0.00029199873097240925,3.51595800020732,3.5192089999327436,False,0.9996136,1.0,True,1.0,1.0,1.0,92.0,92.0,92.0,False,False,False,False
15922,525.0,True,0.00012500095181167126,0.002458000381011516,0.00012499367585405707,0.00012500095181167126,0.00029199873097240925,7.233791999169625,7.237332996737678,False,0.997795,0.8816694798569139,True,0.9797611294690362,0.9797611294690362,0.9797611294690362,100.0,100.0,100.0,True,False,False,False
15923,79.0,True,0.000500003807246685,0.00504200579598546,0.000333995558321476,0.0002090018824674189,0.0004159956006333232,3.5552499975892715,3.5622080031316727,False,0.9996682,1.0,True,1.0,1.0,1.0,79.0,79.0,79.0,False,False,False,False
15945,29.49,True,8.300412446260452e-05,0.0020420047803781927,8.400093065574765e-05,8.399365469813347e-05,0.00029200600693002343,3.6427090017241426,3.64570900273975,False,0.999876142,0.8781141774704453,True,0.8781141774704453,0.8781141774704453,0.8781141774704453,29.49,29.49,29.49,True,True,True,True
15947,37.13,True,0.0004579997039400041,0.0047909998102113605,0.00029199873097240925,0.0002500019036233425,0.0003749955794773996,3.444417001446709,3.4511249978095293,False,0.999844054,0.9709576690141015,True,0.9709576690141015,0.9709576690141015,0.9709576690141015,37.13,37.13,37.13,False,False,False,False
15950,958.33,True,0.00012500095181167126,0.0025420013116672635,0.00012500095181167126,8.300412446260452e-05,0.00029199873097240925,7.1711250056978315,7.174791993747931,False,0.995975014,0.8866018471928487,True,1.0,1.0,1.0,100.0,100.0,100.0,True,False,False,False
15952,28.0,True,0.0004160028765909374,0.003541994374245405,0.000166997779160738,0.00012500095181167126,0.00029199873097240925,3.5185830056434497,3.52362499688752,False,0.9998824,0.9227395703941631,True,0.9227395703941631,0.9227395703941631,0.9227395703941631,28.0,28.0,28.0,False,False,False,False
15954,274.0,True,0.0002500019036233425,0.0028750000637955964,0.000166997779160738,0.0002079978003166616,0.00033299875212833285,7.0863750006537884,7.090625003911555,False,0.9988492,1.0,True,1.0,1.0,1.0,100.0,100.0,100.0,False,False,False,False
15959,8.35,True,0.0004579997039400041,0.005166999471839517,0.00029099464882165194,0.00024999462766572833,0.0003749955794773996,3.5638330009533092,3.571041001123376,False,0.99996493,1.0,True,1.0,1.0,1.0,8.35,8.35,8.35,False,False,False,False
15973,363.56,True,0.00012500095181167126,0.0020410006982274354,8.300412446260452e-05,8.300412446260452e-05,0.0002500019036233425,7.1079170011216775,7.110958002158441,False,0.998473048,0.9817845206781507,True,1.0,1.0,1.0,100.0,100.0,100.0,False,False,False,False
15981,20.86,True,0.0005409965524449944,0.004832996637560427,0.0003749955794773996,0.0002500019036233425,0.00037500285543501377,3.7026249992777593,3.7096250016475096,False,0.999912388,0.8668688172375658,True,0.8668688172375658,0.8668688172375658,0.8668688172375658,20.86,20.86,20.86,True,True,True,True
15982,276.0,True,0.0004999965312890708,0.004749999789055437,0.0002500019036233425,0.0002079978003166616,0.00033299875212833285,7.689167003263719,7.695792002778035,False,0.9988408,0.7412216022370829,True,0.8610658335900354,0.8610658335900354,0.8610658335900354,100.0,100.0,100.0,True,True,True,True
15987,281.0,True,0.000166997779160738,0.0022909953258931637,0.00012500095181167126,0.00016600097296759486,0.00033299875212833285,7.609583000885323,7.61304100160487,False,0.9988198,0.8554881091606478,True,0.9146170005538099,0.9146170005538099,0.9146170005538099,100.0,100.0,100.0,True,False,False,False
15993,400.0,True,0.0002079978003166616,0.0024999972083605826,0.00012500095181167126,0.00012500095181167126,0.00033299875212833285,7.144458999391645,7.148125005187467,False,0.99832,0.921362387009714,True,0.9797611294690362,0.9797611294690362,0.9797611294690362,100.0,100.0,100.0,False,False,False,False
15994,2.0,True,0.0003749955794773996,0.003792003553826362,0.0002500019036233425,0.000166997779160738,0.0002910019247792661,3.3628750024945475,3.3681670029181987,False,0.9999916,1.0,True,1.0,1.0,1.0,2.0,2.0,2.0,False,False,False,False
16008,30.0,True,0.00016700505511835217,0.002082997525576502,0.00012500095181167126,0.00012500095181167126,0.00033299875212833285,3.510583999741357,3.51383399538463,False,0.999874,1.0,True,1.0,1.0,1.0,30.0,30.0,30.0,False,False,False,False
16028,587.5,True,0.00016600097296759486,0.0018749997252598405,0.00012500095181167126,8.400093065574765e-05,0.000333995558321476,7.27175000065472,7.274749994394369,False,0.9975325,0.9487594469884908,True,1.0,1.0,1.0,100.0,100.0,100.0,False,False,False,False
16029,40.0,True,0.0004999965312890708,0.005041001713834703,0.00033299875212833285,0.000166997779160738,0.00033300602808594704,3.6501669965218753,3.65708299796097,False,0.999832,0.8878182797497535,True,0.8878182797497535,0.8878182797497535,0.8878182797497535,40.0,40.0,40.0,True,True,True,True
16031,195.65,True,0.0004999965312890708,0.005166002665646374,0.0002910019247792661,0.0002079978003166616,0.00033299875212833285,7.528417001594789,7.535500000813045,False,0.99917827,0.9962345859032307,True,1.0,1.0,1.0,100.0,100.0,100.0,False,False,False,False
16043,479.16,True,0.00016700505511835217,0.0022500025806948543,8.400093065574765e-05,8.399365469813347e-05,0.00033400283427909017,7.083040996803902,7.0863750006537884,False,0.997987528,0.9505379031743832,True,0.9992122092123257,0.9992122092123257,0.9992122092123257,100.0,100.0,100.0,False,False,False,False
16044,190.0,True,0.00029099464882165194,0.003583001671358943,0.000166997779160738,0.00016700505511835217,0.0002910019247792661,6.800124996516388,6.805083998187911,False,0.999202,1.0,True,1.0,1.0,1.0,100.0,100.0,100.0,False,False,False,False
16048,100.0,True,0.0004590037860907614,0.0048340007197111845,0.00029199873097240925,0.0002090018824674189,0.00033400283427909017,3.7673749975510873,3.774041004362516,False,0.99958,0.9237376331502339,True,0.9237376331502339,0.9237376331502339,0.9237376331502339,100.0,100.0,100.0,False,False,False,False
16066,30.0,True,0.00016600097296759486,0.0020419975044205785,8.400093065574765e-05,0.000166997779160738,0.0003749955794773996,3.866209000989329,3.8693749957019463,False,0.999874,0.931055419679287,True,0.931055419679287,0.931055419679287,0.931055419679287,30.0,30.0,30.0,False,False,False,False
16074,505.0,True,0.0002090018824674189,0.002459004463162273,8.399365469813347e-05,0.0002090018824674189,0.00033299875212833285,6.919333995028865,6.922958003997337,False,0.997879,1.0,True,1.0,1.0,1.0,100.0,100.0,100.0,False,False,False,False
16075,23.0,True,0.000333995558321476,0.003417000698391348,0.0002090018824674189,0.00012500095181167126,0.00033300602808594704,3.38220799312694,3.386999997019302,False,0.9999034,1.0,True,1.0,1.0,1.0,23.0,23.0,23.0,False,False,False,False
16105,385.33,True,0.00012500095181167126,0.0020830048015341163,0.00012500095181167126,0.00012500095181167126,0.00033299875212833285,6.95891600480536,6.96208299632417,False,0.998381614,0.9711853745566198,True,0.9999196673918644,0.9999196673918644,0.9999196673918644,100.0,100.0,100.0,False,False,False,False
16106,80.0,True,0.00033299875212833285,0.003749999450519681,0.000166997779160738,0.000166997779160738,0.00033299875212833285,3.497375000733882,3.5025830002268776,False,0.999664,0.9283747514752996,True,0.9283747514752996,0.9283747514752996,0.9283747514752996,80.0,80.0,80.0,False,False,False,False
16151,517.0,True,0.00012500095181167126,0.0020000006770715117,4.200410330668092e-05,8.300412446260452e-05,0.00029199873097240925,6.969041998672765,6.971916001930367,False,0.9978286,1.0,True,1.0,1.0,1.0,100.0,100.0,100.0,False,False,False,False
16154,59.0,True,0.00029199873097240925,0.0028750000637955964,0.000166997779160738,0.000166997779160738,0.00037500285543501377,3.602124997996725,3.6063750012544915,False,0.9997522,1.0,True,1.0,1.0,1.0,59.0,59.0,59.0,False,False,False,False
16173,257.0,True,0.00012500095181167126,0.0021669984562322497,0.00012500095181167126,0.00016600097296759486,0.00033300602808594704,7.515625002270099,7.5189170020166785,False,0.9989206,0.7420371539835035,True,0.8532230366532213,0.8532230366532213,0.8532230366532213,100.0,100.0,100.0,True,True,True,True
16174,345.0,True,0.00029200600693002343,0.0038750004023313522,0.0002500019036233425,0.000166997779160738,0.0002910019247792661,7.011792004050221,7.017124997219071,False,0.998551,1.0,True,1.0,1.0,1.0,100.0,100.0,100.0,False,False,False,False
16175,377.0,True,0.0002500019036233425,0.0038750004023313522,0.0002500019036233425,0.000166997779160738,0.0002910019247792661,7.103083997208159,7.1084579976741225,False,0.9984166,0.9726051871070195,True,0.9999196673918644,0.9999196673918644,0.9999196673918644,100.0,100.0,100.0,False,False,False,False
16176,49.86,True,0.0004579997039400041,0.004542001988738775,0.00029199873097240925,0.0002500019036233425,0.00033299875212833285,3.4495840009185486,3.4559589985292405,False,0.999790588,1.0,True,1.0,1.0,1.0,49.86,49.86,49.86,False,False,False,False
16182,17.0,True,0.0002079978003166616,0.0023329994291998446,0.00012500095181167126,0.00016600097296759486,0.00037500285543501377,3.7012079992564395,3.704792005009949,False,0.9999286,0.9157240295248587,True,0.9157240295248587,0.9157240295248587,0.9157240295248587,17.0,17.0,17.0,False,False,False,False
16185,20.8,True,0.0002079978003166616,0.002416003553662449,0.000166997779160738,0.00016599369700998068,0.0002500019036233425,3.279666998423636,3.283250000094995,False,0.99991264,1.0,True,1.0,1.0,1.0,20.8,20.8,20.8,False,False,False,False
16187,232.0,True,0.0002079978003166616,0.0026670022634789348,0.00012499367585405707,0.00012500095181167126,0.00029199873097240925,6.887625000672415,6.891417004226241,False,0.9990256,0.9987313111550014,True,1.0,1.0,1.0,100.0,100.0,100.0,False,False,False,False
16188,11.0,True,0.0003749955794773996,0.0038329962990246713,0.0002500019036233425,0.0002079978003166616,0.00033299875212833285,3.6211250044289045,3.6266249953769147,False,0.9999538,0.9348444570743252,True,0.9348444570743252,0.9348444570743252,0.9348444570743252,11.0,11.0,11.0,False,False,False,False
16216,50.0,True,0.000166997779160738,0.002082997525576502,8.300412446260452e-05,0.00012500095181167126,0.00029199873097240925,3.5310419989400543,3.5342499977559783,False,0.99979,1.0,True,1.0,1.0,1.0,50.0,50.0,50.0,False,False,False,False
16233,448.0,True,0.00012500095181167126,0.002124994352925569,8.299684850499034e-05,0.00012500095181167126,0.000333995558321476,7.334458001423627,7.337708004342858,False,0.9981184,0.9597882075069781,True,0.9999196673918644,0.9999196673918644,0.9999196673918644,100.0,100.0,100.0,False,False,False,False
16234,21.76,True,0.0004160028765909374,0.004165995051153004,0.0002500019036233425,0.0002079978003166616,0.00029099464882165194,3.6320840008556843,3.6379169978317805,False,0.999908608,0.914594470109829,True,0.914594470109829,0.914594470109829,0.914594470109829,21.76,21.76,21.76,False,False,False,False
16235,404.0,True,0.0002500019036233425,0.0038750004023313522,0.0002500019036233425,0.000166997779160738,0.0002910019247792661,7.56287499825703,7.568082997750025,False,0.9983032,0.807176533748831,True,0.9237376331502339,0.9237376331502339,0.9237376331502339,100.0,100.0,100.0,True,False,False,False
16239,241.0,True,0.0002090018824674189,0.0027089990908280015,0.000166997779160738,0.00016600097296759486,0.00037500285543501377,7.089625003573019,7.0935839976300485,False,0.9989878,0.9572743195866449,True,0.9797611294690362,0.9797611294690362,0.9797611294690362,100.0,100.0,100.0,False,False,False,False
16244,19.33,True,0.00012499367585405707,0.0022500025806948543,8.299684850499034e-05,0.00012500095181167126,0.0002910019247792661,3.4735410008579493,3.4768750047078356,False,0.999918814,1.0,True,1.0,1.0,1.0,19.33,19.33,19.33,False,False,False,False
16254,150.0,True,0.00029199873097240925,0.0036669953260570765,0.0002090018824674189,0.000166997779160738,0.00033299875212833285,7.199833999038674,7.204958994407207,False,0.99937,0.911202944386389,True,0.9237376331502339,0.9237376331502339,0.9237376331502339,100.0,100.0,100.0,False,False,False,False
16265,235.0,True,8.299684850499034e-05,0.0020830048015341163,0.00012500095181167126,0.00012499367585405707,0.00029200600693002343,6.9916669963276945,6.994750001467764,False,0.999013,0.958370280425437,True,0.9797611294690362,0.9797611294690362,0.9797611294690362,100.0,100.0,100.0,False,False,False,False
16285,367.08,True,0.0002500019036233425,0.004083005478605628,0.0002079978003166616,0.00016700505511835217,0.00037500285543501377,7.566915999632329,7.572541995614301,False,0.998458264,1.0,True,1.0,1.0,1.0,100.0,100.0,100.0,False,False,False,False
16286,10.0,True,0.0003749955794773996,0.004292000085115433,0.0002500019036233425,0.00020800507627427578,0.0002910019247792661,3.6144999976386316,3.620417002821341,False,0.999958,1.0,True,1.0,1.0,1.0,10.0,10.0,10.0,False,False,False,False
16300,9.0,True,0.00012500095181167126,0.002125001628883183,8.400093065574765e-05,0.00012500095181167126,0.000333995558321476,3.6832919940934516,3.686417003336828,False,0.9999622,0.8170684173746579,True,0.8170684173746579,0.8170684173746579,0.8170684173746579,9.0,9.0,9.0,True,True,True,True
16303,80.0,True,0.0004169996827840805,0.004542001988738775,0.0002910019247792661,0.00020800507627427578,0.00033299875212833285,3.4052080009132624,3.4115410016966052,False,0.999664,1.0,True,1.0,1.0,1.0,80.0,80.0,80.0,False,False,False,False
16307,2.0,True,0.000166997779160738,0.002459004463162273,0.00012500095181167126,0.00016600097296759486,0.00029199873097240925,3.4691249966272153,3.47279199922923,False,0.9999916,1.0,True,1.0,1.0,1.0,2.0,2.0,2.0,False,False,False,False
16314,375.64,True,0.00016600097296759486,0.0022080057533457875,8.299684850499034e-05,0.00016700505511835217,0.00033299875212833285,7.045917001960333,7.049291998555418,False,0.998422312,1.0,True,1.0,1.0,1.0,100.0,100.0,100.0,False,False,False,False
16317,495.0,True,0.00016700505511835217,0.0025839981390163302,0.00012500095181167126,0.00012500095181167126,0.0002910019247792661,7.0432499996968545,7.046915998216718,False,0.997921,1.0,True,1.0,1.0,1.0,100.0,100.0,100.0,False,False,False,False
16319,24.0,True,0.0004590037860907614,0.0067920045694336295,0.0004579997039400041,0.00024999462766572833,0.0004579997039400041,3.625791003287304,3.6346250053611584,False,0.9998992,1.0,True,1.0,1.0,1.0,24.0,24.0,24.0,False,False,False,False
16327,43.0,True,0.00029199873097240925,0.003082997864112258,0.000166997779160738,0.00016700505511835217,0.0004579997039400041,3.6683330035884865,3.673083003377542,False,0.9998194,1.0,True,1.0,1.0,1.0,43.0,43.0,43.0,False,False,False,False
16337,327.25,True,0.000166997779160738,0.0021669984562322497,0.00012500095181167126,0.00012500095181167126,0.0003749955794773996,7.1119589993031695,7.115291999070905,False,0.99862555,1.0,True,1.0,1.0,1.0,100.0,100.0,100.0,False,False,False,False
16342,4.0,True,0.0002500019036233425,0.0026670022634789348,0.00012500095181167126,0.0002079978003166616,0.0004159956006333232,3.5484999971231446,3.5525839994079433,False,0.9999832,0.9138537766134728,True,0.9138537766134728,0.9138537766134728,0.9138537766134728,4.0,4.0,4.0,False,False,False,False
16360,271.13,True,0.00016600097296759486,0.002291999408043921,0.00012500095181167126,8.300412446260452e-05,0.00033299875212833285,7.240666003781371,7.2440829972038046,False,0.998861254,0.8596640753223691,True,0.9146170005538099,0.9146170005538099,0.9146170005538099,100.0,100.0,100.0,True,False,False,False
16368,229.0,True,0.0002500019036233425,0.0024170003598555923,8.300412446260452e-05,0.00012500095181167126,0.000333995558321476,6.9980830012355,7.001624995609745,False,0.9990382,0.8758955141675034,True,0.9146170005538099,0.9146170005538099,0.9146170005538099,100.0,100.0,100.0,True,False,False,False
16370,5.0,True,0.0002079978003166616,0.0030000010156072676,0.0002090018824674189,0.000166997779160738,0.0002910019247792661,3.6471250059548765,3.651541002909653,False,0.999979,0.9184417104883443,True,0.9184417104883443,0.9184417104883443,0.9184417104883443,5.0,5.0,5.0,False,False,False,False
16383,168.0,True,0.0003749955794773996,0.005083995347376913,0.0003749955794773996,0.0002079978003166616,0.0004159956006333232,7.094208005582914,7.1011670006555505,False,0.9992944,1.0,True,1.0,1.0,1.0,100.0,100.0,100.0,False,False,False,False
16393,419.0,True,0.0002090018824674189,0.003957997250836343,0.00020800507627427578,0.000166997779160738,0.00033300602808594704,6.9229579967213795,6.928333001269493,False,0.9982402,1.0,True,1.0,1.0,1.0,100.0,100.0,100.0,False,False,False,False
16429,265.38,True,0.00016700505511835217,0.001959000655915588,8.399365469813347e-05,8.400093065574765e-05,0.00037500285543501377,7.467542003723793,7.470584001566749,False,0.998885404,0.8467883148811451,True,0.9047710926081675,0.9047710926081675,0.9047710926081675,100.0,100.0,100.0,True,False,False,False
16430,12.0,True,0.0002910019247792661,0.003958004526793957,0.0002500019036233425,0.000166997779160738,0.00033299875212833285,3.5172079951735213,3.522667000652291,False,0.9999496,0.8768095937396821,True,0.8768095937396821,0.8768095937396821,0.8768095937396821,12.0,12.0,12.0,True,True,True,True
16440,244.0,True,0.0004169996827840805,0.004541005182545632,0.0002500019036233425,0.00020800507627427578,0.00033299875212833285,7.143125003494788,7.149375000153668,False,0.9989752,0.8829975474070998,True,0.9237376331502339,0.9237376331502339,0.9237376331502339,100.0,100.0,100.0,True,False,False,False
16442,356.0,True,0.0002500019036233425,0.003207998815923929,0.000166997779160738,0.00012500095181167126,0.00033400283427909017,6.830749996879604,6.835250002040993,False,0.9985048,0.9326516660271337,True,0.9797611294690362,0.9797611294690362,0.9797611294690362,100.0,100.0,100.0,False,False,False,False
16446,68.0,True,0.0002500019036233425,0.002749999111983925,0.00016700505511835217,0.000166997779160738,0.00033300602808594704,3.5489590009092353,3.5529999950085767,False,0.9997144,1.0,True,1.0,1.0,1.0,68.0,68.0,68.0,False,False,False,False
16479,454.81,True,0.00012500095181167126,0.001959000655915588,8.300412446260452e-05,8.300412446260452e-05,0.00033299875212833285,7.222874999570195,7.225916997413151,False,0.998089798,0.8172160755082514,True,0.9401831759410586,0.9401831759410586,0.9401831759410586,100.0,100.0,100.0,True,False,False,False
16481,57.13,True,0.0002500019036233425,0.0028340000426396728,0.000166997779160738,0.00012500095181167126,0.00037500285543501377,3.6332919989945367,3.6374580013216473,False,0.999760054,0.9158964832305994,True,0.9158964832305994,0.9158964832305994,0.9158964832305994,57.13,57.13,57.13,False,False,False,False
16485,19.0,True,0.000500003807246685,0.005166999471839517,0.00033300602808594704,0.00029099464882165194,0.0004169996827840805,3.7129169941181317,3.720250002515968,False,0.9999202,0.9102260409413688,True,0.9102260409413688,0.9102260409413688,0.9102260409413688,19.0,19.0,19.0,False,False,False,False
16492,25.0,True,0.0004579997039400041,0.004417001036927104,0.0002910019247792661,0.0002079978003166616,0.00037500285543501377,3.398749999178108,3.4050419999402948,False,0.999895,1.0,True,1.0,1.0,1.0,25.0,25.0,25.0,False,False,False,False
16493,300.0,True,0.0003749955794773996,0.0041669991333037615,0.0002910019247792661,0.0002090018824674189,0.000333995558321476,6.924334003997501,6.930167000973597,False,0.99874,1.0,True,1.0,1.0,1.0,100.0,100.0,100.0,False,False,False,False
16515,370.0,True,8.300412446260452e-05,0.002125001628883183,0.00012500095181167126,0.00012500095181167126,0.00033300602808594704,7.109416001185309,7.112624996807426,False,0.998446,1.0,True,1.0,1.0,1.0,100.0,100.0,100.0,False,False,False,False
16516,161.0,True,0.0003749955794773996,0.004209003236610442,0.0002090018824674189,0.000166997779160738,0.00033300602808594704,7.245749999128748,7.251499999256339,False,0.9993238,1.0,True,1.0,1.0,1.0,100.0,100.0,100.0,False,False,False,False
16526,15.0,True,0.0005420006345957518,0.005166002665646374,0.00029199873097240925,0.000166997779160738,0.0004169996827840805,3.566541003237944,3.5737079961108975,False,0.999937,1.0,True,1.0,1.0,1.0,15.0,15.0,15.0,False,False,False,False
16541,250.0,True,0.000166997779160738,0.002082997525576502,8.300412446260452e-05,8.300412446260452e-05,0.00029199873097240925,6.950083996343892,6.953208001505118,False,0.99895,1.0,True,1.0,1.0,1.0,100.0,100.0,100.0,False,False,False,False
16543,296.75,True,0.0002500019036233425,0.00291600008495152,0.000166997779160738,0.00016600097296759486,0.00033299875212833285,7.191833996330388,7.196165999630466,False,0.99875365,1.0,True,1.0,1.0,1.0,100.0,100.0,100.0,False,False,False,False
16557,28.85,True,0.00012500095181167126,0.0022090025595389307,8.400093065574765e-05,8.399365469813347e-05,0.00029200600693002343,3.648375000921078,3.651541999715846,False,0.99987883,0.954108444798132,True,0.954108444798132,0.954108444798132,0.954108444798132,28.85,28.85,28.85,False,False,False,False
16587,29.0,True,0.00033300602808594704,0.003125001967418939,0.00016600097296759486,0.00012500095181167126,0.0003749955794773996,3.6036250021425076,3.6081669968552887,False,0.9998782,1.0,True,1.0,1.0,1.0,29.0,29.0,29.0,False,False,False,False
16600,13.0,True,0.0005420006345957518,0.0046670029405504465,0.0002500019036233425,0.000166997779160738,0.00033400283427909017,3.5927500066463836,3.599207993829623,False,0.9999454,1.0,True,1.0,1.0,1.0,13.0,13.0,13.0,False,False,False,False
16623,435.79,True,0.000166997779160738,0.0020419975044205785,8.400093065574765e-05,8.400093065574765e-05,0.00033400283427909017,7.151249999878928,7.15433299774304,False,0.998169682,0.9982388675310381,True,1.0,1.0,1.0,100.0,100.0,100.0,False,False,False,False
16624,35.0,True,0.00033400283427909017,0.004333000106271356,0.0002500019036233425,0.00020899460650980473,0.00029199873097240925,3.805333995842375,3.8113330010673963,False,0.999853,0.8455229732841812,True,0.8455229732841812,0.8455229732841812,0.8455229732841812,35.0,35.0,35.0,True,True,True,True
16634,271.0,True,0.00016600097296759486,0.002458000381011516,0.00012500095181167126,0.00012500095181167126,0.00029199873097240925,7.257208999362774,7.260833001055289,False,0.9988618,1.0,True,1.0,1.0,1.0,100.0,100.0,100.0,False,False,False,False
16635,52.0,True,0.0004999965312890708,0.005041998520027846,0.00029199873097240925,0.00020899460650980473,0.00037500285543501377,3.6796659987885505,3.6867919989163056,False,0.9997816,0.877765681591866,True,0.877765681591866,0.877765681591866,0.877765681591866,52.0,52.0,52.0,True,True,True,True
16657,255.56,True,0.00012500095181167126,0.001915999746415764,0.00012500095181167126,0.000166997779160738,0.00037500285543501377,7.484166999347508,7.487167000363115,False,0.998926648,0.8342523753277731,True,0.8940181450675031,0.8940181450675031,0.8940181450675031,100.0,100.0,100.0,True,True,True,True
16672,339.13,True,0.00012500095181167126,0.001958003849722445,0.00012500095181167126,0.00012500095181167126,0.0002910019247792661,7.052000000840053,7.054959001834504,False,0.998575654,0.7759755545880597,True,0.8940181450675031,0.8940181450675031,0.8940181450675031,100.0,100.0,100.0,True,True,True,True
16685,88.6,True,0.0004169996827840805,0.004875000740867108,0.00033400283427909017,0.0002090018824674189,0.0003749955794773996,3.7246659994707443,3.7314999935915694,False,0.99962788,0.9264051838814416,True,0.9264051838814416,0.9264051838814416,0.9264051838814416,88.6,88.6,88.6,False,False,False,False
16687,377.0,True,0.0002090018824674189,0.0031669987947680056,0.0002079978003166616,0.00016599369700998068,0.00033299875212833285,7.356166999670677,7.360707997577265,False,0.9984166,0.8949819479098587,True,0.9609244451109185,0.9609244451109185,0.9609244451109185,100.0,100.0,100.0,True,False,False,False
16698,10.0,True,0.00016700505511835217,0.0022089952835813165,0.00012500095181167126,0.00012500095181167126,0.00029200600693002343,3.7614579996443354,3.764708999369759,False,0.999958,0.8165451411862791,True,0.8165451411862791,0.8165451411862791,0.8165451411862791,10.0,10.0,10.0,True,True,True,True
16703,342.0,True,0.000166997779160738,0.002416003553662449,8.300412446260452e-05,0.00012500095181167126,0.00033300602808594704,7.122084003640339,7.125541997083928,False,0.9985636,1.0,True,1.0,1.0,1.0,100.0,100.0,100.0,False,False,False,False
16715,400.0,True,0.00012500095181167126,0.0022500025806948543,8.400093065574765e-05,0.00012500095181167126,0.00029199873097240925,7.249457994475961,7.252667004649993,False,0.99832,0.7399335040450926,True,0.9047710926081675,0.9047710926081675,0.9047710926081675,100.0,100.0,100.0,True,False,False,False
16716,177.5,True,0.0002910019247792661,0.003749999450519681,0.0002079978003166616,0.00016600097296759486,0.00029199873097240925,6.970458998694085,6.97566699818708,False,0.9992545,1.0,True,1.0,1.0,1.0,100.0,100.0,100.0,False,False,False,False
16720,20.0,True,0.0002079978003166616,0.002583001332823187,0.00016600097296759486,0.00020800507627427578,0.0003749955794773996,3.5062919996562414,3.5102499969070777,False,0.999916,1.0,True,1.0,1.0,1.0,20.0,20.0,20.0,False,False,False,False
16735,300.0,True,0.00012500095181167126,0.0020830048015341163,0.00012500095181167126,0.00012500095181167126,0.000333995558321476,7.239833001221996,7.243041996844113,False,0.99874,1.0,True,1.0,1.0,1.0,100.0,100.0,100.0,False,False,False,False
16773,2.0,True,0.0002079978003166616,0.0023750035325065255,0.00012500095181167126,0.00016700505511835217,0.0002910019247792661,3.627749996667262,3.631292005593423,False,0.9999916,1.0,True,1.0,1.0,1.0,2.0,2.0,2.0,False,False,False,False
16806,479.08,True,0.00012500095181167126,0.002124994352925569,8.299684850499034e-05,8.299684850499034e-05,0.00029200600693002343,7.1079170011216775,7.11099999898579,False,0.997987864,1.0,True,1.0,1.0,1.0,100.0,100.0,100.0,False,False,False,False
16807,34.48,True,0.00037500285543501377,0.0038750004023313522,0.000166997779160738,0.000166997779160738,0.00033300602808594704,3.49383400316583,3.4991659995284863,False,0.999855184,1.0,True,1.0,1.0,1.0,34.48,34.48,34.48,False,False,False,False
16810,7.0,True,0.00029199873097240925,0.00316700607072562,0.0002079978003166616,0.00016600097296759486,0.0004169996827840805,3.7276250004651956,3.732416000275407,False,0.9999706,0.878330468220315,True,0.878330468220315,0.878330468220315,0.878330468220315,7.0,7.0,7.0,True,True,True,True
16817,658.2,True,0.0002090018824674189,0.0032089956221170723,0.00016700505511835217,0.00016600097296759486,0.00037500285543501377,7.004749997577164,7.009332999587059,False,0.99723556,1.0,True,1.0,1.0,1.0,100.0,100.0,100.0,False,False,False,False
16818,15.0,True,0.00033400283427909017,0.0037919962778687477,0.00029099464882165194,0.000166997779160738,0.00029199873097240925,3.5090409946860746,3.5143749992130324,False,0.999937,0.9421471573355509,True,0.9421471573355509,0.9421471573355509,0.9421471573355509,15.0,15.0,15.0,False,False,False,False
16850,10.0,True,0.00012499367585405707,0.001957996573764831,8.299684850499034e-05,8.400093065574765e-05,0.00037500285543501377,3.7214159965515137,3.724333000718616,False,0.999958,0.9892295877069117,True,0.9892295877069117,0.9892295877069117,0.9892295877069117,10.0,10.0,10.0,False,False,False,False
16860,6.0,True,0.00012500095181167126,0.0023339962353929877,8.400093065574765e-05,0.00012500095181167126,0.0002500019036233425,3.786749999562744,3.7900000024819747,False,0.9999748,0.9182483897110607,True,0.9182483897110607,0.9182483897110607,0.9182483897110607,6.0,6.0,6.0,False,False,False,False
16870,340.0,True,0.00012500095181167126,0.0023749962565489113,0.00012500095181167126,0.00012499367585405707,0.00029199873097240925,7.035041002382059,7.038582996756304,False,0.998572,1.0,True,1.0,1.0,1.0,100.0,100.0,100.0,False,False,False,False
16878,288.13,True,0.00016600097296759486,0.0023329994291998446,8.299684850499034e-05,0.00012500095181167126,0.0002910019247792661,7.007000000157859,7.010332999925595,False,0.998789854,1.0,True,1.0,1.0,1.0,100.0,100.0,100.0,False,False,False,False
16886,305.42,True,0.00016600097296759486,0.0020419975044205785,8.299684850499034e-05,8.299684850499034e-05,0.00029199873097240925,6.80537500011269,6.808541998907458,False,0.998717236,1.0,True,1.0,1.0,1.0,100.0,100.0,100.0,False,False,False,False
16896,364.0,True,0.000166997779160738,0.0020840016077272594,8.400093065574765e-05,8.400093065574765e-05,0.00029199873097240925,7.489708994398825,7.492749995435588,False,0.9984712,0.8636224673729075,True,0.9401831759410586,0.9401831759410586,0.9401831759410586,100.0,100.0,100.0,True,False,False,False
16897,51.0,True,0.000333995558321476,0.003583998477552086,0.0002090018824674189,0.00012500095181167126,0.00033299875212833285,3.652624996902887,3.657708002720028,False,0.9997858,1.0,True,1.0,1.0,1.0,51.0,51.0,51.0,False,False,False,False
16909,45.0,True,8.400093065574765e-05,0.0022079984773881733,8.299684850499034e-05,0.00012500095181167126,0.0003749955794773996,3.694291001011152,3.6976249975850806,False,0.999811,0.8799602541636882,True,0.8799602541636882,0.8799602541636882,0.8799602541636882,45.0,45.0,45.0,True,True,True,True
16917,356.0,True,0.00016600097296759486,0.002291999408043921,8.400093065574765e-05,0.00012500095181167126,0.00033299875212833285,7.448999996995553,7.452416997693945,False,0.9985048,0.7559544155290754,True,0.8940181450675031,0.8940181450675031,0.8940181450675031,100.0,100.0,100.0,True,True,True,True
16938,40.0,True,0.00029200600693002343,0.003082997864112258,0.000166997779160738,0.00012500095181167126,0.00033400283427909017,3.6922500003129244,3.696874999150168,False,0.999832,1.0,True,1.0,1.0,1.0,40.0,40.0,40.0,False,False,False,False
16959,353.43,True,0.00033400283427909017,0.004916997568216175,0.00029199873097240925,0.00020800507627427578,0.00037500285543501377,7.5774169963551685,7.584124999993946,False,0.998515594,0.7594656405367421,True,0.8940181450675031,0.8940181450675031,0.8940181450675031,100.0,100.0,100.0,True,True,True,True
16960,128.0,True,0.0005830006557516754,0.004832996637560427,0.0002910019247792661,0.00024999462766572833,0.00029099464882165194,6.922332999238279,6.929166003828868,False,0.9994624,1.0,True,1.0,1.0,1.0,100.0,100.0,100.0,False,False,False,False
17004,315.95,True,0.00016600097296759486,0.001959000655915588,8.399365469813347e-05,8.400093065574765e-05,0.00037500285543501377,7.049125000776257,7.052125001791865,False,0.99867301,1.0,True,1.0,1.0,1.0,100.0,100.0,100.0,False,False,False,False
17009,409.0,True,0.00016599369700998068,0.0025420013116672635,8.400093065574765e-05,0.00012500095181167126,0.00033299875212833285,6.9770409972989,6.980750004004221,False,0.9982822,1.0,True,1.0,1.0,1.0,100.0,100.0,100.0,False,False,False,False
17011,142.0,True,0.0004169996827840805,0.004499997885432094,0.0002500019036233425,0.0002090018824674189,0.00029199873097240925,7.10274999437388,7.109041995136067,False,0.9994036,0.9133064741934557,True,0.9237376331502339,0.9237376331502339,0.9237376331502339,100.0,100.0,100.0,False,False,False,False
17023,104.0,True,0.0004590037860907614,0.004749999789055437,0.00029099464882165194,0.000166997779160738,0.00033400283427909017,6.974083997192793,6.980666999879759,False,0.9995632,1.0,True,1.0,1.0,1.0,100.0,100.0,100.0,False,False,False,False
17051,56.0,True,0.00012500095181167126,0.0018339997041039169,0.00012500095181167126,8.299684850499034e-05,0.00024999462766572833,3.498082995065488,3.5007500046049245,False,0.9997648,0.8365028966345495,True,0.8365028966345495,0.8365028966345495,0.8365028966345495,56.0,56.0,56.0,True,True,True,True
17072,38.75,True,0.000166997779160738,0.0020419975044205785,8.299684850499034e-05,8.299684850499034e-05,0.00029199873097240925,3.679124994960148,3.682082999148406,False,0.99983725,1.0,True,1.0,1.0,1.0,38.75,38.75,38.75,False,False,False,False
17077,4.0,True,0.00037500285543501377,0.004792003892362118,0.00033299875212833285,0.0002500019036233425,0.00037500285543501377,3.575041002477519,3.5817500029224902,False,0.9999832,0.9895570341561575,True,0.9895570341561575,0.9895570341561575,0.9895570341561575,4.0,4.0,4.0,False,False,False,False
17096,504.44,True,0.00016600097296759486,0.0020000006770715117,8.300412446260452e-05,0.00012500095181167126,0.00033400283427909017,6.96845800121082,6.971625000005588,False,0.997881352,1.0,True,1.0,1.0,1.0,100.0,100.0,100.0,False,False,False,False
17098,85.0,True,0.0004169996827840805,0.00504200579598546,0.00033299875212833285,0.0002079978003166616,0.00037500285543501377,3.590833002817817,3.597791997890454,False,0.999643,1.0,True,1.0,1.0,1.0,85.0,85.0,85.0,False,False,False,False
17103,412.0,True,0.00012500095181167126,0.0024579931050539017,8.400093065574765e-05,0.000166997779160738,0.00033299875212833285,6.908540999575052,6.912083001225255,False,0.9982696,1.0,True,1.0,1.0,1.0,100.0,100.0,100.0,False,False,False,False
17104,128.0,True,0.000333995558321476,0.0036249984987080097,0.0002079978003166616,0.00012500095181167126,0.00029200600693002343,6.692875002045184,6.697875003737863,False,0.9994624,1.0,True,1.0,1.0,1.0,100.0,100.0,100.0,False,False,False,False
17118,332.0,True,0.00016600097296759486,0.001958003849722445,8.300412446260452e-05,0.00012499367585405707,0.00029199873097240925,7.076374997268431,7.079375005559996,False,0.9986056,1.0,True,1.0,1.0,1.0,100.0,100.0,100.0,False,False,False,False
17119,37.0,True,0.0003749955794773996,0.004374996933620423,0.00024999462766572833,0.0002079978003166616,0.00033299875212833285,3.5172079951735213,3.5232500013080426,False,0.9998446,1.0,True,1.0,1.0,1.0,37.0,37.0,37.0,False,False,False,False
17155,301.0,True,0.00012500095181167126,0.0021660016500391066,0.00012500095181167126,8.300412446260452e-05,0.0002500019036233425,7.249667003634386,7.252750001498498,False,0.9987358,0.9838365487515017,True,0.9999196673918644,0.9999196673918644,0.9999196673918644,100.0,100.0,100.0,False,False,False,False
17156,24.0,True,0.00033299875212833285,0.003916000423487276,0.000166997779160738,0.000166997779160738,0.00033299875212833285,3.5757500008912757,3.5812080022878945,False,0.9998992,1.0,True,1.0,1.0,1.0,24.0,24.0,24.0,False,False,False,False
17162,14.0,True,0.0002079978003166616,0.0025419940357096493,0.00012500095181167126,0.00016700505511835217,0.00033299875212833285,3.726249997271225,3.7299169998732395,False,0.9999412,1.0,True,1.0,1.0,1.0,14.0,14.0,14.0,False,False,False,False
17166,386.0,True,0.00012500095181167126,0.002792003215290606,0.00012500095181167126,0.00020899460650980473,0.00033400283427909017,7.083124997734558,7.0871670031920075,False,0.9983788,1.0,True,1.0,1.0,1.0,100.0,100.0,100.0,False,False,False,False
17168,3.0,True,0.00024999462766572833,0.0031669987947680056,0.00012500095181167126,0.00012500095181167126,0.00033300602808594704,3.8857500039739534,3.890249994583428,False,0.9999874,1.0,True,1.0,1.0,1.0,3.0,3.0,3.0,False,False,False,False
17169,210.0,True,0.0004169996827840805,0.004542001988738775,0.00029199873097240925,0.0002500019036233425,0.00029199873097240925,7.279083001776598,7.285500003490597,False,0.999118,1.0,True,1.0,1.0,1.0,100.0,100.0,100.0,False,False,False,False
17172,5.0,True,0.0002090018824674189,0.0026670022634789348,0.00012500095181167126,0.00012500095181167126,0.00033300602808594704,3.7096250016475096,3.713458005222492,False,0.999979,1.0,True,1.0,1.0,1.0,5.0,5.0,5.0,False,False,False,False
17276,10.0,True,8.299684850499034e-05,0.0018330028979107738,8.300412446260452e-05,8.300412446260452e-05,0.00033299875212833285,3.639041999122128,3.6418750023585744,False,0.999958,1.0,True,1.0,1.0,1.0,10.0,10.0,10.0,False,False,False,False
17282,275.0,True,0.0002079978003166616,0.002624998160172254,0.00016600097296759486,0.00012500095181167126,0.00033299875212833285,7.644416997209191,7.648374994460028,False,0.998845,0.7430600319246417,True,0.8610658335900354,0.8610658335900354,0.8610658335900354,100.0,100.0,100.0,True,True,True,True
17283,46.75,True,0.0004590037860907614,0.00441699376096949,0.0002500019036233425,0.0002079978003166616,0.00033299875212833285,3.8080829981481656,3.81429199478589,False,0.99980365,0.7946282122686468,True,0.7946282122686468,0.7946282122686468,0.7946282122686468,46.75,46.75,46.75,True,True,True,True
17284,263.0,True,0.00033299875212833285,0.013666001905221492,0.0002500019036233425,0.00024999462766572833,0.00029199873097240925,7.440165994921699,7.45558299968252,False,0.9988954,0.8992345892682743,True,0.9401831759410586,0.9401831759410586,0.9401831759410586,100.0,100.0,100.0,True,False,False,False
17288,262.08,True,0.0002500019036233425,0.002540997229516506,0.00012500095181167126,0.00012500095181167126,0.0002500019036233425,7.2431250009685755,7.246875000419095,False,0.998899264,0.9867174954772726,True,0.9992122092123257,0.9992122092123257,0.9992122092123257,100.0,100.0,100.0,False,False,False,False
17293,315.0,True,0.00024999462766572833,0.0024999972083605826,0.00012500095181167126,0.00012500095181167126,0.0003749955794773996,6.829707999713719,6.833457999164239,False,0.998677,0.9820180362227198,True,0.9999196673918644,0.9999196673918644,0.9999196673918644,100.0,100.0,100.0,False,False,False,False
17320,4.0,True,0.000166997779160738,0.0022500025806948543,0.00016700505511835217,0.00012499367585405707,0.00029199873097240925,3.629917002399452,3.6332500021671876,False,0.9999832,0.8918809919941931,True,0.8918809919941931,0.8918809919941931,0.8918809919941931,4.0,4.0,4.0,True,True,True,True
17361,49.0,True,0.0004999965312890708,0.00483399344375357,0.00033299875212833285,0.00016700505511835217,0.0003749955794773996,3.5449579954729415,3.551750000042375,False,0.9997942,1.0,True,1.0,1.0,1.0,49.0,49.0,49.0,False,False,False,False
17370,251.77,True,0.00037500285543501377,0.004499997885432094,0.0002500019036233425,0.000166997779160738,0.00029099464882165194,6.867083000543062,6.873291997180786,False,0.998942566,1.0,True,1.0,1.0,1.0,100.0,100.0,100.0,False,False,False,False
17371,39.93,True,0.0004159956006333232,0.004458001058083028,0.0002500019036233425,0.00020800507627427578,0.0002910019247792661,3.5719169973162934,3.5780839971266687,False,0.999832294,0.9288719459490498,True,0.9288719459490498,0.9288719459490498,0.9288719459490498,39.93,39.93,39.93,False,False,False,False
17384,299.0,True,0.00016700505511835217,0.0022079984773881733,0.00012500095181167126,8.299684850499034e-05,0.00033299875212833285,7.096291999914683,7.09958300285507,False,0.9987442,1.0,True,1.0,1.0,1.0,100.0,100.0,100.0,False,False,False,False
17385,39.67,True,0.0004999965312890708,0.005333997251000255,0.00033300602808594704,0.00024999462766572833,0.00037500285543501377,3.6553329991875216,3.6626250002882443,False,0.999833386,0.8879156848659153,True,0.8879156848659153,0.8879156848659153,0.8879156848659153,39.67,39.67,39.67,True,True,True,True
17398,208.78,True,0.0004579997039400041,0.004832996637560427,0.0002910019247792661,0.00029199873097240925,0.00037500285543501377,6.998124998062849,7.004833001701627,False,0.999123124,1.0,True,1.0,1.0,1.0,100.0,100.0,100.0,False,False,False,False
17399,366.08,True,0.0002500019036233425,0.003999994078185409,0.0002090018824674189,0.0002090018824674189,0.00029199873097240925,7.019333002972417,7.024749997071922,False,0.998462464,1.0,True,1.0,1.0,1.0,100.0,100.0,100.0,False,False,False,False
17400,129.94,True,0.000333995558321476,0.003749999450519681,0.0002079978003166616,0.00012500095181167126,0.00033299875212833285,7.11175000469666,7.117082997865509,False,0.999454252,0.9987057258829407,True,0.9999196673918644,0.9999196673918644,0.9999196673918644,100.0,100.0,100.0,False,False,False,False
17405,193.0,True,0.0004579997039400041,0.004749999789055437,0.00024999462766572833,0.0002500019036233425,0.00033299875212833285,6.886082999699283,6.892708996019792,False,0.9991894,1.0,True,1.0,1.0,1.0,100.0,100.0,100.0,False,False,False,False
17412,65.0,True,0.00020899460650980473,0.002625005436129868,0.000166997779160738,0.00016700505511835217,0.00033299875212833285,3.565790997527074,3.5696249979082495,False,0.999727,1.0,True,1.0,1.0,1.0,65.0,65.0,65.0,False,False,False,False
17415,404.0,True,0.000166997779160738,0.0026659981813281775,0.00016700505511835217,0.00012500095181167126,0.00029199873097240925,7.012874993961304,7.016625000687782,False,0.9983032,1.0,True,1.0,1.0,1.0,100.0,100.0,100.0,False,False,False,False
17416,50.0,True,0.00029199873097240925,0.003749999450519681,0.0002090018824674189,0.000166997779160738,0.00029199873097240925,3.4972499997820705,3.5025000033783726,False,0.99979,1.0,True,1.0,1.0,1.0,50.0,50.0,50.0,False,False,False,False
17428,350.0,True,0.00016600097296759486,0.002082997525576502,8.300412446260452e-05,0.00012500095181167126,0.00033300602808594704,7.269000001542736,7.272124996234197,False,0.99853,0.8692783298285994,True,0.9401831759410586,0.9401831759410586,0.9401831759410586,100.0,100.0,100.0,True,False,False,False
17430,500.0,True,0.00029199873097240925,0.0048340007197111845,0.00029199873097240925,0.0002090018824674189,0.00033400283427909017,7.025792001513764,7.032333000097424,False,0.9979,1.0,True,1.0,1.0,1.0,100.0,100.0,100.0,False,False,False,False
17432,50.0,True,0.00029199873097240925,0.0031669987947680056,0.00016700505511835217,0.0002079978003166616,0.00037500285543501377,3.48166700132424,3.4863750042859465,False,0.99979,1.0,True,1.0,1.0,1.0,50.0,50.0,50.0,False,False,False,False
17458,278.06,True,0.00012500095181167126,0.0019999934011138976,8.299684850499034e-05,8.299684850499034e-05,0.00033299875212833285,7.607040999573655,7.610083004692569,False,0.998832148,0.8218977146216129,True,0.8940181450675031,0.8940181450675031,0.8940181450675031,100.0,100.0,100.0,True,True,True,True
17474,370.0,True,0.00016600097296759486,0.0021669984562322497,0.00012500095181167126,8.299684850499034e-05,0.00029199873097240925,6.751542001438793,6.754708003427368,False,0.998446,1.0,True,1.0,1.0,1.0,100.0,100.0,100.0,False,False,False,False
17475,76.43,True,0.00029199873097240925,0.003417000698391348,0.00024999462766572833,0.00016700505511835217,0.00033299875212833285,3.4109589978470467,3.415832994505763,False,0.999678994,1.0,True,1.0,1.0,1.0,76.43,76.43,76.43,False,False,False,False
17480,66.0,True,0.000166997779160738,0.0025000044843181968,0.00012500095181167126,0.000166997779160738,0.0002910019247792661,3.6567499992088415,3.660332993604243,False,0.9997228,0.873164329330203,True,0.873164329330203,0.873164329330203,0.873164329330203,66.0,66.0,66.0,True,True,True,True
17491,31.0,True,0.0004999965312890708,0.004624998837243766,0.0002910019247792661,0.00024999462766572833,0.0004159956006333232,3.6769159996765666,3.683458002342377,False,0.9998698,1.0,True,1.0,1.0,1.0,31.0,31.0,31.0,False,False,False,False
17516,363.36,True,0.00016700505511835217,0.0022089952835813165,0.00012500095181167126,0.000166997779160738,0.00033400283427909017,6.931083000381477,6.9344580042525195,False,0.998473888,1.0,True,1.0,1.0,1.0,100.0,100.0,100.0,False,False,False,False
17517,363.36,True,0.0002500019036233425,0.0034580007195472717,0.0002079978003166616,0.00016700505511835217,0.00024999462766572833,6.872041994938627,6.876833002024796,False,0.998473888,0.9773868833602538,True,1.0,1.0,1.0,100.0,100.0,100.0,False,False,False,False
17518,2.0,True,0.0003749955794773996,0.0037080026231706142,0.00016600097296759486,0.00016600097296759486,0.00037500285543501377,3.4952910064021125,3.500708000501618,False,0.9999916,0.8982761914097772,True,0.8982761914097772,0.8982761914097772,0.8982761914097772,2.0,2.0,2.0,True,True,True,True
17521,87.1,True,0.0005410038284026086,0.005540998245123774,0.00037500285543501377,0.0002910019247792661,0.00037500285543501377,3.830666006251704,3.838292002910748,False,0.99963418,0.8582964471680139,True,0.8582964471680139,0.8582964471680139,0.8582964471680139,87.1,87.1,87.1,True,True,True,True
17535,228.0,True,0.00016700505511835217,0.0020830048015341163,8.299684850499034e-05,0.00012500095181167126,0.000333995558321476,7.462458001100458,7.465624999895226,False,0.9990424,0.9354662016259734,True,0.9609244451109185,0.9609244451109185,0.9609244451109185,100.0,100.0,100.0,False,False,False,False
17537,20.0,True,0.0002500019036233425,0.0030410010367631912,0.00024999462766572833,0.00016700505511835217,0.00037500285543501377,3.70558299619006,3.7102080023032613,False,0.999916,0.8111299483046329,True,0.8111299483046329,0.8111299483046329,0.8111299483046329,20.0,20.0,20.0,True,True,True,True
17538,296.0,True,0.00033299875212833285,0.0037909994716756046,0.00020800507627427578,0.00012500095181167126,0.00033300602808594704,6.722124999214429,6.7274160028318875,False,0.9987568,1.0,True,1.0,1.0,1.0,100.0,100.0,100.0,False,False,False,False
17539,16.0,True,0.00033300602808594704,0.0038750004023313522,0.0002500019036233425,0.0002090018824674189,0.00029199873097240925,3.8414169976022094,3.846833002171479,False,0.9999328,0.8247175239706088,True,0.8247175239706088,0.8247175239706088,0.8247175239706088,16.0,16.0,16.0,True,True,True,True
17541,350.0,True,0.00024999462766572833,0.003207998815923929,0.00016700505511835217,0.000166997779160738,0.00033300602808594704,6.931625001016073,6.936249999853317,False,0.99853,1.0,True,1.0,1.0,1.0,100.0,100.0,100.0,False,False,False,False
17542,50.0,True,0.0004160028765909374,0.004290996002964675,0.0002500019036233425,0.0002079978003166616,0.00029199873097240925,3.538416000083089,3.5443750020931475,False,0.99979,1.0,True,1.0,1.0,1.0,50.0,50.0,50.0,False,False,False,False
17586,583.19,True,0.00016700505511835217,0.002124994352925569,8.299684850499034e-05,8.299684850499034e-05,0.00029199873097240925,7.017957999778446,7.021083001745865,False,0.997550602,0.9996872085471193,True,1.0,1.0,1.0,100.0,100.0,100.0,False,False,False,False
17587,41.76,True,0.00033400283427909017,0.004041001375298947,0.0002500019036233425,0.00020800507627427578,0.00033299875212833285,3.7352080034906976,3.7409169963211752,False,0.999824608,0.8595182233141275,True,0.8595182233141275,0.8595182233141275,0.8595182233141275,41.76,41.76,41.76,True,True,True,True
17592,114.67,True,0.0004579997039400041,0.0049579975893720984,0.00029200600693002343,0.00020899460650980473,0.00033400283427909017,6.83454200043343,6.84124999679625,False,0.999518386,1.0,True,1.0,1.0,1.0,100.0,100.0,100.0,False,False,False,False
17598,200.0,True,0.0004590037860907614,0.00470800296170637,0.0002500019036233425,0.00024999462766572833,0.00033299875212833285,7.084999997459818,7.091625004250091,False,0.99916,1.0,True,1.0,1.0,1.0,100.0,100.0,100.0,False,False,False,False
17601,40.0,True,0.00024999462766572833,0.002458000381011516,0.00016600097296759486,0.000166997779160738,0.0002500019036233425,3.508374997181818,3.512040995701682,False,0.999832,0.9520493289200284,True,0.9520493289200284,0.9520493289200284,0.9520493289200284,40.0,40.0,40.0,False,False,False,False
17616,265.0,True,0.0002079978003166616,0.0026659981813281775,0.00012500095181167126,0.000166997779160738,0.00033299875212833285,7.124457995814737,7.12845799716888,False,0.998887,1.0,True,1.0,1.0,1.0,100.0,100.0,100.0,False,False,False,False
17618,22.0,True,0.00020800507627427578,0.003125001967418939,0.00016600097296759486,0.000166997779160738,0.000333995558321476,3.5587919992394745,3.5632500002975576,False,0.9999076,0.8804192007652121,True,0.8804192007652121,0.8804192007652121,0.8804192007652121,22.0,22.0,22.0,True,True,True,True
17628,350.0,True,0.00012500095181167126,0.0021669984562322497,0.00012500095181167126,0.000166997779160738,0.0002500019036233425,6.966291002754588,6.969540998397861,False,0.99853,1.0,True,1.0,1.0,1.0,100.0,100.0,100.0,False,False,False,False
17629,88.0,True,0.00033299875212833285,0.0036249984987080097,0.000166997779160738,0.00020800507627427578,0.00037500285543501377,3.374291001819074,3.379458998097107,False,0.9996304,1.0,True,1.0,1.0,1.0,88.0,88.0,88.0,False,False,False,False
17652,495.0,True,0.00012500095181167126,0.0020419975044205785,8.300412446260452e-05,0.00012500095181167126,0.00029199873097240925,6.9237499992595986,6.926750000275206,False,0.997921,1.0,True,1.0,1.0,1.0,100.0,100.0,100.0,False,False,False,False
17653,40.0,True,0.00033299875212833285,0.0038750004023313522,0.000166997779160738,0.00012500095181167126,0.0002500019036233425,3.761125000892207,3.766375004488509,False,0.999832,0.799121529512174,True,0.799121529512174,0.799121529512174,0.799121529512174,40.0,40.0,40.0,True,True,True,True
17656,347.14,True,0.000166997779160738,0.0025000044843181968,0.00012500095181167126,0.00012500095181167126,0.0002910019247792661,6.823374998930376,6.826958000601735,False,0.998542012,1.0,True,1.0,1.0,1.0,100.0,100.0,100.0,False,False,False,False
17660,40.0,True,0.00016599369700998068,0.0023329994291998446,0.00012500095181167126,0.00020899460650980473,0.00033400283427909017,3.6653749994002283,3.668958001071587,False,0.999832,0.8601584459009197,True,0.8601584459009197,0.8601584459009197,0.8601584459009197,40.0,40.0,40.0,True,True,True,True
17672,771.0,True,0.0002079978003166616,0.0023749962565489113,8.400093065574765e-05,0.00012500095181167126,0.00029199873097240925,7.167959003709257,7.171417004428804,False,0.9967618,0.8956356841911546,True,1.0,1.0,1.0,100.0,100.0,100.0,True,False,False,False
17673,310.26,True,0.0004169996827840805,0.004583998816087842,0.0002500019036233425,0.000166997779160738,0.00029199873097240925,6.927125003130641,6.933374999789521,False,0.998696908,1.0,True,1.0,1.0,1.0,100.0,100.0,100.0,False,False,False,False
17677,5.0,True,0.0004590037860907614,0.0049579975893720984,0.0002910019247792661,0.0002500019036233425,0.00033299875212833285,3.707625000970438,3.71445799828507,False,0.999979,0.8569706149066126,True,0.8569706149066126,0.8569706149066126,0.8569706149066126,5.0,5.0,5.0,True,True,True,True
17693,255.0,True,0.0004999965312890708,0.004708999767899513,0.0002500019036233425,0.0002500019036233425,0.00037500285543501377,7.347207996645011,7.353916000283789,False,0.998929,0.8791854956558569,True,0.9237376331502339,0.9237376331502339,0.9237376331502339,100.0,100.0,100.0,True,False,False,False
17698,44.0,True,0.00020800507627427578,0.0024999972083605826,0.00016700505511835217,0.00012500095181167126,0.00029199873097240925,3.650165999715682,3.65383399912389,False,0.9998152,0.8663229819474267,True,0.8663229819474267,0.8663229819474267,0.8663229819474267,44.0,44.0,44.0,True,True,True,True
17718,280.0,True,0.00016600097296759486,0.002083994331769645,8.400093065574765e-05,8.400093065574765e-05,0.00037500285543501377,7.261165999807417,7.264333005878143,False,0.998824,0.9312189326162356,True,0.9667758969914794,0.9667758969914794,0.9667758969914794,100.0,100.0,100.0,False,False,False,False
17725,17.0,True,0.00020800507627427578,0.002416003553662449,8.299684850499034e-05,0.00012500095181167126,0.00033299875212833285,3.731999997398816,3.73550000222167,False,0.9999286,0.8752411170273151,True,0.8752411170273151,0.8752411170273151,0.8752411170273151,17.0,17.0,17.0,True,True,True,True
17773,336.7,True,8.299684850499034e-05,0.0020000006770715117,8.299684850499034e-05,0.00012500095181167126,0.000333995558321476,6.932124997547362,6.935125005838927,False,0.99858586,1.0,True,1.0,1.0,1.0,100.0,100.0,100.0,False,False,False,False
17785,460.0,True,0.00016600097296759486,0.0022079984773881733,8.300412446260452e-05,0.00012500095181167126,0.00033299875212833285,7.717250002315268,7.720542002061848,False,0.998068,1.0,True,1.0,1.0,1.0,100.0,100.0,100.0,False,False,False,False
17786,120.0,True,0.00033299875212833285,0.004125002305954695,0.00020800507627427578,0.00016700505511835217,0.0003749955794773996,7.0139170056791045,7.019707998551894,False,0.999496,1.0,True,1.0,1.0,1.0,100.0,100.0,100.0,False,False,False,False
17803,1059.87,True,0.0002090018824674189,0.0020419975044205785,0.00012500095181167126,8.299684850499034e-05,0.00029199873097240925,7.172167002863716,7.175332997576334,False,0.995548546,0.9203371409881577,True,1.0,1.0,1.0,100.0,100.0,100.0,False,False,False,False
17804,192.68,True,0.00037500285543501377,0.0036659985198639333,0.0002079978003166616,0.00016700505511835217,0.00029199873097240925,7.577124997624196,7.582291997096036,False,0.999190744,0.7756802278295413,True,0.8355857541854383,0.8355857541854383,0.8355857541854383,100.0,100.0,100.0,True,True,True,True
17810,912.43,True,0.000166997779160738,0.00224999530473724,8.299684850499034e-05,0.00012499367585405707,0.00033300602808594704,6.869042001198977,6.872332996863406,False,0.996167794,0.9603471643774125,True,1.0,1.0,1.0,100.0,100.0,100.0,False,False,False,False
17811,196.0,True,0.00029199873097240925,0.0038750004023313522,0.0002079978003166616,0.000166997779160738,0.00029099464882165194,6.977500001084991,6.982708000577986,False,0.9991768,1.0,True,1.0,1.0,1.0,100.0,100.0,100.0,False,False,False,False
17816,13.0,True,0.00020800507627427578,0.002540997229516506,0.00012500095181167126,0.00016600097296759486,0.0002910019247792661,3.512791001412552,3.5164580040145665,False,0.9999454,1.0,True,1.0,1.0,1.0,13.0,13.0,13.0,False,False,False,False
17818,425.0,True,0.00020800507627427578,0.0029579969123005867,0.0002079978003166616,0.000166997779160738,0.00029200600693002343,7.070749998092651,7.074916997225955,False,0.998215,0.9641239946658605,True,0.9999196673918644,0.9999196673918644,0.9999196673918644,100.0,100.0,100.0,False,False,False,False
17827,18.0,True,0.0002090018824674189,0.0022500025806948543,0.00012500095181167126,0.00012500095181167126,0.0004160028765909374,3.656540997326374,3.659959002106916,False,0.9999244,0.9336346156783099,True,0.9336346156783099,0.9336346156783099,0.9336346156783099,18.0,18.0,18.0,False,False,False,False
17834,234.0,True,0.000166997779160738,0.00224999530473724,0.00012500095181167126,0.00012499367585405707,0.00029199873097240925,7.0074159957584925,7.0108750005601905,False,0.9990172,1.0,True,1.0,1.0,1.0,100.0,100.0,100.0,False,False,False,False
17841,9.0,True,0.0003749955794773996,0.0036249984987080097,0.0002079978003166616,0.00016700505511835217,0.000333995558321476,3.6450409970711917,3.650250000646338,False,0.9999622,0.9568836761115403,True,0.9568836761115403,0.9568836761115403,0.9568836761115403,9.0,9.0,9.0,False,False,False,False
17865,250.0,True,8.299684850499034e-05,0.0020000006770715117,0.00012500095181167126,8.400093065574765e-05,0.0002500019036233425,7.448666998243425,7.451666999259032,False,0.99895,0.792040145205902,True,0.8684136752395771,0.8684136752395771,0.8684136752395771,100.0,100.0,100.0,True,True,True,True
17867,53.58,True,0.00024999462766572833,0.0030419978429563344,0.0002090018824674189,0.000166997779160738,0.0002910019247792661,3.571249995729886,3.57566599996062,False,0.999774964,1.0,True,1.0,1.0,1.0,53.58,53.58,53.58,False,False,False,False
17868,262.0,True,0.00029199873097240925,0.003749999450519681,0.0002090018824674189,0.00012500095181167126,0.0002910019247792661,7.458457999746315,7.463624999218155,False,0.9988996,0.781752165301323,True,0.8684136752395771,0.8684136752395771,0.8684136752395771,100.0,100.0,100.0,True,True,True,True
17877,3.0,True,0.0004590037860907614,0.0049579975893720984,0.00029099464882165194,0.0002079978003166616,0.00029200600693002343,3.829875000519678,3.83670799783431,False,0.9999874,0.9361848326620372,True,0.9361848326620372,0.9361848326620372,0.9361848326620372,3.0,3.0,3.0,False,False,False,False
17883,343.0,True,0.000166997779160738,0.0022909953258931637,8.299684850499034e-05,0.00012500095181167126,0.00033299875212833285,7.157540996558964,7.1609169972362,False,0.9985594,1.0,True,1.0,1.0,1.0,100.0,100.0,100.0,False,False,False,False
17884,83.74,True,0.0004999965312890708,0.005000001692678779,0.00029199873097240925,0.0002090018824674189,0.000333995558321476,3.5415420061326586,3.5484170002746396,False,0.999648292,0.9186647706520644,True,0.9186647706520644,0.9186647706520644,0.9186647706520644,83.74,83.74,83.74,False,False,False,False
17909,292.0,True,8.400093065574765e-05,0.0018330028979107738,0.00012500095181167126,0.00012500095181167126,0.000333995558321476,7.460209002601914,7.463041998562403,False,0.9987736,0.7454713677961291,True,0.8684136752395771,0.8684136752395771,0.8684136752395771,100.0,100.0,100.0,True,True,True,True
17912,26.0,True,0.0002079978003166616,0.002540997229516506,8.299684850499034e-05,0.000166997779160738,0.00029199873097240925,3.749458999664057,3.75316699501127,False,0.9998908,1.0,True,1.0,1.0,1.0,26.0,26.0,26.0,False,False,False,False
17914,26.0,True,0.00037500285543501377,0.004333000106271356,0.00020800507627427578,0.000166997779160738,0.0004169996827840805,3.6642920022131875,3.6702500001410954,False,0.9998908,0.8077071409957758,True,0.8077071409957758,0.8077071409957758,0.8077071409957758,26.0,26.0,26.0,True,True,True,True
17946,240.0,True,0.00012500095181167126,0.002459004463162273,8.399365469813347e-05,8.400093065574765e-05,0.00033400283427909017,7.216333004180342,7.219833001727238,False,0.998992,1.0,True,1.0,1.0,1.0,100.0,100.0,100.0,False,False,False,False
17953,251.0,True,0.0002079978003166616,0.002291999408043921,8.399365469813347e-05,0.00012500095181167126,0.00033299875212833285,7.5786250017699786,7.58204200246837,False,0.9989458,0.8452305451427208,True,0.8995365401683191,0.8995365401683191,0.8995365401683191,100.0,100.0,100.0,True,True,True,True
17971,300.0,True,0.00012500095181167126,0.0023329994291998446,0.00012500095181167126,8.400093065574765e-05,0.00029199873097240925,7.64595800137613,7.64941699890187,False,0.99874,0.8620836436381163,True,0.9237376331502339,0.9237376331502339,0.9237376331502339,100.0,100.0,100.0,True,False,False,False
17973,14.0,True,0.00020800507627427578,0.0028330032364465296,0.00012500095181167126,0.00012500095181167126,0.00033299875212833285,3.5126250004395843,3.5167499954695813,False,0.9999412,0.9562553216226098,True,0.9562553216226098,0.9562553216226098,0.9562553216226098,14.0,14.0,14.0,False,False,False,False
17993,400.0,True,0.0002079978003166616,0.003417000698391348,0.0002090018824674189,0.00012500095181167126,0.00037500285543501377,6.96395799604943,6.968790999962948,False,0.99832,0.921362387009714,True,0.9797611294690362,0.9797611294690362,0.9797611294690362,100.0,100.0,100.0,False,False,False,False
17996,384.0,True,0.00012500095181167126,0.002624998160172254,0.00012500095181167126,0.00012500095181167126,0.00029199873097240925,7.398458001262043,7.402165996609256,False,0.9983872,0.8203550180254687,True,0.9237376331502339,0.9237376331502339,0.9237376331502339,100.0,100.0,100.0,True,False,False,False
17999,30.0,True,0.00037500285543501377,0.0045000051613897085,0.00029199873097240925,0.0002090018824674189,0.00029199873097240925,3.4045830034301616,3.410790995985735,False,0.999874,1.0,True,1.0,1.0,1.0,30.0,30.0,30.0,False,False,False,False
18015,49.0,True,0.00016700505511835217,0.002083994331769645,8.400093065574765e-05,8.400093065574765e-05,0.00029199873097240925,3.627792000770569,3.630915998655837,False,0.9997942,0.8851262827357954,True,0.8851262827357954,0.8851262827357954,0.8851262827357954,49.0,49.0,49.0,True,True,True,True
18017,12.0,True,0.0002500019036233425,0.0028750000637955964,0.00012500095181167126,0.00012500095181167126,0.0002500019036233425,3.6622909974539652,3.66641599975992,False,0.9999496,0.8768095937396821,True,0.8768095937396821,0.8768095937396821,0.8768095937396821,12.0,12.0,12.0,True,True,True,True
18026,328.0,True,0.0006250047590583563,0.005833004252053797,0.00037500285543501377,0.00024999462766572833,0.0005409965524449944,7.638791998033412,7.647041995369364,False,0.9986224,0.7691859413388502,True,0.8880973597911049,0.8880973597911049,0.8880973597911049,100.0,100.0,100.0,True,True,True,True
18027,7.0,True,0.0004579997039400041,0.004916000762023032,0.0004169996827840805,0.000166997779160738,0.0004159956006333232,3.5494159965310246,3.5563329947763123,False,0.9999706,1.0,True,1.0,1.0,1.0,7.0,7.0,7.0,False,False,False,False
18030,10.0,True,0.0002079978003166616,0.0027080022846348584,0.00016600097296759486,0.00016700505511835217,0.00029199873097240925,3.645167002105154,3.6492079962044954,False,0.999958,0.9173627307113535,True,0.9173627307113535,0.9173627307113535,0.9173627307113535,10.0,10.0,10.0,False,False,False,False
18045,326.84,True,0.00012500095181167126,0.0021669984562322497,0.00012500095181167126,0.00016600097296759486,0.00029199873097240925,7.720458001131192,7.723874994553626,False,0.998627272,0.8336059865895823,True,0.9146170005538099,0.9146170005538099,0.9146170005538099,100.0,100.0,100.0,True,False,False,False
18046,61.0,True,0.0004579997039400041,0.00516599538968876,0.0002910019247792661,0.0002500019036233425,0.0004169996827840805,3.844749997369945,3.851875000691507,False,0.9997438,0.7841552009244089,True,0.7841552009244089,0.7841552009244089,0.7841552009244089,61.0,61.0,61.0,True,True,True,True
18047,450.0,True,0.0002500019036233425,0.004333000106271356,0.00029200600693002343,0.0002079978003166616,0.00033299875212833285,6.933707998541649,6.939667000551708,False,0.99811,1.0,True,1.0,1.0,1.0,100.0,100.0,100.0,False,False,False,False
18048,40.0,True,0.00037500285543501377,0.004333000106271356,0.0002079978003166616,0.000166997779160738,0.00029199873097240925,3.494374999718275,3.50024999352172,False,0.999832,0.9288563918659654,True,0.9288563918659654,0.9288563918659654,0.9288563918659654,40.0,40.0,40.0,False,False,False,False
18049,280.0,True,0.00033300602808594704,0.003958004526793957,0.00020800507627427578,0.0002079978003166616,0.00029099464882165194,6.807792000472546,6.813332998717669,False,0.998824,1.0,True,1.0,1.0,1.0,100.0,100.0,100.0,False,False,False,False
18051,400.0,True,0.0002079978003166616,0.0029170041671022773,0.00012500095181167126,8.299684850499034e-05,0.0003749955794773996,6.9088750024093315,6.912999997439329,False,0.99832,1.0,True,1.0,1.0,1.0,100.0,100.0,100.0,False,False,False,False
18052,163.89,True,0.0003749955794773996,0.0038340003811754286,0.0002079978003166616,0.00020800507627427578,0.00029199873097240925,7.050209002045449,7.05566699616611,False,0.999311662,0.9258778160507942,True,0.9401831759410586,0.9401831759410586,0.9401831759410586,100.0,100.0,100.0,False,False,False,False
18069,29.0,True,0.0002500019036233425,0.002291002601850778,0.000166997779160738,0.000166997779160738,0.00033400283427909017,3.8475830006063916,3.8512090031872503,False,0.9998782,0.8181725059626046,True,0.8181725059626046,0.8181725059626046,0.8181725059626046,29.0,29.0,29.0,True,True,True,True
18110,5.0,True,0.0004579997039400041,0.004541005182545632,0.00037500285543501377,0.0002079978003166616,0.0003749955794773996,3.652542000054382,3.6590000017895363,False,0.999979,0.8299048213245447,True,0.8299048213245447,0.8299048213245447,0.8299048213245447,5.0,5.0,5.0,True,True,True,True
18111,318.8,True,0.00033299875212833285,0.004250003257766366,0.00029199873097240925,0.00016600097296759486,0.00033299875212833285,7.0096669951453805,7.015458002570085,False,0.99866104,1.0,True,1.0,1.0,1.0,100.0,100.0,100.0,False,False,False,False
18112,12.0,True,0.00037500285543501377,0.0041669991333037615,0.0002500019036233425,0.0002079978003166616,0.00029199873097240925,3.6804170013056137,3.686208001454361,False,0.9999496,0.956507341624104,True,0.956507341624104,0.956507341624104,0.956507341624104,12.0,12.0,12.0,False,False,False,False
18120,86.0,True,0.0004160028765909374,0.004541005182545632,0.00029199873097240925,0.0002079978003166616,0.00037500285543501377,3.4091670022462495,3.4155829998780973,False,0.9996388,0.9814853072503016,True,0.9814853072503016,0.9814853072503016,0.9814853072503016,86.0,86.0,86.0,False,False,False,False
18131,137.0,True,0.0004169996827840805,0.004917004844173789,0.00029199873097240925,0.0002500019036233425,0.00033400283427909017,7.024584003374912,7.031250002910383,False,0.9994246,1.0,True,1.0,1.0,1.0,100.0,100.0,100.0,False,False,False,False
18133,110.0,True,0.0004579997039400041,0.004749999789055437,0.00029199873097240925,0.000166997779160738,0.00033400283427909017,6.906916998559609,6.913500001246575,False,0.999538,0.9995208063860679,True,0.9999196673918644,0.9999196673918644,0.9999196673918644,100.0,100.0,100.0,False,False,False,False
18142,98.0,True,0.0004169996827840805,0.004208995960652828,0.0002500019036233425,0.0002500019036233425,0.0003749955794773996,3.46204199740896,3.4680410026339814,False,0.9995884,0.9992929790950856,True,0.9992929790950856,0.9992929790950856,0.9992929790950856,98.0,98.0,98.0,False,False,False,False
18156,37.0,True,0.0004579997039400041,0.004250003257766366,0.00033299875212833285,0.00029099464882165194,0.0004169996827840805,3.6195419961586595,3.625791003287304,False,0.9998446,1.0,True,1.0,1.0,1.0,37.0,37.0,37.0,False,False,False,False
18166,5.0,True,0.000166997779160738,0.0023750035325065255,8.399365469813347e-05,8.299684850499034e-05,0.00029199873097240925,3.4690829997998662,3.4725420046015643,False,0.999979,1.0,True,1.0,1.0,1.0,5.0,5.0,5.0,False,False,False,False
18177,100.0,True,0.000500003807246685,0.005041998520027846,0.00033300602808594704,0.0002079978003166616,0.0003749955794773996,3.492999996524304,3.4999580020667054,False,0.99958,1.0,True,1.0,1.0,1.0,100.0,100.0,100.0,False,False,False,False
18197,700.0,True,0.00012500095181167126,0.0020410006982274354,4.200410330668092e-05,8.299684850499034e-05,0.00033400283427909017,7.10379200609168,7.106750003003981,False,0.99706,0.9962432624717806,True,1.0,1.0,1.0,100.0,100.0,100.0,False,False,False,False
18198,28.69,True,0.00033400283427909017,0.003417000698391348,0.0002500019036233425,0.00012500095181167126,0.00029099464882165194,3.514500000164844,3.519333004078362,False,0.999879502,0.9541376808432587,True,0.9541376808432587,0.9541376808432587,0.9541376808432587,28.69,28.69,28.69,False,False,False,False
18204,531.0,True,0.00016700505511835217,0.00224999530473724,0.00012500095181167126,0.00016600097296759486,0.00029200600693002343,7.362625001405831,7.366124998952728,False,0.9977698,0.8457554662310098,True,0.9667758969914794,0.9667758969914794,0.9667758969914794,100.0,100.0,100.0,True,False,False,False
18205,44.82,True,0.00037500285543501377,0.0040000013541430235,0.0002500019036233425,0.000166997779160738,0.00037500285543501377,3.7388339987955987,3.7445410052896477,False,0.999811756,1.0,True,1.0,1.0,1.0,44.82,44.82,44.82,False,False,False,False
18207,45.71,True,0.0005420006345957518,0.004708999767899513,0.0002500019036233425,0.0002910019247792661,0.00029199873097240925,3.653832995041739,3.660499998659361,False,0.999808018,0.7953375902495016,True,0.7953375902495016,0.7953375902495016,0.7953375902495016,45.71,45.71,45.71,True,True,True,True
18217,22.0,True,0.0005410038284026086,0.0047909998102113605,0.00024999462766572833,0.0002090018824674189,0.00037500285543501377,3.5354159990674816,3.5422090004431084,False,0.9999076,1.0,True,1.0,1.0,1.0,22.0,22.0,22.0,False,False,False,False
18220,395.0,True,0.00016600097296759486,0.002625005436129868,0.00012500095181167126,0.000166997779160738,0.00033299875212833285,7.051167005556636,7.0549160009250045,False,0.998341,0.9227020257494037,True,0.9797611294690362,0.9797611294690362,0.9797611294690362,100.0,100.0,100.0,False,False,False,False
18225,414.0,True,0.00016700505511835217,0.002583001332823187,0.00012500095181167126,0.00012500095181167126,0.00033299875212833285,7.634333000169136,7.637958005943801,False,0.9982612,0.7688066985777754,True,0.9146170005538099,0.9146170005538099,0.9146170005538099,100.0,100.0,100.0,True,False,False,False
18226,34.11,True,0.00033299875212833285,0.004207999154459685,0.0002500019036233425,0.00012500095181167126,0.00037500285543501377,3.5431249998509884,3.548832995875273,False,0.999856738,0.9116043975344381,True,0.9116043975344381,0.9116043975344381,0.9116043975344381,34.11,34.11,34.11,False,False,False,False
18245,359.0,True,0.00016600097296759486,0.0019169965526089072,4.1996827349066734e-05,8.299684850499034e-05,0.0004159956006333232,6.938708000234328,6.9417080012499355,False,0.9984922,0.9823923997911406,True,1.0,1.0,1.0,100.0,100.0,100.0,False,False,False,False
18246,126.0,True,0.00033299875212833285,0.003958004526793957,0.0002079978003166616,0.00012500095181167126,0.00037500285543501377,7.253582996781915,7.25912499910919,False,0.9994708,0.9078180125336706,True,0.9146170005538099,0.9146170005538099,0.9146170005538099,100.0,100.0,100.0,False,False,False,False
18250,333.0,True,0.0002079978003166616,0.002583001332823187,0.00012500095181167126,0.00012500095181167126,0.00033299875212833285,7.015167000645306,7.018958000116982,False,0.9986014,0.9914550364967669,True,1.0,1.0,1.0,100.0,100.0,100.0,False,False,False,False
18251,376.0,True,0.00029199873097240925,0.0040000013541430235,0.000166997779160738,0.00020800507627427578,0.0004579997039400041,6.804791999456938,6.810250000853557,False,0.9984208,1.0,True,1.0,1.0,1.0,100.0,100.0,100.0,False,False,False,False
18252,85.71,True,0.0004169996827840805,0.0041249950299970806,0.00020899460650980473,0.000166997779160738,0.00029199873097240925,3.5306249992572702,3.5364169962122105,False,0.999640018,1.0,True,1.0,1.0,1.0,85.71,85.71,85.71,False,False,False,False
18256,60.0,True,0.00037500285543501377,0.004417001036927104,0.00033400283427909017,0.0002500019036233425,0.0003749955794773996,3.748458002519328,3.754750003281515,False,0.999748,0.8996069111651228,True,0.8996069111651228,0.8996069111651228,0.8996069111651228,60.0,60.0,60.0,True,True,True,True
18265,100.0,True,0.0005409965524449944,0.00508299854118377,0.000333995558321476,0.0002090018824674189,0.000333995558321476,3.5637500041048042,3.570791996025946,False,0.99958,1.0,True,1.0,1.0,1.0,100.0,100.0,100.0,False,False,False,False
18279,63.77,True,0.0004160028765909374,0.004916997568216175,0.00033400283427909017,0.00016700505511835217,0.0004169996827840805,3.7685830029658973,3.7752920034108683,False,0.999732166,0.8985740630763935,True,0.8985740630763935,0.8985740630763935,0.8985740630763935,63.77,63.77,63.77,True,True,True,True
18285,10.0,True,0.00012500095181167126,0.002291999408043921,0.00012500095181167126,8.300412446260452e-05,0.00033299875212833285,3.5641659997054376,3.567500003555324,False,0.999958,0.9741458185584418,True,0.9741458185584418,0.9741458185584418,0.9741458185584418,10.0,10.0,10.0,False,False,False,False
18297,293.0,True,0.00012500095181167126,0.0020420047803781927,8.400093065574765e-05,0.00012499367585405707,0.00029199873097240925,7.5927079960820265,7.5957500012009405,False,0.9987694,0.8005366696298014,True,0.8880973597911049,0.8880973597911049,0.8880973597911049,100.0,100.0,100.0,True,True,True,True
18306,30.0,True,0.000166997779160738,0.0022080057533457875,0.00012500095181167126,0.00012500095181167126,0.00037500285543501377,3.647416000603698,3.650749997177627,False,0.999874,0.9720258864629975,True,0.9720258864629975,0.9720258864629975,0.9720258864629975,30.0,30.0,30.0,False,False,False,False
18311,79.0,True,0.0004159956006333232,0.004499997885432094,0.0002500019036233425,0.0002079978003166616,0.00033299875212833285,3.5053749961662106,3.5115830032736994,False,0.9996682,1.0,True,1.0,1.0,1.0,79.0,79.0,79.0,False,False,False,False
18314,428.0,True,0.000166997779160738,0.0024999972083605826,0.00016700505511835217,8.399365469813347e-05,0.00029200600693002343,6.931584000994917,6.935249999514781,False,0.9982024,1.0,True,1.0,1.0,1.0,100.0,100.0,100.0,False,False,False,False
18315,90.0,True,0.00033400283427909017,0.0036669953260570765,0.0002079978003166616,0.00016600097296759486,0.00033299875212833285,3.6148750004940666,3.620000003138557,False,0.999622,0.9023425836771541,True,0.9023425836771541,0.9023425836771541,0.9023425836771541,90.0,90.0,90.0,False,False,False,False
18343,580.0,True,0.00012500095181167126,0.001957996573764831,0.00012500095181167126,8.299684850499034e-05,0.00033300602808594704,7.1088330005295575,7.111792001524009,False,0.997564,1.0,True,1.0,1.0,1.0,100.0,100.0,100.0,False,False,False,False
18344,120.0,True,0.0004169996827840805,0.005208006768953055,0.00033299875212833285,0.0002079978003166616,0.00037500285543501377,7.545333995949477,7.552374998340383,False,0.999496,0.8357151151319994,True,0.8447972696279995,0.8447972696279995,0.8447972696279995,100.0,100.0,100.0,True,True,True,True
18350,107.84,True,0.0004169996827840805,0.004749999789055437,0.0002500019036233425,0.00029200600693002343,0.0003749955794773996,7.161708999774419,7.168249998358078,False,0.999547072,0.9996075152455212,True,0.9999196673918644,0.9999196673918644,0.9999196673918644,100.0,100.0,100.0,False,False,False,False
18355,271.74,True,0.0002090018824674189,0.002291999408043921,0.00012500095181167126,0.00012500095181167126,0.00033299875212833285,7.0104159967741,7.013834001554642,False,0.998858692,0.8255283476629355,True,0.8940181450675031,0.8940181450675031,0.8940181450675031,100.0,100.0,100.0,True,True,True,True
18361,51.67,True,0.0002079978003166616,0.0021660016500391066,0.00012499367585405707,8.299684850499034e-05,0.00029199873097240925,3.3682499997667037,3.3715000026859343,False,0.999782986,1.0,True,1.0,1.0,1.0,51.67,51.67,51.67,False,False,False,False
18363,29.2,True,0.0004579997039400041,0.004792003892362118,0.00029199873097240925,0.0002090018824674189,0.00037500285543501377,3.5466249973978847,3.553208000084851,False,0.99987736,0.8713086252775192,True,0.8713086252775192,0.8713086252775192,0.8713086252775192,29.2,29.2,29.2,True,True,True,True
18397,4.0,True,0.00016600097296759486,0.0020420047803781927,8.400093065574765e-05,0.00012499367585405707,0.00033400283427909017,3.457624996372033,3.460749998339452,False,0.9999832,1.0,True,1.0,1.0,1.0,4.0,4.0,4.0,False,False,False,False
18399,346.6,True,0.00016600097296759486,0.0028329959604889154,0.00012500095181167126,0.00016600097296759486,0.00033299875212833285,7.327541999984533,7.331708002311643,False,0.99854428,0.8410185732220385,True,0.9237376331502339,0.9237376331502339,0.9237376331502339,100.0,100.0,100.0,True,False,False,False
18400,15.0,True,0.00037500285543501377,0.003540997568052262,0.00020800507627427578,0.000166997779160738,0.0002910019247792661,3.6029999973834492,3.607999999076128,False,0.999937,0.8252016079354744,True,0.8252016079354744,0.8252016079354744,0.8252016079354744,15.0,15.0,15.0,True,True,True,True
18423,394.0,True,0.00012500095181167126,0.002125001628883183,8.299684850499034e-05,8.300412446260452e-05,0.00037500285543501377,7.052332999592181,7.055499998386949,False,0.9983452,1.0,True,1.0,1.0,1.0,100.0,100.0,100.0,False,False,False,False
18426,39.01,True,0.00020800507627427578,0.002624998160172254,0.00012500095181167126,8.299684850499034e-05,0.00033299875212833285,3.5378749962546863,3.5417089966358617,False,0.999836158,1.0,True,1.0,1.0,1.0,39.01,39.01,39.01,False,False,False,False
18441,81.0,True,0.00016600097296759486,0.0020000006770715117,8.300412446260452e-05,8.300412446260452e-05,0.00029199873097240925,3.589040999941062,3.5920840018661693,False,0.9996598,0.8993973843942691,True,0.8993973843942691,0.8993973843942691,0.8993973843942691,81.0,81.0,81.0,True,True,True,True
18461,81.0,True,0.000500003807246685,0.005084002623334527,0.00037500285543501377,0.00024999462766572833,0.00033299875212833285,3.5098750013276003,3.516791999572888,False,0.9996598,1.0,True,1.0,1.0,1.0,81.0,81.0,81.0,False,False,False,False
18467,9.33,True,0.0006249974831007421,0.005500005499925464,0.00037500285543501377,0.0002090018824674189,0.0003749955794773996,3.730458003701642,3.738166000402998,False,0.999960814,0.8776266347000176,True,0.8776266347000176,0.8776266347000176,0.8776266347000176,9.33,9.33,9.33,True,True,True,True
18470,430.42,True,0.000166997779160738,0.0027909991331398487,0.00016700505511835217,0.00012500095181167126,0.00033299875212833285,7.056542002828792,7.06062500103144,False,0.998192236,1.0,True,1.0,1.0,1.0,100.0,100.0,100.0,False,False,False,False
18475,175.0,True,0.0005409965524449944,0.004875000740867108,0.0002910019247792661,0.00020800507627427578,0.00033299875212833285,7.637957998667844,7.644708006409928,False,0.999265,0.8171421270593967,True,0.8532230366532213,0.8532230366532213,0.8532230366532213,100.0,100.0,100.0,True,True,True,True
18481,155.0,True,0.0004590037860907614,0.005000001692678779,0.00029099464882165194,0.000166997779160738,0.00037500285543501377,7.49033300235169,7.497250000596978,False,0.999349,0.8764371669900425,True,0.8940181450675031,0.8940181450675031,0.8940181450675031,100.0,100.0,100.0,True,True,True,True
18485,423.0,True,0.0002079978003166616,0.0028330032364465296,0.000166997779160738,0.00012500095181167126,0.0003749955794773996,7.165916002122685,7.169958000304177,False,0.9982234,1.0,True,1.0,1.0,1.0,100.0,100.0,100.0,False,False,False,False
18486,46.67,True,0.0004169996827840805,0.005125002644490451,0.0004169996827840805,0.00020800507627427578,0.0004160028765909374,3.6734169989358634,3.6805000054300763,False,0.999803986,0.8794419792618975,True,0.8794419792618975,0.8794419792618975,0.8794419792618975,46.67,46.67,46.67,True,True,True,True
18499,462.0,True,0.000166997779160738,0.0022500025806948543,8.300412446260452e-05,8.300412446260452e-05,0.00033299875212833285,7.1384580005542375,7.141709000279661,False,0.9980596,0.9033387164671756,True,0.9797611294690362,0.9797611294690362,0.9797611294690362,100.0,100.0,100.0,False,False,False,False
18500,169.73,True,0.0004169996827840805,0.004542001988738775,0.00029199873097240925,0.00016600097296759486,0.00033299875212833285,6.833083003584761,6.839375004346948,False,0.999287134,1.0,True,1.0,1.0,1.0,100.0,100.0,100.0,False,False,False,False
18514,561.0,True,0.000166997779160738,0.001915999746415764,0.00012500095181167126,8.299684850499034e-05,0.00029199873097240925,6.8069999979343265,6.809958002122585,False,0.9976438,1.0,True,1.0,1.0,1.0,100.0,100.0,100.0,False,False,False,False
18515,92.4,True,0.00037500285543501377,0.0036249984987080097,0.0002090018824674189,0.000166997779160738,0.00033299875212833285,3.5331250037415884,3.538375000061933,False,0.99961192,1.0,True,1.0,1.0,1.0,92.4,92.4,92.4,False,False,False,False
18522,263.0,True,0.0004160028765909374,0.004582994733937085,0.00029099464882165194,0.0002079978003166616,0.00033299875212833285,7.802708001690917,7.809041999280453,False,0.9988954,0.760894300023972,True,0.8610658335900354,0.8610658335900354,0.8610658335900354,100.0,100.0,100.0,True,True,True,True
18538,364.0,True,0.000166997779160738,0.002125001628883183,8.299684850499034e-05,8.300412446260452e-05,0.0002500019036233425,7.131917001970578,7.135082996683195,False,0.9984712,1.0,True,1.0,1.0,1.0,100.0,100.0,100.0,False,False,False,False
18539,360.0,True,0.00033299875212833285,0.00441699376096949,0.0002079978003166616,0.00024999462766572833,0.00033300602808594704,6.7449170019244775,6.750999993528239,False,0.998488,0.9728862756757304,True,0.9992122092123257,0.9992122092123257,0.9992122092123257,100.0,100.0,100.0,False,False,False,False
18545,472.13,True,0.00029099464882165194,0.005041001713834703,0.00033299875212833285,0.0002079978003166616,0.00037500285543501377,7.135625004593749,7.142458998714574,False,0.998017054,0.9636505071504328,True,1.0,1.0,1.0,100.0,100.0,100.0,False,False,False,False
18546,936.58,True,0.0002500019036233425,0.004499997885432094,0.0002500019036233425,0.0002090018824674189,0.00029199873097240925,6.914625002536923,6.920708001416642,False,0.996066364,0.9546504187556245,True,1.0,1.0,1.0,100.0,100.0,100.0,False,False,False,False
18548,33.33,True,0.0004579997039400041,0.005125002644490451,0.00033299875212833285,0.0002079978003166616,0.00033299875212833285,3.7069579993840307,3.713958998559974,False,0.999860014,0.9066365152578348,True,0.9066365152578348,0.9066365152578348,0.9066365152578348,33.33,33.33,33.33,False,False,False,False
18552,350.0,True,0.0002079978003166616,0.0028750000637955964,0.00016700505511835217,0.00012500095181167126,0.00029199873097240925,7.508208000217564,7.512374999350868,False,0.99853,0.7822987015435436,True,0.8995365401683191,0.8995365401683191,0.8995365401683191,100.0,100.0,100.0,True,True,True,True
18559,92.0,True,0.00033299875212833285,0.0038330035749822855,0.00020800507627427578,0.00012500095181167126,0.00033300602808594704,3.3777080025174655,3.3830000029411167,False,0.9996136,1.0,True,1.0,1.0,1.0,92.0,92.0,92.0,False,False,False,False
18561,301.0,True,0.0004579997039400041,0.005000001692678779,0.00029199873097240925,0.0002500019036233425,0.00037500285543501377,7.53558299766155,7.5425830000313,False,0.9987358,0.7944135629251413,True,0.8880973597911049,0.8880973597911049,0.8880973597911049,100.0,100.0,100.0,True,True,True,True
18566,465.0,True,0.00020800507627427578,0.002416003553662449,0.00012500095181167126,0.00012500095181167126,0.00033400283427909017,7.025665996479802,7.0293329990818165,False,0.998047,1.0,True,1.0,1.0,1.0,100.0,100.0,100.0,False,False,False,False
18567,176.38,True,0.00037500285543501377,0.0036660057958215475,0.00020800507627427578,0.00012500095181167126,0.00029199873097240925,6.94258300063666,6.947791000129655,False,0.999259204,1.0,True,1.0,1.0,1.0,100.0,100.0,100.0,False,False,False,False
18572,11.0,True,0.0004999965312890708,0.005166999471839517,0.000333995558321476,0.00033400283427909017,0.0003749955794773996,3.5238329946878366,3.5310839957674034,False,0.9999538,1.0,True,1.0,1.0,1.0,11.0,11.0,11.0,False,False,False,False
18574,807.09,True,0.0002500019036233425,0.0032080060918815434,0.00012500095181167126,0.000166997779160738,0.00029099464882165194,7.306915998924524,7.3114589977194555,False,0.996610222,0.84375857582188,True,0.9999196673918644,0.9999196673918644,0.9999196673918644,100.0,100.0,100.0,True,False,False,False
18577,517.31,True,0.00024999462766572833,0.003291999746579677,0.00012500095181167126,0.00012500095181167126,0.00037500285543501377,7.12424999801442,7.129000005079433,False,0.997827298,1.0,True,1.0,1.0,1.0,100.0,100.0,100.0,False,False,False,False
18587,239.0,True,0.00016600097296759486,0.002291999408043921,0.00012500095181167126,8.299684850499034e-05,0.00037500285543501377,7.661999996344093,7.665458004339598,False,0.9989962,1.0,True,1.0,1.0,1.0,100.0,100.0,100.0,False,False,False,False
18590,393.0,True,0.00016700505511835217,0.0028330032364465296,0.000166997779160738,0.000166997779160738,0.00029099464882165194,7.26425000175368,7.2682919999351725,False,0.9983494,0.7896373207678116,True,0.9146170005538099,0.9146170005538099,0.9146170005538099,100.0,100.0,100.0,True,False,False,False
18591,67.5,True,0.0003749955794773996,0.003874993126373738,0.00033299875212833285,0.0002079978003166616,0.00029199873097240925,3.644791999249719,3.650332997494843,False,0.9997165,0.8975421078538673,True,0.8975421078538673,0.8975421078538673,0.8975421078538673,67.5,67.5,67.5,True,True,True,True
18594,64.0,True,0.000166997779160738,0.002625005436129868,0.00012500095181167126,0.000166997779160738,0.0002500019036233425,3.7776669996674173,3.7815000032423995,False,0.9997312,0.8591682639229571,True,0.8591682639229571,0.8591682639229571,0.8591682639229571,64.0,64.0,64.0,True,True,True,True
18609,300.0,True,0.00012500095181167126,0.0020410006982274354,8.299684850499034e-05,0.00012500095181167126,0.00029199873097240925,6.990957997913938,6.993916998908389,False,0.99874,0.8874393834368565,True,0.9401831759410586,0.9401831759410586,0.9401831759410586,100.0,100.0,100.0,True,False,False,False
18610,54.0,True,0.00033299875212833285,0.0034580007195472717,0.000166997779160738,0.00016700505511835217,0.000333995558321476,3.6952090013073757,3.700124994793441,False,0.9997732,0.9065992542066561,True,0.9065992542066561,0.9065992542066561,0.9065992542066561,54.0,54.0,54.0,False,False,False,False
18611,285.5,True,0.0004169996827840805,0.004207999154459685,0.0002500019036233425,0.0002090018824674189,0.00029199873097240925,6.936457997653633,6.942332998733036,False,0.9988009,1.0,True,1.0,1.0,1.0,100.0,100.0,100.0,False,False,False,False
18619,300.0,True,0.0004579997039400041,0.004665998858399689,0.00029200600693002343,0.00024999462766572833,0.0003749955794773996,7.453833000909071,7.460375003574882,False,0.99874,0.8080797045411333,True,0.8940181450675031,0.8940181450675031,0.8940181450675031,100.0,100.0,100.0,True,True,True,True
18625,503.0,True,0.00033299875212833285,0.004832996637560427,0.0002910019247792661,0.0002500019036233425,0.00033299875212833285,6.940125000255648,6.946749999769963,False,0.9978874,0.9965488483566887,True,1.0,1.0,1.0,100.0,100.0,100.0,False,False,False,False
18626,293.0,True,0.0004159956006333232,0.004417001036927104,0.00024999462766572833,0.0002079978003166616,0.00033299875212833285,7.535042001109105,7.54120900091948,False,0.9987694,0.7437163091169613,True,0.8684136752395771,0.8684136752395771,0.8684136752395771,100.0,100.0,100.0,True,True,True,True
18630,159.75,True,0.0004159956006333232,0.004415996954776347,0.0002500019036233425,0.0002500019036233425,0.000333995558321476,7.067667000228539,7.073916996887419,False,0.99932905,1.0,True,1.0,1.0,1.0,100.0,100.0,100.0,False,False,False,False
18634,195.0,True,0.0004579997039400041,0.005250003596302122,0.00029199873097240925,0.0002500019036233425,0.00037500285543501377,7.16116600233363,7.168416996137239,False,0.999181,1.0,True,1.0,1.0,1.0,100.0,100.0,100.0,False,False,False,False
18640,347.0,True,0.00033400283427909017,0.005207999492995441,0.0002910019247792661,0.0002500019036233425,0.0003749955794773996,7.266499997058418,7.273582996276673,False,0.9985426,0.9348304624380207,True,0.9797611294690362,0.9797611294690362,0.9797611294690362,100.0,100.0,100.0,False,False,False,False
18641,11.0,True,0.00045899651013314724,0.004791996616404504,0.00033400283427909017,0.0002090018824674189,0.000333995558321476,3.5983749985462055,3.6050000053364784,False,0.9999538,0.8701218689251072,True,0.8701218689251072,0.8701218689251072,0.8701218689251072,11.0,11.0,11.0,True,True,True,True
18644,1065.69,True,0.000166997779160738,0.002540997229516506,0.000166997779160738,0.00012500095181167126,0.00029199873097240925,6.8697080059791915,6.8734160013264045,False,0.995524102,0.845374581788422,True,1.0,1.0,1.0,100.0,100.0,100.0,True,False,False,False
18645,128.0,True,0.00037500285543501377,0.003916000423487276,0.00020800507627427578,0.000166997779160738,0.0002500019036233425,7.026167004369199,7.031582994386554,False,0.9994624,0.9980533029974684,True,0.9992122092123257,0.9992122092123257,0.9992122092123257,100.0,100.0,100.0,False,False,False,False
18651,364.0,True,0.00016700505511835217,0.0022500025806948543,8.400093065574765e-05,0.00012499367585405707,0.00033299875212833285,6.960957995033823,6.964208005229011,False,0.9984712,0.9817256136050888,True,1.0,1.0,1.0,100.0,100.0,100.0,False,False,False,False
18652,24.38,True,0.00033299875212833285,0.0041669991333037615,0.0002500019036233425,0.000166997779160738,0.00033400283427909017,3.522541999700479,3.5282499957247637,False,0.999897604,0.8796924265942861,True,0.8796924265942861,0.8796924265942861,0.8796924265942861,24.38,24.38,24.38,True,True,True,True
18663,16.0,True,0.000500003807246685,0.005250003596302122,0.00029200600693002343,0.00020899460650980473,0.0004169996827840805,3.4770409984048456,3.4842910026782192,False,0.9999328,1.0,True,1.0,1.0,1.0,16.0,16.0,16.0,False,False,False,False
18668,50.0,True,0.0004169996827840805,0.005084002623334527,0.000333995558321476,0.0002090018824674189,0.0004169996827840805,3.7501660044654272,3.7571670036413707,False,0.99979,0.9501654514822055,True,0.9501654514822055,0.9501654514822055,0.9501654514822055,50.0,50.0,50.0,False,False,False,False
18671,506.16,True,0.00012500095181167126,0.0027080022846348584,0.00012500095181167126,0.00016700505511835217,0.00033299875212833285,7.175792001362424,7.179708998592105,False,0.997874128,1.0,True,1.0,1.0,1.0,100.0,100.0,100.0,False,False,False,False
18672,210.0,True,0.00033299875212833285,0.0037080026231706142,0.0002079978003166616,0.000166997779160738,0.000333995558321476,7.58829199912725,7.593499998620246,False,0.999118,0.7775190969855741,True,0.8447972696279995,0.8447972696279995,0.8447972696279995,100.0,100.0,100.0,True,True,True,True
18677,337.0,True,0.00012500095181167126,0.0022079984773881733,8.299684850499034e-05,0.00012499367585405707,0.00033299875212833285,7.05500000185566,7.058250004774891,False,0.9985846,1.0,True,1.0,1.0,1.0,100.0,100.0,100.0,False,False,False,False
18678,67.0,True,0.0004169996827840805,0.0043339969124644995,0.0002500019036233425,0.0002079978003166616,0.00029199873097240925,3.668500001367647,3.6745410034200177,False,0.9997186,0.9663322103925569,True,0.9663322103925569,0.9663322103925569,0.9663322103925569,67.0,67.0,67.0,False,False,False,False
18693,6.0,True,0.00012500095181167126,0.0020419975044205785,0.00012500095181167126,8.400093065574765e-05,0.00033400283427909017,3.7030000021331944,3.7060419999761507,False,0.9999748,0.9182483897110607,True,0.9182483897110607,0.9182483897110607,0.9182483897110607,6.0,6.0,6.0,False,False,False,False
18694,280.0,True,0.0002910019247792661,0.0036249984987080097,0.0002090018824674189,0.000166997779160738,0.00029099464882165194,7.049916996038519,7.0549579977523535,False,0.998824,0.9498392844005932,True,0.9797611294690362,0.9797611294690362,0.9797611294690362,100.0,100.0,100.0,False,False,False,False
18697,235.0,True,0.00020800507627427578,0.0025420013116672635,0.00012500095181167126,0.00012500095181167126,0.00029099464882165194,6.70979200367583,6.713499999023043,False,0.999013,1.0,True,1.0,1.0,1.0,100.0,100.0,100.0,False,False,False,False
18707,412.0,True,0.00016700505511835217,0.0021669984562322497,8.300412446260452e-05,0.00016600097296759486,0.00029199873097240925,6.920416999491863,6.923666995135136,False,0.9982696,0.9979040130046993,True,1.0,1.0,1.0,100.0,100.0,100.0,False,False,False,False
18708,5.0,True,0.00037500285543501377,0.0036659985198639333,0.0002079978003166616,0.000166997779160738,0.0002500019036233425,3.483000000414904,3.4881250030593947,False,0.999979,0.8854265984087287,True,0.8854265984087287,0.8854265984087287,0.8854265984087287,5.0,5.0,5.0,True,True,True,True
18734,59.0,True,0.00016700505511835217,0.0021669984562322497,8.300412446260452e-05,0.00012500095181167126,0.00033400283427909017,3.6912499999743886,3.6945419997209683,False,0.9997522,0.7857281919505532,True,0.7857281919505532,0.7857281919505532,0.7857281919505532,59.0,59.0,59.0,True,True,True,True
18738,82.88,True,0.00037500285543501377,0.004333000106271356,0.0002500019036233425,0.00012500095181167126,0.00037500285543501377,3.7356250031734817,3.7417499988805503,False,0.999651904,1.0,True,1.0,1.0,1.0,82.88,82.88,82.88,False,False,False,False
18739,363.0,True,0.00033299875212833285,0.005249996320344508,0.00033299875212833285,0.0002500019036233425,0.0004159956006333232,7.527875000960194,7.535125005233567,False,0.9984754,1.0,True,1.0,1.0,1.0,100.0,100.0,100.0,False,False,False,False
18740,54.0,True,0.0004579997039400041,0.004707995685748756,0.00029199873097240925,0.0002090018824674189,0.00029199873097240925,3.858290998323355,3.8647499968647026,False,0.9997732,0.9065992542066561,True,0.9065992542066561,0.9065992542066561,0.9065992542066561,54.0,54.0,54.0,False,False,False,False
18748,13.0,True,0.000166997779160738,0.0019170038285665214,0.00012500095181167126,0.00012500095181167126,0.000333995558321476,3.7182079977355897,3.7212500028545037,False,0.9999454,0.9166636610373616,True,0.9166636610373616,0.9166636610373616,0.9166636610373616,13.0,13.0,13.0,False,False,False,False
18754,442.0,True,0.000166997779160738,0.002583001332823187,0.00012500095181167126,8.299684850499034e-05,0.00029200600693002343,7.0000000050640665,7.003582999459468,False,0.9981436,1.0,True,1.0,1.0,1.0,100.0,100.0,100.0,False,False,False,False
18763,412.0,True,0.00012500095181167126,0.0022500025806948543,8.299684850499034e-05,0.00012500095181167126,0.0003749955794773996,7.044459001917858,7.0477080007549375,False,0.9982696,1.0,True,1.0,1.0,1.0,100.0,100.0,100.0,False,False,False,False
18764,73.71,True,0.0003749955794773996,0.0037919962778687477,0.0002090018824674189,0.0002090018824674189,0.0003749955794773996,3.5516249990905635,3.5569579995353706,False,0.999690418,0.9297926958345171,True,0.9297926958345171,0.9297926958345171,0.9297926958345171,73.71,73.71,73.71,False,False,False,False
18785,325.0,True,0.00012500095181167126,0.0020410006982274354,8.299684850499034e-05,0.00012500095181167126,0.00037500285543501377,7.185999995272141,7.189167001342867,False,0.998635,1.0,True,1.0,1.0,1.0,100.0,100.0,100.0,False,False,False,False
18814,300.0,True,0.00016600097296759486,0.0018339997041039169,4.1996827349066734e-05,8.300412446260452e-05,0.00029199873097240925,7.6281669971649535,7.631041997228749,False,0.99874,0.728647699471437,True,0.8684136752395771,0.8684136752395771,0.8684136752395771,100.0,100.0,100.0,True,True,True,True
18817,57.99,True,0.00020800507627427578,0.0025420013116672635,0.000166997779160738,0.00016600097296759486,0.00033400283427909017,3.5610000049928203,3.569749998860061,False,0.999756442,1.0,True,1.0,1.0,1.0,57.99,57.99,57.99,False,False,False,False
18873,332.5,True,0.000166997779160738,0.002540997229516506,0.00012500095181167126,0.00016600097296759486,0.00033299875212833285,7.6666660024784505,7.67041600192897,False,0.9986035,0.7824364940856222,True,0.8940181450675031,0.8940181450675031,0.8940181450675031,100.0,100.0,100.0,True,True,True,True
18884,369.09,True,0.0002079978003166616,0.00224999530473724,0.00012500095181167126,8.300412446260452e-05,0.00033300602808594704,7.0908330017118715,7.094208005582914,False,0.998449822,0.9764562500075226,True,1.0,1.0,1.0,100.0,100.0,100.0,False,False,False,False
18885,369.09,True,0.00029099464882165194,0.0048340007197111845,0.0002500019036233425,0.00020800507627427578,0.00037500285543501377,7.106958000804298,7.113458996172994,False,0.998449822,1.0,True,1.0,1.0,1.0,100.0,100.0,100.0,False,False,False,False
18886,10.0,True,0.0004579997039400041,0.004458001058083028,0.00029199873097240925,0.0002079978003166616,0.00029199873097240925,3.51195899565937,3.5182080027880147,False,0.999958,1.0,True,1.0,1.0,1.0,10.0,10.0,10.0,False,False,False,False
18895,654.0,True,0.000166997779160738,0.0022500025806948543,0.00012499367585405707,0.00012500095181167126,0.00029199873097240925,6.944207998458296,6.9475839991355315,False,0.9972532,0.9967989854971622,True,1.0,1.0,1.0,100.0,100.0,100.0,False,False,False,False
18896,105.86,True,0.00033299875212833285,0.003541994374245405,0.0002079978003166616,0.0002079978003166616,0.0002910019247792661,6.8860419996781275,6.891124998219311,False,0.999555388,1.0,True,1.0,1.0,1.0,100.0,100.0,100.0,False,False,False,False
18917,24.0,True,0.00012500095181167126,0.0020830048015341163,8.400093065574765e-05,8.400093065574765e-05,0.000333995558321476,3.752749995328486,3.755874997295905,False,0.9998992,0.879808816246801,True,0.879808816246801,0.879808816246801,0.879808816246801,24.0,24.0,24.0,True,True,True,True
18918,325.0,True,0.0002910019247792661,0.003583001671358943,0.00016700505511835217,0.00016700505511835217,0.00033299875212833285,7.290957997611258,7.295916999282781,False,0.998635,0.878721064590365,True,0.9401831759410586,0.9401831759410586,0.9401831759410586,100.0,100.0,100.0,True,False,False,False
18949,73.0,True,0.0004579997039400041,0.004374996933620423,0.00020899460650980473,0.00012500095181167126,0.00033400283427909017,3.744208996067755,3.750333999050781,False,0.9996934,0.9015831018743632,True,0.9015831018743632,0.9015831018743632,0.9015831018743632,73.0,73.0,73.0,False,False,False,False
18959,50.0,True,0.00016700505511835217,0.002125001628883183,8.400093065574765e-05,0.00012500095181167126,0.00029199873097240925,3.5035420005442575,3.5067080025328323,False,0.99979,1.0,True,1.0,1.0,1.0,50.0,50.0,50.0,False,False,False,False
18966,13.0,True,0.00016700505511835217,0.0023750035325065255,0.00012499367585405707,0.000166997779160738,0.00029199873097240925,3.7502089980989695,3.7537079988396727,False,0.9999454,0.8261620250372229,True,0.8261620250372229,0.8261620250372229,0.8261620250372229,13.0,13.0,13.0,True,True,True,True
18973,369.09,True,0.00029199873097240925,0.00504200579598546,0.0002910019247792661,0.0002079978003166616,0.00033299875212833285,7.3378750021220185,7.344541998463683,False,0.998449822,1.0,True,1.0,1.0,1.0,100.0,100.0,100.0,False,False,False,False
18975,14.0,True,0.000500003807246685,0.004624998837243766,0.0002910019247792661,0.0002079978003166616,0.00037500285543501377,3.744792003999464,3.751374999410473,False,0.9999412,0.9258220107347762,True,0.9258220107347762,0.9258220107347762,0.9258220107347762,14.0,14.0,14.0,False,False,False,False
18982,433.33,True,0.00016700505511835217,0.0022500025806948543,0.00012500095181167126,8.300412446260452e-05,0.00029199873097240925,6.951374998607207,6.9547080056509,False,0.998180014,0.9782070742785958,True,1.0,1.0,1.0,100.0,100.0,100.0,False,False,False,False
18983,108.5,True,0.0004159956006333232,0.004499997885432094,0.0002500019036233425,0.0002079978003166616,0.00029099464882165194,6.901499997184146,6.907750001118984,False,0.9995443,1.0,True,1.0,1.0,1.0,100.0,100.0,100.0,False,False,False,False
18985,275.83,True,0.0002500019036233425,0.00325000291923061,0.000166997779160738,0.00016700505511835217,0.00033299875212833285,7.11629099532729,7.121000002371147,False,0.998841514,0.9963789871453717,True,1.0,1.0,1.0,100.0,100.0,100.0,False,False,False,False
18986,700.0,True,0.00029200600693002343,0.004499997885432094,0.0002500019036233425,0.0002079978003166616,0.00033299875212833285,7.377458001428749,7.383582997135818,False,0.99706,0.7778389847809087,True,0.9797611294690362,0.9797611294690362,0.9797611294690362,100.0,100.0,100.0,True,False,False,False
18987,76.67,True,0.0004169996827840805,0.004374996933620423,0.0002910019247792661,0.000166997779160738,0.00029199873097240925,3.731124998012092,3.7372090009739622,False,0.999677986,0.826701011622865,True,0.826701011622865,0.826701011622865,0.826701011622865,76.67,76.67,76.67,True,True,True,True
18989,532.99,True,0.000166997779160738,0.003125001967418939,0.00016700505511835217,0.000166997779160738,0.0002910019247792661,6.938792001164984,6.94320799811976,False,0.997761442,1.0,True,1.0,1.0,1.0,100.0,100.0,100.0,False,False,False,False
18990,157.94,True,0.00033400283427909017,0.0038750004023313522,0.00020800507627427578,0.0002079978003166616,0.00024999462766572833,7.250333001138642,7.255666998389643,False,0.999336652,0.8364649778431091,True,0.8610658335900354,0.8610658335900354,0.8610658335900354,100.0,100.0,100.0,True,True,True,True
19007,350.0,True,0.00016600097296759486,0.001957996573764831,8.299684850499034e-05,8.299684850499034e-05,0.00033300602808594704,6.812333005655091,6.815332999394741,False,0.99853,0.989442251292005,True,1.0,1.0,1.0,100.0,100.0,100.0,False,False,False,False
19008,50.0,True,0.00037500285543501377,0.0036670026020146906,0.00020800507627427578,0.00020800507627427578,0.00033299875212833285,3.640083006757777,3.6453749999054708,False,0.99979,0.9266105352642037,True,0.9266105352642037,0.9266105352642037,0.9266105352642037,50.0,50.0,50.0,False,False,False,False
19044,300.0,True,0.00016600097296759486,0.0020410006982274354,8.300412446260452e-05,8.300412446260452e-05,0.00033299875212833285,7.145374998799525,7.148415999836288,False,0.99874,1.0,True,1.0,1.0,1.0,100.0,100.0,100.0,False,False,False,False
19049,1.0,True,0.000166997779160738,0.0025410045054741204,0.00012500095181167126,0.00016600097296759486,0.00033299875212833285,3.6728749983012676,3.6765419936273247,False,0.9999958,0.9578773962883042,True,0.9578773962883042,0.9578773962883042,0.9578773962883042,1.0,1.0,1.0,False,False,False,False
19067,273.0,True,0.000166997779160738,0.002292006684001535,0.00012499367585405707,8.400093065574765e-05,0.00029199873097240925,7.884417005698197,7.887708998168819,False,0.9988534,0.7708104535704884,True,0.8684136752395771,0.8684136752395771,0.8684136752395771,100.0,100.0,100.0,True,True,True,True
19086,390.0,True,0.00012500095181167126,0.002125001628883183,0.00012499367585405707,0.00012500095181167126,0.00033299875212833285,7.035208000161219,7.03845800308045,False,0.998362,1.0,True,1.0,1.0,1.0,100.0,100.0,100.0,False,False,False,False
19087,149.67,True,0.00029199873097240925,0.0037080026231706142,0.00016700505511835217,0.000166997779160738,0.00033299875212833285,6.789416998799425,6.794500004616566,False,0.999371386,1.0,True,1.0,1.0,1.0,100.0,100.0,100.0,False,False,False,False
19095,300.0,True,0.0004169996827840805,0.004540997906588018,0.00029200600693002343,0.00020899460650980473,0.00033400283427909017,7.141834001231473,7.148167002014816,False,0.99874,1.0,True,1.0,1.0,1.0,100.0,100.0,100.0,False,False,False,False
19109,400.0,True,0.00016600097296759486,0.002458000381011516,8.400093065574765e-05,0.00012500095181167126,0.000333995558321476,7.4514580046525225,7.454958002199419,False,0.99832,1.0,True,1.0,1.0,1.0,100.0,100.0,100.0,False,False,False,False
19111,280.0,True,0.0004159956006333232,0.004542001988738775,0.0002500019036233425,0.0002079978003166616,0.0003749955794773996,7.182959001511335,7.189333999122027,False,0.998824,1.0,True,1.0,1.0,1.0,100.0,100.0,100.0,False,False,False,False
19113,58.0,True,0.0002090018824674189,0.003291999746579677,0.000166997779160738,0.0002090018824674189,0.00029199873097240925,3.800208003667649,3.8049579961807467,False,0.9997564,0.8613686204116436,True,0.8613686204116436,0.8613686204116436,0.8613686204116436,58.0,58.0,58.0,True,True,True,True
19114,300.0,True,0.0004160028765909374,0.003917004505638033,0.00020800507627427578,0.000166997779160738,0.00037500285543501377,6.93529199634213,6.940958999621216,False,0.99874,1.0,True,1.0,1.0,1.0,100.0,100.0,100.0,False,False,False,False
19115,70.11,True,0.0004579997039400041,0.004584006092045456,0.00029199873097240925,0.0002079978003166616,0.00029200600693002343,3.4258329978911206,3.4322089995839633,False,0.999705538,1.0,True,1.0,1.0,1.0,70.11,70.11,70.11,False,False,False,False
19116,326.0,True,0.0004169996827840805,0.004083005478605628,0.00029199873097240925,0.0002090018824674189,0.000333995558321476,7.02212499891175,7.027874999039341,False,0.9986308,1.0,True,1.0,1.0,1.0,100.0,100.0,100.0,False,False,False,False
19118,192.0,True,0.0004160028765909374,0.004125002305954695,0.00029099464882165194,0.0002500019036233425,0.00029200600693002343,7.19566699990537,7.201500004157424,False,0.9991936,0.8290848480576896,True,0.8684136752395771,0.8684136752395771,0.8684136752395771,100.0,100.0,100.0,True,True,True,True
19159,332.0,True,0.000166997779160738,0.001959000655915588,0.00012500095181167126,8.400093065574765e-05,0.000333995558321476,7.299750002857763,7.302666999748908,False,0.9986056,0.9087733278391212,True,0.9609244451109185,0.9609244451109185,0.9609244451109185,100.0,100.0,100.0,False,False,False,False
19170,39.0,True,0.000166997779160738,0.0021660016500391066,0.00012499367585405707,0.00012500095181167126,0.00037500285543501377,3.4927079977933317,3.4959999975399114,False,0.9998362,1.0,True,1.0,1.0,1.0,39.0,39.0,39.0,False,False,False,False
19174,361.0,True,0.000166997779160738,0.002334003511350602,8.400093065574765e-05,0.000166997779160738,0.00029199873097240925,7.112541003152728,7.115916996554006,False,0.9984838,0.8135363103172512,True,0.9146170005538099,0.9146170005538099,0.9146170005538099,100.0,100.0,100.0,True,False,False,False
19175,349.0,True,0.0002079978003166616,0.003583001671358943,0.0002079978003166616,0.00016600097296759486,0.00029199873097240925,7.294707997061778,7.299666001927108,False,0.9985342,0.7386157876598142,True,0.8880973597911049,0.8880973597911049,0.8880973597911049,100.0,100.0,100.0,True,True,True,True
19206,358.0,True,8.299684850499034e-05,0.0020000006770715117,8.299684850499034e-05,8.299684850499034e-05,0.00033400283427909017,6.851124999229796,6.854083003418054,False,0.9984964,1.0,True,1.0,1.0,1.0,100.0,100.0,100.0,False,False,False,False
19207,16.0,True,0.0003749955794773996,0.00404199818149209,0.0002500019036233425,0.0002090018824674189,0.00033400283427909017,3.5816660019918345,3.587250001146458,False,0.9999328,0.8945967956318288,True,0.8945967956318288,0.8945967956318288,0.8945967956318288,16.0,16.0,16.0,True,True,True,True
19218,35.0,True,0.000166997779160738,0.002125001628883183,0.00012500095181167126,0.00012500095181167126,0.00033299875212833285,3.4446669960743748,3.4478750021662563,False,0.999853,1.0,True,1.0,1.0,1.0,35.0,35.0,35.0,False,False,False,False
19259,356.0,True,0.00012500095181167126,0.001957996573764831,8.299684850499034e-05,8.299684850499034e-05,0.0003749955794773996,7.146999996621162,7.150000004912727,False,0.9985048,1.0,True,1.0,1.0,1.0,100.0,100.0,100.0,False,False,False,False
19269,300.0,True,0.00012500095181167126,0.002124994352925569,8.299684850499034e-05,8.299684850499034e-05,0.00029199873097240925,6.889208001666702,6.892292003612965,False,0.99874,1.0,True,1.0,1.0,1.0,100.0,100.0,100.0,False,False,False,False
19270,50.0,True,0.00029199873097240925,0.003458997525740415,0.000166997779160738,0.00012500095181167126,0.0002500019036233425,3.609291998145636,3.614125002059154,False,0.99979,0.9501654514822055,True,0.9501654514822055,0.9501654514822055,0.9501654514822055,50.0,50.0,50.0,False,False,False,False
19278,20.0,True,0.000166997779160738,0.002583001332823187,0.000166997779160738,0.00012500095181167126,0.00029200600693002343,3.466417001618538,3.4702080010902137,False,0.999916,1.0,True,1.0,1.0,1.0,20.0,20.0,20.0,False,False,False,False
19292,260.0,True,8.299684850499034e-05,0.0020419975044205785,0.00012500095181167126,8.299684850499034e-05,0.00029200600693002343,7.420292000460904,7.423374998325016,False,0.998908,0.831933710930058,True,0.8940181450675031,0.8940181450675031,0.8940181450675031,100.0,100.0,100.0,True,True,True,True
19293,37.0,True,0.00037500285543501377,0.0037919962778687477,0.0002090018824674189,0.00016700505511835217,0.00037500285543501377,3.743166002095677,3.748584000277333,False,0.9998446,0.8010393798277671,True,0.8010393798277671,0.8010393798277671,0.8010393798277671,37.0,37.0,37.0,True,True,True,True
19294,268.78,True,0.00033299875212833285,0.0037080026231706142,0.00012500095181167126,0.0002079978003166616,0.0002910019247792661,7.449666998581961,7.454709004377946,False,0.998871124,0.8606351905123966,True,0.9146170005538099,0.9146170005538099,0.9146170005538099,100.0,100.0,100.0,True,False,False,False
19306,49.67,True,0.0004590037860907614,0.004749999789055437,0.00033299875212833285,0.00016600097296759486,0.0003749955794773996,3.4911659968202002,3.4978749972651713,False,0.999791386,0.985771446563268,True,0.985771446563268,0.985771446563268,0.985771446563268,49.67,49.67,49.67,False,False,False,False
19307,367.36,True,0.00024999462766572833,0.004583998816087842,0.00029199873097240925,0.00024999462766572833,0.00037500285543501377,7.142750000639353,7.149000004574191,False,0.998457088,1.0,True,1.0,1.0,1.0,100.0,100.0,100.0,False,False,False,False
19308,84.09,True,0.0004169996827840805,0.004749999789055437,0.00024999462766572833,0.00024999462766572833,0.0002910019247792661,3.570250002667308,3.5767919980571605,False,0.999646822,1.0,True,1.0,1.0,1.0,84.09,84.09,84.09,False,False,False,False
19317,50.0,True,0.000166997779160738,0.0021660016500391066,0.00012500095181167126,0.00016600097296759486,0.00029199873097240925,3.8381249978556298,3.8414579976233654,False,0.99979,0.7923682930271392,True,0.7923682930271392,0.7923682930271392,0.7923682930271392,50.0,50.0,50.0,True,True,True,True
19319,300.0,True,0.0002500019036233425,0.003125001967418939,0.00012500095181167126,0.00012499367585405707,0.00033299875212833285,7.055166999634821,7.059625000692904,False,0.99874,1.0,True,1.0,1.0,1.0,100.0,100.0,100.0,False,False,False,False
19355,389.0,True,0.00012500095181167126,0.002167005732189864,0.00012500095181167126,8.400093065574765e-05,0.00029199873097240925,6.827125005656853,6.830291997175664,False,0.9983662,0.9731488785556229,True,1.0,1.0,1.0,100.0,100.0,100.0,False,False,False,False
19356,182.0,True,0.0003749955794773996,0.003541994374245405,0.0002090018824674189,0.00016700505511835217,0.00033299875212833285,6.710416993882973,6.7153749987483025,False,0.9992356,1.0,True,1.0,1.0,1.0,100.0,100.0,100.0,False,False,False,False
19370,350.0,True,0.00016700505511835217,0.002083994331769645,8.400093065574765e-05,0.00012500095181167126,0.00029199873097240925,6.688875000691041,6.691959002637304,False,0.99853,1.0,True,1.0,1.0,1.0,100.0,100.0,100.0,False,False,False,False
19371,50.0,True,0.00033400283427909017,0.0034999975468963385,0.0002079978003166616,0.00016700505511835217,0.000333995558321476,3.5353330022189766,3.5403330039116554,False,0.99979,1.0,True,1.0,1.0,1.0,50.0,50.0,50.0,False,False,False,False
19374,350.0,True,0.00012500095181167126,0.0025000044843181968,0.00012500095181167126,0.00016599369700998068,0.0003749955794773996,6.841000002168585,6.844666997494642,False,0.99853,1.0,True,1.0,1.0,1.0,100.0,100.0,100.0,False,False,False,False
19385,13.0,True,0.00016600097296759486,0.0020419975044205785,0.00012499367585405707,8.299684850499034e-05,0.00029199873097240925,3.5710000011022203,3.574125003069639,False,0.9999454,1.0,True,1.0,1.0,1.0,13.0,13.0,13.0,False,False,False,False
19409,313.76,True,8.300412446260452e-05,0.001915999746415764,4.200410330668092e-05,0.00012500095181167126,0.00029199873097240925,7.219667000754271,7.2224579998874106,False,0.998682208,0.8215443494164644,True,0.9047710926081675,0.9047710926081675,0.9047710926081675,100.0,100.0,100.0,True,False,False,False
19425,350.0,True,0.00012499367585405707,0.0020419975044205785,8.400093065574765e-05,0.00012500095181167126,0.00037500285543501377,6.970541006012354,6.973582996579353,False,0.99853,1.0,True,1.0,1.0,1.0,100.0,100.0,100.0,False,False,False,False
19426,50.0,True,0.00033300602808594704,0.0036249984987080097,0.0002500019036233425,0.00016700505511835217,0.00029199873097240925,3.510417001962196,3.515541997330729,False,0.99979,0.9076253570919077,True,0.9076253570919077,0.9076253570919077,0.9076253570919077,50.0,50.0,50.0,False,False,False,False
19429,350.0,True,0.00020899460650980473,0.002459004463162273,0.00012500095181167126,0.00012500095181167126,0.0002500019036233425,6.710583002131898,6.71416700060945,False,0.99853,1.0,True,1.0,1.0,1.0,100.0,100.0,100.0,False,False,False,False
19433,29.5,True,0.000166997779160738,0.002583001332823187,0.00016600097296759486,0.00016700505511835217,0.000333995558321476,3.5023749951506034,3.5061250018770806,False,0.9998761,1.0,True,1.0,1.0,1.0,29.5,29.5,29.5,False,False,False,False
19438,50.0,True,0.00037500285543501377,0.005041998520027846,0.00024999462766572833,0.0002500019036233425,0.0003749955794773996,3.744125002413057,3.7509580070036463,False,0.99979,0.9349734191541557,True,0.9349734191541557,0.9349734191541557,0.9349734191541557,50.0,50.0,50.0,False,False,False,False
19491,15.06,True,0.000166997779160738,0.0023750035325065255,8.299684850499034e-05,0.00012500095181167126,0.0004579997039400041,3.5583339995355345,3.5619170012068935,False,0.999936748,1.0,True,1.0,1.0,1.0,15.06,15.06,15.06,False,False,False,False
19492,375.0,True,0.0002079978003166616,0.003749999450519681,0.00016700505511835217,0.00016600097296759486,0.00033400283427909017,7.168957999965642,7.1739999984856695,False,0.998425,0.9057429412155392,True,0.9667758969914794,0.9667758969914794,0.9667758969914794,100.0,100.0,100.0,False,False,False,False
19494,44.0,True,0.000500003807246685,0.005374997272156179,0.00029200600693002343,0.0002500019036233425,0.0005420006345957518,3.7012089960626327,3.7088329991092905,False,0.9998152,1.0,True,1.0,1.0,1.0,44.0,44.0,44.0,False,False,False,False
19499,826.83,True,0.00016700505511835217,0.0028340000426396728,0.00012499367585405707,0.00012500095181167126,0.0003749955794773996,6.86883299931651,6.872792000649497,False,0.996527314,0.9805966420710212,True,1.0,1.0,1.0,100.0,100.0,100.0,False,False,False,False
19501,268.0,True,0.000500003807246685,0.005290996341500431,0.00033299875212833285,0.0002079978003166616,0.0003749955794773996,7.1995830003288575,7.2068329973262735,False,0.9988744,1.0,True,1.0,1.0,1.0,100.0,100.0,100.0,False,False,False,False
19505,151.0,True,0.0004590037860907614,0.00508299854118377,0.00029200600693002343,0.0002910019247792661,0.0004169996827840805,7.373374995950144,7.380417002423201,False,0.9993658,0.8778184121051802,True,0.8940181450675031,0.8940181450675031,0.8940181450675031,100.0,100.0,100.0,True,True,True,True
19508,831.42,True,0.00016600097296759486,0.0026669949875213206,8.400093065574765e-05,0.00012500095181167126,0.0002500019036233425,6.9488750013988465,6.952625000849366,False,0.996508036,0.9797814666951065,True,1.0,1.0,1.0,100.0,100.0,100.0,False,False,False,False
19509,225.0,True,0.0004579997039400041,0.004665998858399689,0.00029199873097240925,0.0002079978003166616,0.00033299875212833285,7.124916999600828,7.1313329972326756,False,0.999055,1.0,True,1.0,1.0,1.0,100.0,100.0,100.0,False,False,False,False
19511,400.0,True,0.0002090018824674189,0.003125001967418939,0.0002079978003166616,0.00016600097296759486,0.00033299875212833285,7.0572499971603975,7.061832999170292,False,0.99832,1.0,True,1.0,1.0,1.0,100.0,100.0,100.0,False,False,False,False
19512,357.33,True,0.00029199873097240925,0.0048340007197111845,0.0002500019036233425,0.00016700505511835217,0.00029199873097240925,6.979707999562379,6.986000000324566,False,0.998499214,1.0,True,1.0,1.0,1.0,100.0,100.0,100.0,False,False,False,False
19514,403.0,True,0.0002079978003166616,0.0032080060918815434,0.000166997779160738,0.00012500095181167126,0.00024999462766572833,7.300208002561703,7.30462500359863,False,0.9983074,0.846139303239786,True,0.9401831759410586,0.9401831759410586,0.9401831759410586,100.0,100.0,100.0,True,False,False,False
19517,504.13,True,0.00016700505511835217,0.002458000381011516,0.00012500095181167126,0.0002090018824674189,0.00029199873097240925,6.912833996466361,6.9165000022621825,False,0.997882654,1.0,True,1.0,1.0,1.0,100.0,100.0,100.0,False,False,False,False
19519,71.0,True,0.0004579997039400041,0.0049579975893720984,0.00029199873097240925,0.0002500019036233425,0.0004169996827840805,3.8149579995661043,3.821916994638741,False,0.9997018,0.8965645168387789,True,0.8965645168387789,0.8965645168387789,0.8965645168387789,71.0,71.0,71.0,True,True,True,True
19525,432.14,True,0.00012500095181167126,0.0023329994291998446,0.00012500095181167126,8.299684850499034e-05,0.00033300602808594704,6.888708005135413,6.892165998579003,False,0.998185012,1.0,True,1.0,1.0,1.0,100.0,100.0,100.0,False,False,False,False
19528,294.0,True,0.00016600097296759486,0.0023749962565489113,0.00016599369700998068,8.299684850499034e-05,0.00033299875212833285,7.115207998140249,7.118749999790452,False,0.9987652,0.8497293365848557,True,0.9146170005538099,0.9146170005538099,0.9146170005538099,100.0,100.0,100.0,True,False,False,False
19529,80.0,True,0.0004169996827840805,0.0038330035749822855,0.00020800507627427578,0.00012500095181167126,0.00029199873097240925,3.8489170037792064,3.854290996969212,False,0.999664,0.7858418624172011,True,0.7858418624172011,0.7858418624172011,0.7858418624172011,80.0,80.0,80.0,True,True,True,True
19532,382.0,True,0.000166997779160738,0.002749999111983925,0.00012500095181167126,0.00012500095181167126,0.00033299875212833285,6.922833003045525,6.926707996171899,False,0.9983956,1.0,True,1.0,1.0,1.0,100.0,100.0,100.0,False,False,False,False
19536,12.0,True,0.0002079978003166616,0.002792003215290606,0.0002090018824674189,0.000166997779160738,0.00033300602808594704,3.6967080013710074,3.700916000525467,False,0.9999496,0.8154890267442874,True,0.8154890267442874,0.8154890267442874,0.8154890267442874,12.0,12.0,12.0,True,True,True,True
19542,470.0,True,0.00020800507627427578,0.004499997885432094,0.0002500019036233425,0.0002079978003166616,0.00029199873097240925,7.106834003934637,7.11287499871105,False,0.998026,1.0,True,1.0,1.0,1.0,100.0,100.0,100.0,False,False,False,False
19543,51.71,True,0.0004169996827840805,0.004167006409261376,0.0002079978003166616,0.00016600097296759486,0.00029199873097240925,3.6730829961015843,3.678916000353638,False,0.999782818,1.0,True,1.0,1.0,1.0,51.71,51.71,51.71,False,False,False,False
19544,267.41,True,0.00033400283427909017,0.0041669991333037615,0.0002079978003166616,0.00016700505511835217,0.000333995558321476,7.1198750010808,7.12566699803574,False,0.998876878,0.9970657211392968,True,1.0,1.0,1.0,100.0,100.0,100.0,False,False,False,False
19546,89.0,True,0.0002500019036233425,0.013874996511731297,0.00033400283427909017,0.0002500019036233425,0.00037500285543501377,3.760333995160181,3.775958000915125,False,0.9996262,0.7570849717041528,True,0.7570849717041528,0.7570849717041528,0.7570849717041528,89.0,89.0,89.0,True,True,True,True
19550,115.0,True,0.0004579997039400041,0.00483399344375357,0.00029200600693002343,0.0002500019036233425,0.0003749955794773996,7.096916997397784,7.103709001967218,False,0.999517,1.0,True,1.0,1.0,1.0,100.0,100.0,100.0,False,False,False,False
19559,34.0,True,0.000500003807246685,0.004917004844173789,0.0002910019247792661,0.00029199873097240925,0.00033400283427909017,3.5732089963858016,3.580083000997547,False,0.9998572,1.0,True,1.0,1.0,1.0,34.0,34.0,34.0,False,False,False,False
19576,279.0,True,0.0002090018824674189,0.0022090025595389307,0.00012500095181167126,8.300412446260452e-05,0.00029199873097240925,7.209457995486446,7.212833006633446,False,0.9988282,1.0,True,1.0,1.0,1.0,100.0,100.0,100.0,False,False,False,False
19590,55.0,True,0.0004169996827840805,0.005125002644490451,0.0003749955794773996,0.00024999462766572833,0.0003749955794773996,3.865499995299615,3.872666995448526,False,0.999769,0.8624509861647907,True,0.8624509861647907,0.8624509861647907,0.8624509861647907,55.0,55.0,55.0,True,True,True,True
19597,500.0,True,0.00016600097296759486,0.00224999530473724,4.1000021155923605e-05,0.00012500095181167126,0.0004159956006333232,7.215624995296821,7.218958002340514,False,0.9979,1.0,True,1.0,1.0,1.0,100.0,100.0,100.0,False,False,False,False
19598,167.93,True,0.0004169996827840805,0.004540997906588018,0.0002500019036233425,0.0002079978003166616,0.00033299875212833285,6.790665996959433,6.796875000873115,False,0.999294694,1.0,True,1.0,1.0,1.0,100.0,100.0,100.0,False,False,False,False
19610,471.0,True,0.0002090018824674189,0.004833003913518041,0.0002910019247792661,0.0002500019036233425,0.00033299875212833285,7.015666000370402,7.022166995739099,False,0.9980218,1.0,True,1.0,1.0,1.0,100.0,100.0,100.0,False,False,False,False
19612,99.0,True,0.0005409965524449944,0.005207999492995441,0.00029200600693002343,0.0005839974619448185,0.0004169996827840805,3.6153750043013133,3.6229590041330084,False,0.9995842,1.0,True,1.0,1.0,1.0,99.0,99.0,99.0,False,False,False,False
19613,432.61,True,0.00029199873097240925,0.0046670029405504465,0.0002500019036233425,0.0002090018824674189,0.000333995558321476,7.371374995273072,7.377665999229066,False,0.998183038,0.9627099116400654,True,0.9999196673918644,0.9999196673918644,0.9999196673918644,100.0,100.0,100.0,False,False,False,False
19617,590.9,True,0.00020800507627427578,0.003082997864112258,0.00012500095181167126,0.00016600097296759486,0.00033299875212833285,6.902082997839898,6.906542002980132,False,0.99751822,1.0,True,1.0,1.0,1.0,100.0,100.0,100.0,False,False,False,False
19620,73.83,True,0.000500003807246685,0.005084002623334527,0.00033299875212833285,0.00024999462766572833,0.0003749955794773996,3.6252919962862507,3.6324589964351617,False,0.999689914,1.0,True,1.0,1.0,1.0,73.83,73.83,73.83,False,False,False,False
19621,302.76,True,0.000500003807246685,0.004875000740867108,0.00029199873097240925,0.0002500019036233425,0.00037500285543501377,6.941292005649302,6.948166999791283,False,0.998728408,1.0,True,1.0,1.0,1.0,100.0,100.0,100.0,False,False,False,False
19627,443.52,True,0.00016600097296759486,0.0022079984773881733,0.00012500095181167126,0.00012500095181167126,0.00029200600693002343,6.885417002195027,6.888792006066069,False,0.998137216,1.0,True,1.0,1.0,1.0,100.0,100.0,100.0,False,False,False,False
19636,311.0,True,0.0004579997039400041,0.004875000740867108,0.0002910019247792661,0.0002500019036233425,0.00033300602808594704,7.083083000907209,7.089915998221841,False,0.9986938,1.0,True,1.0,1.0,1.0,100.0,100.0,100.0,False,False,False,False
19651,60.0,True,0.00033299875212833285,0.0031659947126172483,0.0002079978003166616,0.000166997779160738,0.0004169996827840805,3.925083001377061,3.9299169948208146,False,0.999748,1.0,True,1.0,1.0,1.0,60.0,60.0,60.0,False,False,False,False
19654,375.0,True,0.000166997779160738,0.002749999111983925,0.00012500095181167126,0.00012500095181167126,0.0004579997039400041,9.211958000378218,9.216083002684172,False,0.998425,0.9863096078509795,True,1.0,1.0,1.0,100.0,100.0,100.0,False,False,False,False
19658,377.0,True,0.0002079978003166616,0.0025420013116672635,8.400093065574765e-05,0.00012500095181167126,0.0005830006557516754,8.10408299730625,8.107957997708581,False,0.9984166,0.927400814579263,True,0.9797611294690362,0.9797611294690362,0.9797611294690362,100.0,100.0,100.0,False,False,False,False
19659,71.0,True,0.0005410038284026086,0.004624998837243766,0.0004159956006333232,0.00029199873097240925,0.00033299875212833285,3.4510830009821802,3.4576670004753396,False,0.9997018,1.0,True,1.0,1.0,1.0,71.0,71.0,71.0,False,False,False,False
19664,484.5,True,0.0005420006345957518,0.006000002031214535,0.00037500285543501377,0.00029199873097240925,0.0005420006345957518,7.664500000828411,7.6728750063921325,False,0.9979651,0.8532748813999276,True,0.9609244451109185,0.9609244451109185,0.9609244451109185,100.0,100.0,100.0,True,False,False,False
19666,199.29,True,0.0007079943316057324,0.005000001692678779,0.00029199873097240925,0.0002090018824674189,0.000333995558321476,7.416167005430907,7.423291994200554,False,0.999162982,0.7870362862511606,True,0.8447972696279995,0.8447972696279995,0.8447972696279995,100.0,100.0,100.0,True,True,True,True
19667,696.33,True,0.00033299875212833285,0.0054580013966187835,0.00029199873097240925,0.00033400283427909017,0.00037500285543501377,7.142166999983601,7.149541997932829,False,0.997075414,0.9977814454196582,True,1.0,1.0,1.0,100.0,100.0,100.0,False,False,False,False
19673,416.0,True,0.00033400283427909017,0.005249996320344508,0.00029199873097240925,0.00020899460650980473,0.0004169996827840805,7.04099999711616,7.048207997286227,False,0.9982528,0.9169692774678898,True,0.9797611294690362,0.9797611294690362,0.9797611294690362,100.0,100.0,100.0,False,False,False,False
19676,50.0,True,0.000500003807246685,0.005000001692678779,0.000333995558321476,0.00029199873097240925,0.00037500285543501377,3.770375005842652,3.777416997763794,False,0.99979,0.8391675925133344,True,0.8391675925133344,0.8391675925133344,0.8391675925133344,50.0,50.0,50.0,True,True,True,True
19711,199.68,True,0.00033299875212833285,0.003917004505638033,0.00020800507627427578,0.00012499367585405707,0.0002910019247792661,7.2306249930989,7.235958997625858,False,0.999161344,0.9945510724711507,True,0.9999196673918644,0.9999196673918644,0.9999196673918644,100.0,100.0,100.0,False,False,False,False
19737,46.33,True,0.0004999965312890708,0.005084002623334527,0.000333995558321476,0.0002090018824674189,0.0003749955794773996,3.7908750018686987,3.7979159969836473,False,0.999805414,0.8578364134334133,True,0.8578364134334133,0.8578364134334133,0.8578364134334133,46.33,46.33,46.33,True,True,True,True
19738,334.0,True,0.0004159956006333232,0.004416004230733961,0.00024999462766572833,0.00016700505511835217,0.00033299875212833285,6.945499997527804,6.951667004614137,False,0.9985972,1.0,True,1.0,1.0,1.0,100.0,100.0,100.0,False,False,False,False
19756,35.84,True,0.0005419933586381376,0.004459005140233785,0.000333995558321476,0.0002500019036233425,0.00037500285543501377,3.7071249971631914,3.713459002028685,False,0.999849472,0.8017688199383727,True,0.8017688199383727,0.8017688199383727,0.8017688199383727,35.84,35.84,35.84,True,True,True,True
19797,424.0,True,0.000166997779160738,0.002291999408043921,0.00012500095181167126,8.300412446260452e-05,0.00033299875212833285,7.534832999226637,7.538207995821722,False,0.9982192,0.7559957707166604,True,0.9146170005538099,0.9146170005538099,0.9146170005538099,100.0,100.0,100.0,True,False,False,False
19798,94.0,True,0.0004999965312890708,0.00516599538968876,0.00033299875212833285,0.00020800507627427578,0.00033299875212833285,3.859917000227142,3.8669999994453974,False,0.9996052,1.0,True,1.0,1.0,1.0,94.0,94.0,94.0,False,False,False,False
19806,280.29,True,0.000166997779160738,0.0024170003598555923,0.000166997779160738,0.00012500095181167126,0.00029199873097240925,8.142040998791344,8.145542000420392,False,0.998822782,0.7623864283341351,True,0.8684136752395771,0.8684136752395771,0.8684136752395771,100.0,100.0,100.0,True,True,True,True
19807,48.86,True,0.0003749955794773996,0.004292000085115433,0.0002500019036233425,0.00016600097296759486,0.0003749955794773996,3.5872499938705005,3.5932500031776726,False,0.999794788,0.917917822443214,True,0.917917822443214,0.917917822443214,0.917917822443214,48.86,48.86,48.86,False,False,False,False
19814,92.67,True,0.0004579997039400041,0.004499997885432094,0.0002500019036233425,0.000166997779160738,0.0004169996827840805,3.742790999240242,3.749165996850934,False,0.999610786,0.8961257970647062,True,0.8961257970647062,0.8961257970647062,0.8961257970647062,92.67,92.67,92.67,True,True,True,True
19820,60.0,True,0.00029199873097240925,0.002958004188258201,0.00024999462766572833,0.00016700505511835217,0.00029199873097240925,3.526749998854939,3.5311249957885593,False,0.999748,1.0,True,1.0,1.0,1.0,60.0,60.0,60.0,False,False,False,False
19822,259.0,True,0.0004160028765909374,0.003999994078185409,0.0002500019036233425,0.000166997779160738,0.00029200600693002343,6.881709006847814,6.887417002872098,False,0.9989122,0.9539113441515272,True,0.9797611294690362,0.9797611294690362,0.9797611294690362,100.0,100.0,100.0,False,False,False,False
19823,15.0,True,0.000333995558321476,0.003999994078185409,0.0002910019247792661,0.00012500095181167126,0.0002910019247792661,3.3666669987724163,3.3721670042723417,False,0.999937,1.0,True,1.0,1.0,1.0,15.0,15.0,15.0,False,False,False,False
19827,48.0,True,0.00033299875212833285,0.003707995347213,0.0002079978003166616,0.00012500095181167126,0.00029199873097240925,3.4849170042434707,3.4900000027846545,False,0.9997984,0.8790273283196842,True,0.8790273283196842,0.8790273283196842,0.8790273283196842,48.0,48.0,48.0,True,True,True,True
19831,153.0,True,0.0004579997039400041,0.004624998837243766,0.00033299875212833285,0.0002500019036233425,0.00033299875212833285,7.14062499901047,7.147124997572973,False,0.9993574,0.9722042752713476,True,0.9797611294690362,0.9797611294690362,0.9797611294690362,100.0,100.0,100.0,False,False,False,False
19841,92.0,True,0.0004590037860907614,0.004375004209578037,0.00037500285543501377,0.0002090018824674189,0.0003749955794773996,3.4165409961133264,3.422916997806169,False,0.9996136,1.0,True,1.0,1.0,1.0,92.0,92.0,92.0,False,False,False,False
19867,901.53,True,0.00012500095181167126,0.0020830048015341163,8.300412446260452e-05,0.00012500095181167126,0.00033400283427909017,6.994167000812013,6.997291995503474,False,0.996213574,0.9628295952608132,True,1.0,1.0,1.0,100.0,100.0,100.0,False,False,False,False
19868,15.0,True,0.00037500285543501377,0.00470800296170637,0.00029199873097240925,0.00016700505511835217,0.00033299875212833285,3.4941659978358075,3.500541002722457,False,0.999937,1.0,True,1.0,1.0,1.0,15.0,15.0,15.0,False,False,False,False
19873,200.0,True,0.0005410038284026086,0.005000001692678779,0.0002910019247792661,0.0002079978003166616,0.00033299875212833285,6.960833001357969,6.967708999582101,False,0.99916,0.9979247652103812,True,1.0,1.0,1.0,100.0,100.0,100.0,False,False,False,False
19874,363.64,True,0.00033299875212833285,0.0047909998102113605,0.0002500019036233425,0.0002500019036233425,0.00037500285543501377,7.5630829960573465,7.569707995571662,False,0.998472712,0.8117934956176525,True,0.9146170005538099,0.9146170005538099,0.9146170005538099,100.0,100.0,100.0,True,False,False,False
19885,420.0,True,0.00024999462766572833,0.004417001036927104,0.00029099464882165194,0.0002500019036233425,0.00037500285543501377,7.1509170011268,7.157041996833868,False,0.998236,0.9650423407331202,True,0.9999196673918644,0.9999196673918644,0.9999196673918644,100.0,100.0,100.0,False,False,False,False
19886,110.0,True,0.0004169996827840805,0.004292000085115433,0.0002079978003166616,0.00016700505511835217,0.00033299875212833285,6.95508299395442,6.961083003261592,False,0.999538,0.9380662112446638,True,0.9401831759410586,0.9401831759410586,0.9401831759410586,100.0,100.0,100.0,False,False,False,False
19893,477.13,True,0.00016600097296759486,0.002291999408043921,0.00012500095181167126,8.299684850499034e-05,0.00029200600693002343,6.979833000514191,6.983083003433421,False,0.997996054,1.0,True,1.0,1.0,1.0,100.0,100.0,100.0,False,False,False,False
19894,143.0,True,0.00037500285543501377,0.0038330035749822855,0.00020800507627427578,0.000166997779160738,0.0002500019036233425,6.839916997705586,6.845249998150393,False,0.9993994,1.0,True,1.0,1.0,1.0,100.0,100.0,100.0,False,False,False,False
19908,191.0,True,0.0004169996827840805,0.0049579975893720984,0.00029200600693002343,0.0002500019036233425,0.000333995558321476,7.317457995668519,7.324291997065302,False,0.9991978,0.9436128722102546,True,0.9609244451109185,0.9609244451109185,0.9609244451109185,100.0,100.0,100.0,False,False,False,False
19917,304.0,True,0.0002090018824674189,0.0024999972083605826,0.00012499367585405707,0.00012500095181167126,0.0004159956006333232,7.629416999407113,7.633166002051439,False,0.9987232,1.0,True,1.0,1.0,1.0,100.0,100.0,100.0,False,False,False,False
19925,118.2,True,0.0006249974831007421,0.005207999492995441,0.00037500285543501377,0.0002910019247792661,0.0004169996827840805,7.428999997500796,7.436459003656637,False,0.99950356,0.9577994319958731,True,0.9609244451109185,0.9609244451109185,0.9609244451109185,100.0,100.0,100.0,False,False,False,False
19936,362.0,True,0.00012500095181167126,0.0021660016500391066,0.00016700505511835217,0.00016600097296759486,0.0004169996827840805,7.280083002115134,7.2834170059650205,False,0.9984796,1.0,True,1.0,1.0,1.0,100.0,100.0,100.0,False,False,False,False
19938,84.0,True,0.0006250047590583563,0.005333000444807112,0.00037500285543501377,0.0003749955794773996,0.000500003807246685,3.430083001148887,3.4377910051262006,False,0.9996472,1.0,True,1.0,1.0,1.0,84.0,84.0,84.0,False,False,False,False
19941,1024.59,True,0.00012500095181167126,0.002624998160172254,0.00012500095181167126,0.00012500095181167126,0.00029199873097240925,7.1042920026229694,7.107875004294328,False,0.995696722,0.9312009846263575,True,1.0,1.0,1.0,100.0,100.0,100.0,False,False,False,False
19942,478.0,True,0.0002500019036233425,0.0039590013329871,0.00029199873097240925,0.000166997779160738,0.0003749955794773996,6.950833005248569,6.956332996196579,False,0.9979924,1.0,True,1.0,1.0,1.0,100.0,100.0,100.0,False,False,False,False
19949,635.0,True,0.00016600097296759486,0.002291002601850778,0.00012500095181167126,0.00012500095181167126,0.00033400283427909017,6.970917005673982,6.974457995966077,False,0.997333,0.9259869725481955,True,1.0,1.0,1.0,100.0,100.0,100.0,False,False,False,False
19950,368.0,True,0.00033299875212833285,0.004707995685748756,0.00029099464882165194,0.0002079978003166616,0.00033299875212833285,6.979917001444846,6.986249994952232,False,0.9984544,0.9872001373690169,True,1.0,1.0,1.0,100.0,100.0,100.0,False,False,False,False
19952,112.0,True,0.0002500019036233425,0.0033339965739287436,0.00012500095181167126,0.00012500095181167126,0.00033299875212833285,7.5526250002440065,7.557292003184557,False,0.9995296,0.9014442461112857,True,0.9047710926081675,0.9047710926081675,0.9047710926081675,100.0,100.0,100.0,False,False,False,False
19959,7.0,True,0.0003749955794773996,0.003957997250836343,0.0002910019247792661,0.00016700505511835217,0.0003749955794773996,3.570583001419436,3.5762920015258715,False,0.9999706,1.0,True,1.0,1.0,1.0,7.0,7.0,7.0,False,False,False,False
19961,130.0,True,0.0004590037860907614,0.005000001692678779,0.00033400283427909017,0.0002500019036233425,0.00033299875212833285,7.142208000004757,7.149167002353352,False,0.999454,0.9163889368473713,True,0.9237376331502339,0.9237376331502339,0.9237376331502339,100.0,100.0,100.0,False,False,False,False
19964,390.0,True,0.0002079978003166616,0.0024170003598555923,8.299684850499034e-05,0.00016599369700998068,0.00029200600693002343,6.563208997249603,6.566624993865844,False,0.998362,1.0,True,1.0,1.0,1.0,100.0,100.0,100.0,False,False,False,False
19969,26.0,True,0.0004579997039400041,0.0049579975893720984,0.00033299875212833285,0.00029200600693002343,0.0003749955794773996,4.021708002255764,4.0286660005222075,False,0.9998908,0.8491177382768621,True,0.8491177382768621,0.8491177382768621,0.8491177382768621,26.0,26.0,26.0,True,True,True,True
19970,908.37,True,0.00033299875212833285,0.005207999492995441,0.00033300602808594704,0.0002500019036233425,0.0003749955794773996,7.36575000337325,7.372875006694812,False,0.996184846,0.9637924380430732,True,1.0,1.0,1.0,100.0,100.0,100.0,False,False,False,False
19971,205.0,True,0.0005419933586381376,0.005041998520027846,0.00033299875212833285,0.0002079978003166616,0.00037500285543501377,9.098916001676116,9.106249999604188,False,0.999139,0.7821192808979673,True,0.8447972696279995,0.8447972696279995,0.8447972696279995,100.0,100.0,100.0,True,True,True,True
19997,302.0,True,0.0009159994078800082,0.009208000847138464,0.0006250047590583563,0.0005419933586381376,0.0005409965524449944,7.9408749952563085,7.953292006277479,False,0.9987316,0.8067090989314407,True,0.8940181450675031,0.8940181450675031,0.8940181450675031,100.0,100.0,100.0,True,True,True,True
19998,5.0,True,0.0007080016075633466,0.0061250029830262065,0.0004169996827840805,0.0002910019247792661,0.0005830006557516754,3.8040829967940226,3.81270900106756,False,0.999979,1.0,True,1.0,1.0,1.0,5.0,5.0,5.0,False,False,False,False
20001,526.97,True,0.00016600097296759486,0.0029579969123005867,0.00012500095181167126,0.00016700505511835217,0.0003749955794773996,8.647875001770444,8.652208001876716,False,0.997786726,1.0,True,1.0,1.0,1.0,100.0,100.0,100.0,False,False,False,False
20002,75.0,True,0.0009170034900307655,0.007624999852851033,0.0004160028765909374,0.0004999965312890708,0.0004999965312890708,4.235249994962942,4.2458749958314,False,0.999685,0.9828112769780138,True,0.9828112769780138,0.9828112769780138,0.9828112769780138,75.0,75.0,75.0,False,False,False,False
20021,444.0,True,0.00016700505511835217,0.0021669984562322497,8.300412446260452e-05,0.00012500095181167126,0.00037500285543501377,7.851665999623947,7.854999996197876,False,0.9981352,1.0,True,1.0,1.0,1.0,100.0,100.0,100.0,False,False,False,False
20022,50.0,True,0.0006250047590583563,0.0046670029405504465,0.00029199873097240925,0.0002500019036233425,0.0004579997039400041,3.4437499998603016,3.4505829971749336,False,0.99979,1.0,True,1.0,1.0,1.0,50.0,50.0,50.0,False,False,False,False
20045,95.0,True,0.00012500095181167126,0.002167005732189864,8.299684850499034e-05,0.00012500095181167126,0.00033299875212833285,3.922541996871587,3.9257500029634684,False,0.999601,0.8896062271086645,True,0.8896062271086645,0.8896062271086645,0.8896062271086645,95.0,95.0,95.0,True,True,True,True
20053,700.0,True,0.000166997779160738,0.0025419940357096493,0.00012500095181167126,8.299684850499034e-05,0.00033299875212833285,9.176374995149672,9.180166998703498,False,0.99706,0.9062659824608861,True,1.0,1.0,1.0,100.0,100.0,100.0,False,False,False,False
20057,600.0,True,0.0002090018824674189,0.003291999746579677,0.00020800507627427578,0.00016600097296759486,0.0004169996827840805,7.820667000487447,7.825458000297658,False,0.99748,1.0,True,1.0,1.0,1.0,100.0,100.0,100.0,False,False,False,False
20058,260.0,True,0.0004579997039400041,0.0046670029405504465,0.00033299875212833285,0.0002500019036233425,0.000333995558321476,7.679624999582302,7.686165998165961,False,0.998908,0.8641891366860193,True,0.9146170005538099,0.9146170005538099,0.9146170005538099,100.0,100.0,100.0,True,False,False,False
20060,192.03,True,0.0007080016075633466,0.0056249991757795215,0.0004159956006333232,0.00033299875212833285,0.0004999965312890708,7.57054199493723,7.578665994515177,False,0.999193474,0.8627535554726208,True,0.8940181450675031,0.8940181450675031,0.8940181450675031,100.0,100.0,100.0,True,True,True,True
20061,384.0,True,0.0003749955794773996,0.00549999822396785,0.0004169996827840805,0.0002500019036233425,0.00037500285543501377,7.4690830006147735,7.4766660036402754,False,0.9983872,0.7970659917562304,True,0.9146170005538099,0.9146170005538099,0.9146170005538099,100.0,100.0,100.0,True,False,False,False
20064,383.0,True,0.0002079978003166616,0.003125001967418939,0.00012500095181167126,8.400093065574765e-05,0.0004169996827840805,7.625833997735754,7.630332998814993,False,0.9983914,0.7655362104204168,True,0.9047710926081675,0.9047710926081675,0.9047710926081675,100.0,100.0,100.0,True,False,False,False
20068,468.0,True,0.00024999462766572833,0.002959000994451344,0.00020800507627427578,0.000166997779160738,0.0004159956006333232,7.279499994183425,7.284083003469277,False,0.9980344,0.9644235519336357,True,1.0,1.0,1.0,100.0,100.0,100.0,False,False,False,False
20069,245.0,True,0.000500003807246685,0.004958004865329713,0.00033299875212833285,0.0002500019036233425,0.0003749955794773996,7.037041999865323,7.044082994980272,False,0.998971,1.0,True,1.0,1.0,1.0,100.0,100.0,100.0,False,False,False,False
20070,424.0,True,0.00029200600693002343,0.004792003892362118,0.0002500019036233425,0.0002090018824674189,0.00029199873097240925,7.359540999459568,7.366040998022072,False,0.9982192,0.9147093524035679,True,0.9797611294690362,0.9797611294690362,0.9797611294690362,100.0,100.0,100.0,False,False,False,False
20071,12.0,True,0.0004169996827840805,0.004708999767899513,0.00029199873097240925,0.0002090018824674189,0.00033400283427909017,3.4910419999505393,3.4975830058101565,False,0.9999496,1.0,True,1.0,1.0,1.0,12.0,12.0,12.0,False,False,False,False
20078,127.0,True,0.0005830006557516754,0.004833003913518041,0.00037500285543501377,0.0002500019036233425,0.00037500285543501377,7.498792001570109,7.505832996685058,False,0.9994666,0.7970871245350934,True,0.8142143494265454,0.8142143494265454,0.8142143494265454,100.0,100.0,100.0,True,True,True,True
20087,341.39,True,0.00012499367585405707,0.0020840016077272594,0.00012500095181167126,0.00012500095181167126,0.00033299875212833285,7.2580409978399985,7.2612079966347665,False,0.998566162,1.0,True,1.0,1.0,1.0,100.0,100.0,100.0,False,False,False,False
20093,783.08,True,0.00016700505511835217,0.0024999972083605826,0.00012500095181167126,0.00012500095181167126,0.0002910019247792661,6.930165996891446,6.933750002644956,False,0.996711064,0.9860873575594169,True,1.0,1.0,1.0,100.0,100.0,100.0,False,False,False,False
20095,413.0,True,0.00033299875212833285,0.005041001713834703,0.0002500019036233425,0.00020800507627427578,0.00033299875212833285,7.024166006885935,7.030875000054948,False,0.9982654,1.0,True,1.0,1.0,1.0,100.0,100.0,100.0,False,False,False,False
20096,28.67,True,0.0004169996827840805,0.004333000106271356,0.00033300602808594704,0.000166997779160738,0.00037500285543501377,3.655583001091145,3.6617090008803643,False,0.999879586,0.9313444462508133,True,0.9313444462508133,0.9313444462508133,0.9313444462508133,28.67,28.67,28.67,False,False,False,False
20111,436.57,True,0.00016700505511835217,0.0023329994291998446,8.300412446260452e-05,8.300412446260452e-05,0.00033299875212833285,7.016625000687782,7.019958000455517,False,0.998166406,1.0,True,1.0,1.0,1.0,100.0,100.0,100.0,False,False,False,False
20114,375.0,True,0.0002500019036233425,0.0028330032364465296,0.00012500095181167126,0.00020800507627427578,0.00033299875212833285,7.739208005659748,7.743542002572212,False,0.998425,0.7136551868505718,True,0.8940181450675031,0.8940181450675031,0.8940181450675031,100.0,100.0,100.0,True,True,True,True
20115,358.0,True,0.0002500019036233425,0.004916000762023032,0.0002910019247792661,0.0002500019036233425,0.0004169996827840805,7.561042002635077,7.567792003101204,False,0.9984964,0.7530573060472405,True,0.8940181450675031,0.8940181450675031,0.8940181450675031,100.0,100.0,100.0,True,True,True,True
20120,596.33,True,0.0002079978003166616,0.003249995643272996,0.000166997779160738,0.0002090018824674189,0.000333995558321476,7.169666998379398,7.174416998168454,False,0.997495414,0.9945482199032458,True,1.0,1.0,1.0,100.0,100.0,100.0,False,False,False,False
20121,300.29,True,0.0004579997039400041,0.0041669991333037615,0.0002500019036233425,0.000166997779160738,0.00029200600693002343,7.1744579981896095,7.180291999247856,False,0.998738782,1.0,True,1.0,1.0,1.0,100.0,100.0,100.0,False,False,False,False
20131,92.0,True,0.0005419933586381376,0.005250003596302122,0.0004169996827840805,0.000166997779160738,0.0004169996827840805,3.614457993535325,3.6218329987605102,False,0.9996136,1.0,True,1.0,1.0,1.0,92.0,92.0,92.0,False,False,False,False
20138,379.78,True,0.00012500095181167126,0.0020410006982274354,8.299684850499034e-05,0.00012500095181167126,0.00033299875212833285,6.898459003423341,6.90158400539076,False,0.998404924,1.0,True,1.0,1.0,1.0,100.0,100.0,100.0,False,False,False,False
20139,75.0,True,0.0004169996827840805,0.003417000698391348,0.0002500019036233425,0.00012500095181167126,0.00033300602808594704,3.701541994814761,3.7064999996800907,False,0.999685,0.855004300353514,True,0.855004300353514,0.855004300353514,0.855004300353514,75.0,75.0,75.0,True,True,True,True
20146,288.47,True,0.00016700505511835217,0.00224999530473724,8.299684850499034e-05,0.00012500095181167126,0.0002910019247792661,6.921790998603683,6.925042005605064,False,0.998788426,1.0,True,1.0,1.0,1.0,100.0,100.0,100.0,False,False,False,False
20149,91.0,True,0.0002079978003166616,0.002583001332823187,0.00012500095181167126,0.00012500095181167126,0.00029199873097240925,3.481708001345396,3.4854580007959157,False,0.9996178,1.0,True,1.0,1.0,1.0,91.0,91.0,91.0,False,False,False,False
20160,42.0,True,0.00012500095181167126,0.0022089952835813165,8.299684850499034e-05,0.00012499367585405707,0.00033300602808594704,3.501083003357053,3.504250002151821,False,0.9998236,1.0,True,1.0,1.0,1.0,42.0,42.0,42.0,False,False,False,False
20165,76.0,True,0.0004579997039400041,0.004749999789055437,0.0002500019036233425,0.00029099464882165194,0.0004590037860907614,3.780874998483341,3.787707995797973,False,0.9996808,0.8546170077126684,True,0.8546170077126684,0.8546170077126684,0.8546170077126684,76.0,76.0,76.0,True,True,True,True
20192,4.0,True,0.0005410038284026086,0.005125002644490451,0.00029200600693002343,0.0002500019036233425,0.0004999965312890708,3.697582993481774,3.7048749945824966,False,0.9999832,0.8723571835354675,True,0.8723571835354675,0.8723571835354675,0.8723571835354675,4.0,4.0,4.0,True,True,True,True
20203,797.5,True,0.00016600097296759486,0.0021669984562322497,8.300412446260452e-05,0.00012500095181167126,0.00033299875212833285,7.137499997043051,7.1407919967896305,False,0.9966505,0.8855626234286454,True,1.0,1.0,1.0,100.0,100.0,100.0,True,False,False,False
20204,69.0,True,0.00037500285543501377,0.003792003553826362,0.000166997779160738,0.00016700505511835217,0.00033299875212833285,3.4998330011148937,3.50520799838705,False,0.9997102,1.0,True,1.0,1.0,1.0,69.0,69.0,69.0,False,False,False,False
20209,64.0,True,0.0005409965524449944,0.0054580013966187835,0.00033300602808594704,0.0002500019036233425,0.0004169996827840805,3.7729590039816685,3.780582999752369,False,0.9997312,1.0,True,1.0,1.0,1.0,64.0,64.0,64.0,False,False,False,False
20223,375.0,True,0.00012500095181167126,0.0021659943740814924,0.00012500095181167126,0.00012500095181167126,0.00033299875212833285,7.17229199653957,7.175500002631452,False,0.998425,1.0,True,1.0,1.0,1.0,100.0,100.0,100.0,False,False,False,False
20224,375.0,True,0.0002910019247792661,0.004250003257766366,0.0002500019036233425,0.0002090018824674189,0.000333995558321476,7.713750004768372,7.7195840058266185,False,0.998425,0.8038843946209583,True,0.9146170005538099,0.9146170005538099,0.9146170005538099,100.0,100.0,100.0,True,False,False,False
20225,91.33,True,0.000333995558321476,0.0038750004023313522,0.0002079978003166616,0.0002079978003166616,0.00029199873097240925,3.451666998444125,3.457042002992239,False,0.999616414,0.8714488854436063,True,0.8714488854436063,0.8714488854436063,0.8714488854436063,91.33,91.33,91.33,True,True,True,True
20259,109.33,True,0.00037500285543501377,0.004582994733937085,0.0002910019247792661,0.0002500019036233425,0.00033299875212833285,7.148542004870251,7.154957995226141,False,0.999540814,1.0,True,1.0,1.0,1.0,100.0,100.0,100.0,False,False,False,False
20265,358.0,True,0.000166997779160738,0.0022500025806948543,8.400093065574765e-05,0.00016700505511835217,0.0002910019247792661,6.910708994837478,6.914208999660332,False,0.9984964,1.0,True,1.0,1.0,1.0,100.0,100.0,100.0,False,False,False,False
20266,35.0,True,0.00029200600693002343,0.0034999975468963385,0.0002079978003166616,0.00012500095181167126,0.00029199873097240925,3.3388329975423403,3.343750002386514,False,0.999853,1.0,True,1.0,1.0,1.0,35.0,35.0,35.0,False,False,False,False
20301,300.0,True,0.00012500095181167126,0.0020410006982274354,8.300412446260452e-05,0.00012500095181167126,0.00033299875212833285,7.193833000201266,7.19687500532018,False,0.99874,1.0,True,1.0,1.0,1.0,100.0,100.0,100.0,False,False,False,False
20318,40.0,True,0.0005830006557516754,0.005000001692678779,0.0004579997039400041,0.0002500019036233425,0.0004999965312890708,3.6472920037340373,3.6545830007526092,False,0.999832,1.0,True,1.0,1.0,1.0,40.0,40.0,40.0,False,False,False,False
20325,400.0,True,0.0002079978003166616,0.0023329994291998446,0.00012500095181167126,0.00016600097296759486,0.00033299875212833285,7.003750004514586,7.007209002040327,False,0.99832,1.0,True,1.0,1.0,1.0,100.0,100.0,100.0,False,False,False,False
20327,350.0,True,0.0002090018824674189,0.0028340000426396728,0.000166997779160738,0.00012500095181167126,0.00033299875212833285,6.905292000737973,6.909375006216578,False,0.99853,1.0,True,1.0,1.0,1.0,100.0,100.0,100.0,False,False,False,False
20328,11.0,True,0.0004160028765909374,0.005249996320344508,0.00029199873097240925,0.00020800507627427578,0.00033299875212833285,3.6590000017895363,3.6661670019384474,False,0.9999538,0.8899754865007331,True,0.8899754865007331,0.8899754865007331,0.8899754865007331,11.0,11.0,11.0,True,True,True,True
20335,562.28,True,0.000166997779160738,0.0022500025806948543,8.300412446260452e-05,0.00012500095181167126,0.00033299875212833285,7.072708001942374,7.0760419985163026,False,0.997638424,1.0,True,1.0,1.0,1.0,100.0,100.0,100.0,False,False,False,False
20357,229.0,True,0.00012500095181167126,0.0020410006982274354,8.300412446260452e-05,0.00012500095181167126,0.00033299875212833285,7.492125005228445,7.495290999941062,False,0.9990382,0.7562916225114726,True,0.8447972696279995,0.8447972696279995,0.8447972696279995,100.0,100.0,100.0,True,True,True,True
20358,425.15,True,0.0002079978003166616,0.003749999450519681,0.0002090018824674189,0.00016700505511835217,0.000333995558321476,7.06970899773296,7.074959001329262,False,0.99821437,0.9143808817802596,True,0.9797611294690362,0.9797611294690362,0.9797611294690362,100.0,100.0,100.0,False,False,False,False
20359,10.0,True,0.00037500285543501377,0.003958004526793957,0.0002910019247792661,0.0002079978003166616,0.00033299875212833285,3.8373339993995614,3.8429169944720343,False,0.999958,0.8165451411862791,True,0.8165451411862791,0.8165451411862791,0.8165451411862791,10.0,10.0,10.0,True,True,True,True
20392,33.13,True,8.300412446260452e-05,0.001958003849722445,8.400093065574765e-05,4.200410330668092e-05,0.0004169996827840805,3.6437079979805276,3.64662500214763,False,0.999860854,1.0,True,1.0,1.0,1.0,33.13,33.13,33.13,False,False,False,False
20406,300.0,True,0.000166997779160738,0.002125001628883183,0.000166997779160738,0.00012500095181167126,0.00037500285543501377,7.020875003945548,7.024124999588821,False,0.99874,0.9898464939102337,True,1.0,1.0,1.0,100.0,100.0,100.0,False,False,False,False
20415,65.86,True,0.0002090018824674189,0.002416993083897978,0.00012500095181167126,0.00012500095181167126,0.00037500285543501377,3.7302920027286746,3.733915997145232,False,0.999723388,0.8979970811062625,True,0.8979970811062625,0.8979970811062625,0.8979970811062625,65.86,65.86,65.86,True,True,True,True
20431,120.0,True,0.0004579997039400041,0.004665998858399689,0.0002910019247792661,0.0002079978003166616,0.00033299875212833285,7.096083005308174,7.102583993400913,False,0.999496,1.0,True,1.0,1.0,1.0,100.0,100.0,100.0,False,False,False,False
20439,54.0,True,0.0004999965312890708,0.004791996616404504,0.00033400283427909017,0.000166997779160738,0.0004160028765909374,3.3944999959203415,3.401333997317124,False,0.9997732,1.0,True,1.0,1.0,1.0,54.0,54.0,54.0,False,False,False,False
20450,63.68,True,0.00016700505511835217,0.0022500025806948543,8.400093065574765e-05,0.00012500095181167126,0.000333995558321476,3.566250001313165,3.5695000042323954,False,0.999732544,1.0,True,1.0,1.0,1.0,63.68,63.68,63.68,False,False,False,False
20500,300.0,True,8.299684850499034e-05,0.0018330028979107738,8.400093065574765e-05,8.400093065574765e-05,0.00029199873097240925,6.872250000014901,6.874958999105729,False,0.99874,1.0,True,1.0,1.0,1.0,100.0,100.0,100.0,False,False,False,False
20524,172.73,True,0.000333995558321476,0.00325000291923061,0.00020800507627427578,0.00012500095181167126,0.0002500019036233425,6.871999998111278,6.8765830001211725,False,0.999274534,0.9976228173683528,True,1.0,1.0,1.0,100.0,100.0,100.0,False,False,False,False
20526,71.0,True,0.0005839974619448185,0.004792003892362118,0.0002910019247792661,0.00024999462766572833,0.00033299875212833285,3.691458005050663,3.6982499950681813,False,0.9997018,0.856538609215822,True,0.856538609215822,0.856538609215822,0.856538609215822,71.0,71.0,71.0,True,True,True,True
20533,368.09,True,0.00012499367585405707,0.002291999408043921,0.00012500095181167126,0.00016600097296759486,0.00024999462766572833,7.577125004900154,7.580499994219281,False,0.998454022,0.8087781263990613,True,0.9146170005538099,0.9146170005538099,0.9146170005538099,100.0,100.0,100.0,True,False,False,False
20534,345.0,True,0.00029200600693002343,0.004875000740867108,0.0004579997039400041,0.0002500019036233425,0.00037500285543501377,7.342124998103827,7.349083993176464,False,0.998551,0.904954308787409,True,0.9609244451109185,0.9609244451109185,0.9609244451109185,100.0,100.0,100.0,False,False,False,False
20535,112.0,True,0.0004579997039400041,0.004999994416721165,0.0002500019036233425,0.00020800507627427578,0.0004160028765909374,7.367250000243075,7.374291002633981,False,0.9995296,0.8904533058004485,True,0.8940181450675031,0.8940181450675031,0.8940181450675031,100.0,100.0,100.0,True,True,True,True
20536,639.64,True,0.0002910019247792661,0.004583002009894699,0.0002500019036233425,0.00020800507627427578,0.0002910019247792661,6.836917003965937,6.843041999673005,False,0.997313512,1.0,True,1.0,1.0,1.0,100.0,100.0,100.0,False,False,False,False
20537,88.0,True,0.0004160028765909374,0.004082998202648014,0.0002500019036233425,0.00020800507627427578,0.0002910019247792661,3.4929589965031482,3.4986669998033904,False,0.9996304,0.8916833034689962,True,0.8916833034689962,0.8916833034689962,0.8916833034689962,88.0,88.0,88.0,True,True,True,True
20583,931.77,True,0.00029199873097240925,0.005000001692678779,0.00033400283427909017,0.00020899460650980473,0.00033400283427909017,7.218999999167863,7.225708002806641,False,0.996086566,0.9558074417295035,True,1.0,1.0,1.0,100.0,100.0,100.0,False,False,False,False
20584,98.0,True,0.000333995558321476,0.004125002305954695,0.0002500019036233425,0.00016600097296759486,0.00033299875212833285,3.5538329975679517,3.5596669986261986,False,0.9995884,0.9053159705666398,True,0.9053159705666398,0.9053159705666398,0.9053159705666398,98.0,98.0,98.0,False,False,False,False
