event_idx,load_mw,critical_event,selector_time_ms,surrogate_time_ms,baseline_ctrl_ms,droop_ctrl_ms,proposed_ctrl_ms,nr_time_ms,cycle_time_ms,deadline_miss,surrogate_vm_pu,raw_vm_ref_pu,converged,base_vm_ref_pu,droop_vm_ref_pu,prop_vm_ref_pu,p_base_mw,p_droop_mw,p_prop_mw,sampled_converged,sampled_vm_pu,sampled_violation
8532,20.0,False,0.000166997779160738,0.0022500025806948543,4.200410330668092e-05,8.300412446260452e-05,4.1996827349066734e-05,0.0,0.002959000994451344,False,0.999916,,True,,,,20.0,20.0,1.5,True,0.8227545831795195,True
18468,81.0,False,0.0004579997039400041,0.004540997906588018,0.00029200600693002343,0.00020899460650980473,0.0002090018824674189,0.0,0.0061250029830262065,False,0.9996598,,True,,,,81.0,81.0,1.5,True,0.8679988727929552,True
7498,183.83,False,0.00016599369700998068,0.0023750035325065255,0.00012500095181167126,0.00012500095181167126,0.00012499367585405707,0.0,0.003125001967418939,False,0.999227914,,True,,,,100.0,100.0,1.5,True,1.0,False
2297,187.5,False,0.0008329952834174037,0.006458001735154539,0.0004169996827840805,0.00037500285543501377,0.0002500019036233425,0.0,0.008833005267661065,False,0.9992125,,True,,,,100.0,100.0,1.5,True,0.7805203228348352,True
8266,255.0,False,0.000166997779160738,0.0020840016077272594,8.400093065574765e-05,8.399365469813347e-05,4.200410330668092e-05,0.0,0.0027089990908280015,False,0.998929,,True,,,,100.0,100.0,1.5,True,0.8791854956558569,True
5763,100.0,False,0.0002500019036233425,0.0023749962565489113,8.400093065574765e-05,0.00012500095181167126,0.00012500095181167126,0.0,0.003125001967418939,False,0.99958,,True,,,,100.0,100.0,1.5,True,0.9797611294690362,False
20129,50.0,False,0.00012500095181167126,0.002291999408043921,0.00012500095181167126,0.00012500095181167126,8.299684850499034e-05,0.0,0.0031660019885748625,False,0.99979,,True,,,,50.0,50.0,1.5,True,1.0,False
15169,284.0,False,8.299684850499034e-05,0.0020000006770715117,0.00012500095181167126,8.400093065574765e-05,8.400093065574765e-05,0.0,0.0026660054572857916,False,0.9988072,,True,,,,100.0,100.0,1.5,False,,False
17326,28.0,False,0.00016600097296759486,0.002291999408043921,8.299684850499034e-05,0.00016600097296759486,4.1996827349066734e-05,0.0,0.0030000010156072676,False,0.9998824,,True,,,,28.0,28.0,1.5,True,1.0,False
18642,23.0,False,0.0003749955794773996,0.004249995981808752,0.0002079978003166616,0.00016700505511835217,0.000166997779160738,0.0,0.005583002348430455,False,0.9999034,,True,,,,23.0,23.0,1.5,True,0.9405759468542276,False
12214,61.0,False,8.399365469813347e-05,0.0020840016077272594,8.400093065574765e-05,0.00012500095181167126,8.400093065574765e-05,0.0,0.002707995008677244,False,0.9997438,,True,,,,61.0,61.0,1.5,True,0.860274470665552,True
15401,8.0,False,0.00016700505511835217,0.0020419975044205785,8.299684850499034e-05,0.00012500095181167126,8.400093065574765e-05,0.0,0.002792003215290606,False,0.9999664,,True,,,,8.0,8.0,1.5,True,1.0,False
10681,25.0,False,0.00029099464882165194,0.003082997864112258,0.0002079978003166616,0.00012500095181167126,0.00012499367585405707,0.0,0.004207999154459685,False,0.999895,,True,,,,25.0,25.0,1.5,True,0.8726797764359453,True
6678,79.0,False,0.0002500019036233425,0.0025420013116672635,0.000166997779160738,0.00016600097296759486,4.1996827349066734e-05,0.0,0.0034999975468963385,False,0.9996682,,True,,,,79.0,79.0,1.5,True,1.0,False
4547,19.58,False,0.0002090018824674189,0.002458997187204659,8.400093065574765e-05,0.00012500095181167126,8.300412446260452e-05,0.0,0.0032909956644289196,False,0.999917764,,True,,,,19.58,19.58,1.5,True,1.0,False
9312,21.0,False,0.00016700505511835217,0.001958003849722445,0.00012500095181167126,8.400093065574765e-05,8.400093065574765e-05,0.0,0.0027080022846348584,False,0.9999118,,True,,,,21.0,21.0,1.5,True,1.0,False
16021,8.0,False,0.00016600097296759486,0.002082997525576502,8.299684850499034e-05,0.00012500095181167126,8.400093065574765e-05,0.0,0.002792003215290606,False,0.9999664,,True,,,,8.0,8.0,1.5,False,,False
4925,62.0,False,0.0002090018824674189,0.0023749962565489113,0.0002079978003166616,0.00012500095181167126,8.300412446260452e-05,0.0,0.003374996595084667,False,0.9997396,,True,,,,62.0,62.0,1.5,True,0.9045163314863802,False
16645,100.0,False,0.000166997779160738,0.0020410006982274354,8.299684850499034e-05,8.299684850499034e-05,4.1996827349066734e-05,0.0,0.002749999111983925,False,0.99958,,True,,,,100.0,100.0,1.5,True,1.0,False
5729,9.97,False,0.000166997779160738,0.001958003849722445,8.300412446260452e-05,0.00012500095181167126,8.400093065574765e-05,0.0,0.002707995008677244,False,0.999958126,,True,,,,9.97,9.97,1.5,True,0.8165608853987093,True
2091,101.82,False,0.0002090018824674189,0.0024170003598555923,0.00016600097296759486,0.00012500095181167126,8.299684850499034e-05,0.0,0.0032910029403865337,False,0.999572356,,True,,,,100.0,100.0,1.5,True,1.0,False
13362,310.0,False,0.0002079978003166616,0.002749999111983925,0.00016600097296759486,0.00012499367585405707,8.299684850499034e-05,0.0,0.003707995347213,False,0.998698,,True,,,,100.0,100.0,1.5,False,,False
342,74.0,False,0.0002500019036233425,0.0024170003598555923,8.400093065574765e-05,0.00012500095181167126,0.00012500095181167126,0.0,0.003374996595084667,False,0.9996892,,True,,,,74.0,74.0,1.5,False,,False
16968,37.0,False,0.0002079978003166616,0.002291999408043921,8.299684850499034e-05,8.299684850499034e-05,0.00012500095181167126,0.0,0.0030420051189139485,False,0.9998446,,True,,,,37.0,37.0,1.5,False,,False
15777,280.0,False,0.00012500095181167126,0.002291002601850778,0.00012499367585405707,0.00016600097296759486,8.300412446260452e-05,0.0,0.003082997864112258,False,0.998824,,True,,,,100.0,100.0,1.5,False,,False
12774,45.53,False,0.00012499367585405707,0.002291002601850778,0.00012499367585405707,0.00012500095181167126,4.1996827349066734e-05,0.0,0.002959000994451344,False,0.999808774,,True,,,,45.53,45.53,1.5,True,0.7954597105388695,True
9421,210.0,False,0.000166997779160738,0.0022090025595389307,8.399365469813347e-05,8.400093065574765e-05,8.400093065574765e-05,0.0,0.0028750000637955964,False,0.999118,,True,,,,100.0,100.0,1.5,True,0.7775190969855741,True
8656,150.0,False,0.00012500095181167126,0.0019170038285665214,8.399365469813347e-05,8.400093065574765e-05,4.200410330668092e-05,0.0,0.0024999972083605826,False,0.99937,,True,,,,100.0,100.0,1.5,False,,False
16171,150.0,False,0.0002079978003166616,0.002540997229516506,0.00012500095181167126,0.00012500095181167126,8.400093065574765e-05,0.0,0.003417000698391348,False,0.99937,,True,,,,100.0,100.0,1.5,True,0.9726728932391578,False
14875,40.0,False,0.0002500019036233425,0.002749999111983925,8.400093065574765e-05,0.000166997779160738,0.00016600097296759486,0.0,0.003749999450519681,False,0.999832,,True,,,,40.0,40.0,1.5,True,0.9049223512899209,False
18665,52.33,False,0.00024999462766572833,0.002916996891144663,0.00020800507627427578,0.00012499367585405707,8.299684850499034e-05,0.0,0.003958004526793957,False,0.999780214,,True,,,,52.33,52.33,1.5,True,1.0,False
3500,47.43,False,8.300412446260452e-05,0.0018749997252598405,4.1000021155923605e-05,8.300412446260452e-05,4.1996827349066734e-05,0.0,0.002415996277704835,False,0.999800794,,True,,,,47.43,47.43,1.5,False,,False
12038,128.33,False,0.00020899460650980473,0.0026670022634789348,0.00012499367585405707,0.00012500095181167126,0.00012500095181167126,0.0,0.003582994395401329,False,0.999461014,,True,,,,100.0,100.0,1.5,True,0.8578326519052297,True
3224,15.0,False,0.0002090018824674189,0.0025839981390163302,0.00012500095181167126,0.000166997779160738,8.299684850499034e-05,0.0,0.0034580007195472717,False,0.999937,,True,,,,15.0,15.0,1.5,True,1.0,False
19298,157.0,False,0.0002079978003166616,0.0025410045054741204,0.00016700505511835217,0.000166997779160738,8.300412446260452e-05,0.0,0.0035000048228539526,False,0.9993406,,True,,,,100.0,100.0,1.5,False,,False
125,7.0,False,0.00016600097296759486,0.002125001628883183,0.00012500095181167126,0.00016599369700998068,8.400093065574765e-05,0.0,0.002916996891144663,False,0.9999706,,True,,,,7.0,7.0,1.5,True,0.9893936814880739,False
8408,26.38,False,0.00012500095181167126,0.0021659943740814924,8.299684850499034e-05,0.00012499367585405707,8.299684850499034e-05,0.0,0.0028750000637955964,False,0.999889204,,True,,,,26.38,26.38,1.5,True,1.0,False
15106,99.0,False,0.000166997779160738,0.002167005732189864,8.400093065574765e-05,0.00012499367585405707,0.00012500095181167126,0.0,0.002916996891144663,False,0.9995842,,True,,,,99.0,99.0,1.5,True,1.0,False
2752,93.0,False,0.0002079978003166616,0.002458000381011516,0.00012499367585405707,8.299684850499034e-05,4.1996827349066734e-05,0.0,0.00325000291923061,False,0.9996094,,True,,,,93.0,93.0,1.5,True,1.0,False
14554,167.0,False,0.0004579997039400041,0.0047909998102113605,0.0003749955794773996,0.0002910019247792661,0.00012500095181167126,0.0,0.0064589985413476825,False,0.9992986,,True,,,,100.0,100.0,1.5,True,1.0,False
2033,141.33,False,0.0004160028765909374,0.004499997885432094,0.0002500019036233425,0.00020800507627427578,0.000166997779160738,0.0,0.006000002031214535,False,0.999406414,,True,,,,100.0,100.0,1.5,True,0.8810880422148571,True
16872,265.0,False,0.00029099464882165194,0.0030000010156072676,0.00012500095181167126,0.00012500095181167126,0.00012499367585405707,0.0,0.004082998202648014,False,0.998887,,True,,,,100.0,100.0,1.5,True,1.0,False
12780,16.0,False,0.00012500095181167126,0.0022500025806948543,8.400093065574765e-05,0.00012500095181167126,4.200410330668092e-05,0.0,0.0028750000637955964,False,0.9999328,,True,,,,16.0,16.0,1.5,True,1.0,False
2895,15.0,False,0.0002500019036233425,0.0030000010156072676,0.00012500095181167126,0.00016599369700998068,0.00012500095181167126,0.0,0.003957997250836343,False,0.999937,,True,,,,15.0,15.0,1.5,True,1.0,False
11207,94.0,False,0.000166997779160738,0.0030419978429563344,0.00012500095181167126,0.00012499367585405707,0.00012500095181167126,0.0,0.003916997229680419,False,0.9996052,,True,,,,94.0,94.0,1.5,True,0.7506200330242578,True
12065,125.0,False,0.00016700505511835217,0.0024170003598555923,8.300412446260452e-05,8.299684850499034e-05,0.00012500095181167126,0.0,0.0031669987947680056,False,0.999475,,True,,,,100.0,100.0,1.5,False,,False
476,53.37,False,0.00016600097296759486,0.0024999972083605826,8.300412446260452e-05,0.00012500095181167126,8.400093065574765e-05,0.0,0.003207998815923929,False,0.999775846,,True,,,,53.37,53.37,1.5,True,1.0,False
10082,171.0,False,0.0002500019036233425,0.0032090028980746865,0.000166997779160738,0.00016700505511835217,0.00012500095181167126,0.0,0.004375004209578037,False,0.9992818,,True,,,,100.0,100.0,1.5,True,0.9968586398582417,False
18493,275.79,False,0.000166997779160738,0.0023329994291998446,0.00012500095181167126,8.400093065574765e-05,4.1996827349066734e-05,0.0,0.003040993760805577,False,0.998841682,,True,,,,100.0,100.0,1.5,False,,False
19203,74.0,False,0.00012500095181167126,0.002082997525576502,8.299684850499034e-05,0.00012499367585405707,8.400093065574765e-05,0.0,0.0028330032364465296,False,0.9996892,,True,,,,74.0,74.0,1.5,False,,False
5712,100.0,False,0.00012500095181167126,0.0020420047803781927,8.400093065574765e-05,4.1996827349066734e-05,0.00012500095181167126,0.0,0.0027080022846348584,False,0.99958,,True,,,,100.0,100.0,1.5,True,1.0,False
10509,56.67,False,0.00012500095181167126,0.0023329994291998446,8.300412446260452e-05,8.300412446260452e-05,0.00012500095181167126,0.0,0.0030840019462630153,False,0.999761986,,True,,,,56.67,56.67,1.5,True,0.948888888218153,False
19125,332.62,False,0.000166997779160738,0.0022500025806948543,0.00012500095181167126,8.299684850499034e-05,8.300412446260452e-05,0.0,0.0030000010156072676,False,0.998602996,,True,,,,100.0,100.0,1.5,True,1.0,False
6276,245.0,False,0.0002079978003166616,0.002291002601850778,8.299684850499034e-05,8.299684850499034e-05,8.299684850499034e-05,0.0,0.0030419978429563344,False,0.998971,,True,,,,100.0,100.0,1.5,True,1.0,False
13373,103.81,False,0.00016600097296759486,0.002125001628883183,8.299684850499034e-05,8.299684850499034e-05,8.299684850499034e-05,0.0,0.0027500063879415393,False,0.999563998,,True,,,,100.0,100.0,1.5,True,0.7345954025361019,True
10263,35.0,False,0.00012500095181167126,0.002125001628883183,8.299684850499034e-05,0.00012500095181167126,4.200410330668092e-05,0.0,0.0028330032364465296,False,0.999853,,True,,,,35.0,35.0,1.5,True,0.8455229732841812,True
9886,298.0,False,0.00012500095181167126,0.002291999408043921,8.300412446260452e-05,0.00016600097296759486,8.400093065574765e-05,0.0,0.0030000010156072676,False,0.9987484,,True,,,,100.0,100.0,1.5,False,,False
2588,309.58,False,0.0002090018824674189,0.0025420013116672635,0.00012500095181167126,8.400093065574765e-05,8.400093065574765e-05,0.0,0.003291999746579677,False,0.998699764,,True,,,,100.0,100.0,1.5,True,1.0,False
6012,99.0,False,0.0002090018824674189,0.002291999408043921,0.00012500095181167126,0.00012500095181167126,0.00012500095181167126,0.0,0.003207998815923929,False,0.9995842,,True,,,,99.0,99.0,1.5,True,0.7690244870745327,True
19453,251.0,False,0.000166997779160738,0.002125001628883183,8.300412446260452e-05,8.300412446260452e-05,8.300412446260452e-05,0.0,0.002791995939332992,False,0.9989458,,True,,,,100.0,100.0,1.5,True,0.8271416703316892,True
7991,157.0,False,0.00012500095181167126,0.0020000006770715117,8.299684850499034e-05,8.300412446260452e-05,8.300412446260452e-05,0.0,0.0025839981390163302,False,0.9993406,,True,,,,100.0,100.0,1.5,True,0.845893320637819,True
1545,272.0,False,0.0002079978003166616,0.002458000381011516,0.00012500095181167126,0.000166997779160738,0.00012499367585405707,0.0,0.003417000698391348,False,0.9988576,,True,,,,100.0,100.0,1.5,True,1.0,False
18581,200.0,False,0.0002500019036233425,0.003207998815923929,0.00016600097296759486,0.000166997779160738,8.300412446260452e-05,0.0,0.004209003236610442,False,0.99916,,True,,,,100.0,100.0,1.5,False,,False
11480,66.84,False,0.0007080016075633466,0.0052910036174580455,0.00033299875212833285,0.00029199873097240925,0.0004169996827840805,0.0,0.007499998901039362,False,0.999719272,,True,,,,66.84,66.84,1.5,False,,False
2407,266.8,False,0.0002079978003166616,0.0024999972083605826,0.000166997779160738,0.0002079978003166616,8.300412446260452e-05,0.0,0.0034580007195472717,False,0.99887944,,True,,,,100.0,100.0,1.5,True,0.8180099072419899,True
8714,120.83,False,0.0002079978003166616,0.002625005436129868,0.00012500095181167126,8.300412446260452e-05,8.300412446260452e-05,0.0,0.0034999975468963385,False,0.999492514,,True,,,,100.0,100.0,1.5,True,1.0,False
2560,56.3,False,0.00012500095181167126,0.002125001628883183,8.400093065574765e-05,0.00012500095181167126,4.200410330668092e-05,0.0,0.0028340000426396728,False,0.99976354,,True,,,,56.3,56.3,1.5,True,1.0,False
16627,25.0,False,0.00024999462766572833,0.002707995008677244,0.00012500095181167126,0.000166997779160738,0.00012500095181167126,0.0,0.003749999450519681,False,0.999895,,True,,,,25.0,25.0,1.5,True,0.9401712483341563,False
14922,206.67,False,0.00037500285543501377,0.004125002305954695,0.0002500019036233425,0.00020800507627427578,0.00012500095181167126,0.0,0.0055829950724728405,False,0.999131986,,True,,,,100.0,100.0,1.5,True,0.8490209773251615,True
1609,24.0,False,0.00033400283427909017,0.003125001967418939,0.00020800507627427578,0.00016600097296759486,8.300412446260452e-05,0.0,0.00429100327892229,False,0.9998992,,True,,,,24.0,24.0,1.5,True,1.0,False
14435,68.67,False,0.0002079978003166616,0.002583001332823187,0.00012499367585405707,0.00016700505511835217,0.00012500095181167126,0.0,0.003415996616240591,False,0.999711586,,True,,,,68.67,68.67,1.5,True,0.9660662330015362,False
482,316.03,False,0.0002090018824674189,0.002625005436129868,0.00012500095181167126,0.00012500095181167126,0.00012500095181167126,0.0,0.003540997568052262,False,0.998672674,,True,,,,100.0,100.0,1.5,True,0.9929654831907163,False
16210,165.0,False,0.00012499367585405707,0.0020000006770715117,8.400093065574765e-05,8.400093065574765e-05,8.399365469813347e-05,0.0,0.0027080022846348584,False,0.999307,,True,,,,100.0,100.0,1.5,False,,False
17327,25.0,False,0.000166997779160738,0.002125001628883183,8.300412446260452e-05,0.00012500095181167126,8.300412446260452e-05,0.0,0.0029170041671022773,False,0.999895,,True,,,,25.0,25.0,1.5,False,,False
3897,92.63,False,0.00016700505511835217,0.0023329994291998446,0.00012499367585405707,8.299684850499034e-05,8.299684850499034e-05,0.0,0.0031660019885748625,False,0.999610954,,True,,,,92.63,92.63,1.5,True,1.0,False
8379,97.0,False,0.00033299875212833285,0.003916997229680419,0.0002090018824674189,0.000166997779160738,0.00012500095181167126,0.0,0.0051249953685328364,False,0.9995926,,True,,,,97.0,97.0,1.5,True,1.0,False
11755,3.0,False,0.00012500095181167126,0.0022079984773881733,8.299684850499034e-05,8.299684850499034e-05,4.200410330668092e-05,0.0,0.0028340000426396728,False,0.9999874,,True,,,,3.0,3.0,1.5,True,1.0,False
15473,134.0,False,0.00016600097296759486,0.002540997229516506,0.00012499367585405707,0.00012500095181167126,8.300412446260452e-05,0.0,0.003458997525740415,False,0.9994372,,True,,,,100.0,100.0,1.5,True,0.8772280030636265,True
13997,122.0,False,0.00016600097296759486,0.0024999972083605826,0.00012500095181167126,0.000166997779160738,0.00012500095181167126,0.0,0.0034999975468963385,False,0.9994876,,True,,,,100.0,100.0,1.5,True,0.8347589540796188,True
18599,35.0,False,0.00012500095181167126,0.0022909953258931637,8.300412446260452e-05,0.00012500095181167126,8.400093065574765e-05,0.0,0.003125001967418939,False,0.999853,,True,,,,35.0,35.0,1.5,True,0.8830097226720995,True
10242,190.0,False,0.00016700505511835217,0.002458000381011516,0.00016599369700998068,0.00012500095181167126,0.00012500095181167126,0.0,0.0033329997677356005,False,0.999202,,True,,,,100.0,100.0,1.5,True,0.9983570834560722,False
5939,98.0,False,0.0005420006345957518,0.005374997272156179,0.0003749955794773996,0.00024999462766572833,0.0002079978003166616,0.0,0.0072499969974160194,False,0.9995884,,True,,,,98.0,98.0,1.5,True,0.9151230330592452,False
2367,195.53,False,0.0002910019247792661,0.0031669987947680056,0.00012500095181167126,0.00016600097296759486,0.00012500095181167126,0.0,0.004292000085115433,False,0.999178774,,True,,,,100.0,100.0,1.5,False,,False
19408,46.0,False,0.00012500095181167126,0.0019170038285665214,8.300412446260452e-05,8.299684850499034e-05,8.299684850499034e-05,0.0,0.002583001332823187,False,0.9998068,,True,,,,46.0,46.0,1.5,True,0.8087967697436443,True
13671,211.74,False,8.400093065574765e-05,0.0018339997041039169,0.00012500095181167126,4.1996827349066734e-05,4.1996827349066734e-05,0.0,0.0023750035325065255,False,0.999110692,,True,,,,100.0,100.0,1.5,True,1.0,False
345,10.0,False,0.00016700505511835217,0.00224999530473724,8.299684850499034e-05,8.299684850499034e-05,8.400093065574765e-05,0.0,0.002959000994451344,False,0.999958,,True,,,,10.0,10.0,1.5,True,1.0,False
2585,32.62,False,0.00029199873097240925,0.00325000291923061,0.000166997779160738,0.00016700505511835217,0.00012500095181167126,0.0,0.004374996933620423,False,0.999862996,,True,,,,32.62,32.62,1.5,True,0.8464940992264431,True
5570,28.33,False,0.0004590037860907614,0.004791996616404504,0.0002500019036233425,0.0002079978003166616,0.00016700505511835217,0.0,0.006333000783342868,False,0.999881014,,True,,,,28.33,28.33,1.5,True,0.9226651806914492,False
4503,222.0,False,0.00016700505511835217,0.0020000006770715117,8.400093065574765e-05,0.00012500095181167126,4.200410330668092e-05,0.0,0.0027080022846348584,False,0.9990676000000001,,True,,,,100.0,100.0,1.5,False,,False
3387,150.0,False,0.000166997779160738,0.0024999972083605826,8.400093065574765e-05,8.300412446260452e-05,0.00012500095181167126,0.0,0.0032910029403865337,False,0.99937,,True,,,,100.0,100.0,1.5,True,0.8781610449721728,True
269,35.0,False,0.00016700505511835217,0.0021669984562322497,0.00012500095181167126,8.299684850499034e-05,4.1996827349066734e-05,0.0,0.0028340000426396728,False,0.999853,,True,,,,35.0,35.0,1.5,True,0.8022929475405912,True
18769,22.0,False,0.0002090018824674189,0.002291999408043921,0.00012499367585405707,0.00016600097296759486,8.299684850499034e-05,0.0,0.003207998815923929,False,0.9999076,,True,,,,22.0,22.0,1.5,False,,False
2828,140.73,False,0.0002500019036233425,0.0026670022634789348,0.00012500095181167126,0.000166997779160738,8.299684850499034e-05,0.0,0.0036249984987080097,False,0.999408934,,True,,,,100.0,100.0,1.5,False,,False
8724,10.0,False,0.00012500095181167126,0.0020419975044205785,8.299684850499034e-05,8.299684850499034e-05,8.299684850499034e-05,0.0,0.002625005436129868,False,0.999958,,True,,,,10.0,10.0,1.5,False,,False
10136,82.0,False,8.299684850499034e-05,0.0020830048015341163,8.400093065574765e-05,8.299684850499034e-05,4.1996827349066734e-05,0.0,0.0026670022634789348,False,0.9996556,,True,,,,82.0,82.0,1.5,False,,False
10112,76.91,False,0.00024999462766572833,0.0030000010156072676,0.000166997779160738,0.00016600097296759486,0.00012500095181167126,0.0,0.004125002305954695,False,0.999676978,,True,,,,76.91,76.91,1.5,True,0.826580927011374,True
19468,125.0,False,0.00012500095181167126,0.0019169965526089072,0.00012500095181167126,8.400093065574765e-05,8.399365469813347e-05,0.0,0.002582994056865573,False,0.999475,,True,,,,100.0,100.0,1.5,True,0.886399564006307,True
6445,142.67,False,0.0002079978003166616,0.0027080022846348584,0.000166997779160738,0.00016600097296759486,8.299684850499034e-05,0.0,0.003583998477552086,False,0.999400786,,True,,,,100.0,100.0,1.5,True,1.0,False
15711,24.43,False,0.000166997779160738,0.0023329994291998446,0.00012500095181167126,0.00012500095181167126,0.00012500095181167126,0.0,0.003207998815923929,False,0.999897394,,True,,,,24.43,24.43,1.5,False,,False
20419,60.0,False,0.00024999462766572833,0.0024170003598555923,0.00012500095181167126,0.00012500095181167126,8.300412446260452e-05,0.0,0.003249995643272996,False,0.999748,,True,,,,60.0,60.0,1.5,True,0.8817394904187207,True
6227,14.55,False,0.0005409965524449944,0.004374996933620423,0.0002500019036233425,0.0002079978003166616,0.00029099464882165194,0.0,0.006082998879719526,False,0.99993889,,True,,,,14.55,14.55,1.5,True,0.9342426251669549,False
5606,50.0,False,0.000166997779160738,0.0021660016500391066,0.00012500095181167126,0.00012500095181167126,8.400093065574765e-05,0.0,0.002916996891144663,False,0.99979,,True,,,,50.0,50.0,1.5,True,0.9022983684189231,False
3838,12.0,False,0.0002090018824674189,0.002458997187204659,8.400093065574765e-05,0.00012500095181167126,8.300412446260452e-05,0.0,0.0032090028980746865,False,0.9999496,,True,,,,12.0,12.0,1.5,True,0.9346753690358468,False
853,20.0,False,0.00029199873097240925,0.0030000010156072676,0.00012500095181167126,0.000166997779160738,0.00012500095181167126,0.0,0.004084002284798771,False,0.999916,,True,,,,20.0,20.0,1.5,True,0.9886772081670901,False
17561,188.0,False,0.00012500095181167126,0.0022079984773881733,0.00012500095181167126,0.000166997779160738,8.299684850499034e-05,0.0,0.0029170041671022773,False,0.9992104,,True,,,,100.0,100.0,1.5,True,1.0,False
14543,250.0,False,0.00012500095181167126,0.002125001628883183,0.00012500095181167126,8.400093065574765e-05,4.200410330668092e-05,0.0,0.002749999111983925,False,0.99895,,True,,,,100.0,100.0,1.5,False,,False
12149,135.0,False,0.0002500019036233425,0.0027089990908280015,8.400093065574765e-05,0.00012500095181167126,8.400093065574765e-05,0.0,0.003541994374245405,False,0.999433,,True,,,,100.0,100.0,1.5,True,0.9977552345582088,False
7418,105.42,False,0.00016700505511835217,0.0024170003598555923,0.00012500095181167126,0.00012500095181167126,0.00016700505511835217,0.0,0.0033329997677356005,False,0.999557236,,True,,,,100.0,100.0,1.5,True,0.8424171817272385,True
3479,83.22,False,0.0002079978003166616,0.002458000381011516,0.00012500095181167126,0.00020899460650980473,0.00012500095181167126,0.0,0.003291999746579677,False,0.999650476,,True,,,,83.22,83.22,1.5,False,,False
15139,150.0,False,0.00029099464882165194,0.003082997864112258,0.0002500019036233425,0.000166997779160738,0.000166997779160738,0.0,0.004292000085115433,False,0.99937,,True,,,,100.0,100.0,1.5,False,,False
2999,71.0,False,0.00012500095181167126,0.0020410006982274354,8.300412446260452e-05,8.300412446260452e-05,4.1996827349066734e-05,0.0,0.0026670022634789348,False,0.9997018,,True,,,,71.0,71.0,1.5,True,0.907447832088602,False
17905,55.71,False,0.00012500095181167126,0.001958003849722445,8.300412446260452e-05,8.299684850499034e-05,4.1000021155923605e-05,0.0,0.0024999972083605826,False,0.999766018,,True,,,,55.71,55.71,1.5,False,,False
16763,4.0,False,0.00012500095181167126,0.0019170038285665214,8.400093065574765e-05,0.00012500095181167126,4.200410330668092e-05,0.0,0.002583001332823187,False,0.9999832,,True,,,,4.0,4.0,1.5,True,1.0,False
1292,225.0,False,0.0002079978003166616,0.0023330067051574588,8.299684850499034e-05,8.299684850499034e-05,0.00012500095181167126,0.0,0.003125001967418939,False,0.999055,,True,,,,100.0,100.0,1.5,True,1.0,False
2393,228.0,False,0.00029199873097240925,0.003707995347213,0.00016599369700998068,0.000166997779160738,0.00012500095181167126,0.0,0.004875000740867108,False,0.9990424,,True,,,,100.0,100.0,1.5,False,,False
613,82.02,False,0.00012500095181167126,0.0020410006982274354,8.300412446260452e-05,0.00012500095181167126,8.300412446260452e-05,0.0,0.0027089990908280015,False,0.999655516,,True,,,,82.02,82.02,1.5,True,1.0,False
4752,55.71,False,0.00012500095181167126,0.0020419975044205785,8.300412446260452e-05,0.00012500095181167126,4.1996827349066734e-05,0.0,0.002707995008677244,False,0.999766018,,True,,,,55.71,55.71,1.5,True,0.8830733520222903,True
19042,178.0,False,0.00012500095181167126,0.0019170038285665214,8.300412446260452e-05,0.00012500095181167126,8.300412446260452e-05,0.0,0.002624998160172254,False,0.9992524,,True,,,,100.0,100.0,1.5,True,1.0,False
18838,175.0,False,8.300412446260452e-05,0.001958003849722445,4.200410330668092e-05,8.300412446260452e-05,8.399365469813347e-05,0.0,0.0024999972083605826,False,0.999265,,True,,,,100.0,100.0,1.5,True,1.0,False
102,3.0,False,8.299684850499034e-05,0.0020419975044205785,8.400093065574765e-05,4.200410330668092e-05,0.00012500095181167126,0.0,0.0026669949875213206,False,0.9999874,,True,,,,3.0,3.0,1.5,False,,False
5216,116.88,False,0.00020800507627427578,0.0026670022634789348,0.00012500095181167126,0.00012500095181167126,8.300412446260452e-05,0.0,0.0036249984987080097,False,0.999509104,,True,,,,100.0,100.0,1.5,True,0.8889489135644433,True
7652,48.41,False,0.000166997779160738,0.002458997187204659,8.299684850499034e-05,8.299684850499034e-05,8.299684850499034e-05,0.0,0.00325000291923061,False,0.999796678,,True,,,,48.41,48.41,1.5,True,1.0,False
15149,203.0,False,0.000166997779160738,0.0022079984773881733,8.300412446260452e-05,8.300412446260452e-05,8.300412446260452e-05,0.0,0.0028750000637955964,False,0.9991474,,True,,,,100.0,100.0,1.5,True,0.7838793216401354,True
14930,28.0,False,0.0004169996827840805,0.00470800296170637,0.0002910019247792661,0.00020800507627427578,0.00016700505511835217,0.0,0.006250003934837878,False,0.9998824,,True,,,,28.0,28.0,1.5,True,0.9314897439029606,False
1815,16.33,False,0.00033299875212833285,0.0035000048228539526,0.00020800507627427578,0.00016600097296759486,0.00012500095181167126,0.0,0.004749999789055437,False,0.999931414,,True,,,,16.33,16.33,1.5,True,0.9419141003364941,False
17807,158.09,False,0.00016700505511835217,0.002583001332823187,0.00016600097296759486,8.299684850499034e-05,0.00012500095181167126,0.0,0.003416003892198205,False,0.999336022,,True,,,,100.0,100.0,1.5,True,1.0,False
7538,104.0,False,0.00037500285543501377,0.004374996933620423,0.00029199873097240925,0.0002090018824674189,0.00029199873097240925,0.0,0.005999994755256921,False,0.9995632,,True,,,,100.0,100.0,1.5,True,1.0,False
8279,60.0,False,0.00012500095181167126,0.0020000006770715117,8.299684850499034e-05,0.00016599369700998068,8.400093065574765e-05,0.0,0.002707995008677244,False,0.999748,,True,,,,60.0,60.0,1.5,True,1.0,False
13408,26.0,False,0.00012500095181167126,0.0021660016500391066,8.300412446260452e-05,0.000166997779160738,0.00012500095181167126,0.0,0.0028750000637955964,False,0.9998908,,True,,,,26.0,26.0,1.5,True,0.8197264673700206,True
6765,269.91,False,0.0002079978003166616,0.002582994056865573,0.00012500095181167126,0.00012500095181167126,8.399365469813347e-05,0.0,0.003417000698391348,False,0.998866378,,True,,,,100.0,100.0,1.5,True,0.8265546938722294,True
15640,241.0,False,0.0002500019036233425,0.0029170041671022773,0.00016600097296759486,0.00012500095181167126,0.00012499367585405707,0.0,0.003957997250836343,False,0.9989878,,True,,,,100.0,100.0,1.5,True,0.798945549851173,True
425,54.0,False,8.400093065574765e-05,0.0019169965526089072,8.299684850499034e-05,0.00012500095181167126,4.1996827349066734e-05,0.0,0.002540997229516506,False,0.9997732,,True,,,,54.0,54.0,1.5,True,1.0,False
6351,175.25,False,0.0002500019036233425,0.003125001967418939,0.000166997779160738,0.00016700505511835217,0.00012500095181167126,0.0,0.004207999154459685,False,0.99926395,,True,,,,100.0,100.0,1.5,True,1.0,False
9529,71.14,False,0.000166997779160738,0.0023750035325065255,8.300412446260452e-05,0.00012500095181167126,0.00012500095181167126,0.0,0.0032089956221170723,False,0.999701212,,True,,,,71.14,71.14,1.5,True,0.9832706864681325,False
10517,50.0,False,0.0002079978003166616,0.0022500025806948543,8.300412446260452e-05,0.00012500095181167126,4.1000021155923605e-05,0.0,0.002916996891144663,False,0.99979,,True,,,,50.0,50.0,1.5,True,0.9076253570919077,False
2245,303.85,False,0.00016600097296759486,0.002124994352925569,0.00012500095181167126,8.299684850499034e-05,4.1996827349066734e-05,0.0,0.0028330032364465296,False,0.99872383,,True,,,,100.0,100.0,1.5,True,1.0,False
17962,44.0,False,0.0002079978003166616,0.0023329994291998446,0.00012500095181167126,0.00012500095181167126,8.299684850499034e-05,0.0,0.0030840019462630153,False,0.9998152,,True,,,,44.0,44.0,1.5,True,1.0,False
4387,110.0,False,0.000166997779160738,0.0022080057533457875,0.00012500095181167126,0.00012500095181167126,4.200410330668092e-05,0.0,0.0029999937396496534,False,0.999538,,True,,,,100.0,100.0,1.5,True,1.0,False
17915,186.0,False,0.0004169996827840805,0.0036669953260570765,0.00024999462766572833,0.00016700505511835217,0.00016600097296759486,0.0,0.005000001692678779,False,0.9992188,,True,,,,100.0,100.0,1.5,False,,False
17050,305.5,False,8.299684850499034e-05,0.0017499987734481692,8.300412446260452e-05,0.00012500095181167126,0.00012500095181167126,0.0,0.0023750035325065255,False,0.9987169,,True,,,,100.0,100.0,1.5,True,0.8443621233212443,True
15199,51.0,False,0.00012500095181167126,0.013249999028630555,0.00012500095181167126,8.399365469813347e-05,8.400093065574765e-05,0.0,0.013917000615037978,False,0.9997858,,True,,,,51.0,51.0,1.5,False,,False
1746,152.0,False,0.0002500019036233425,0.0033339965739287436,0.00012500095181167126,0.00016700505511835217,8.400093065574765e-05,0.0,0.004333000106271356,False,0.9993616,,True,,,,100.0,100.0,1.5,True,0.7770183291173683,True
17934,200.0,False,0.00012500095181167126,0.002125001628883183,8.299684850499034e-05,0.00012500095181167126,8.299684850499034e-05,0.0,0.0028750000637955964,False,0.99916,,True,,,,100.0,100.0,1.5,False,,False
2972,210.0,False,8.300412446260452e-05,0.0019170038285665214,4.1996827349066734e-05,0.00012500095181167126,4.200410330668092e-05,0.0,0.002458997187204659,False,0.999118,,True,,,,100.0,100.0,1.5,False,,False
20006,185.01,False,0.00016700505511835217,0.002624998160172254,0.00012500095181167126,0.00012500095181167126,0.00016599369700998068,0.0,0.0034999975468963385,False,0.999222958,,True,,,,100.0,100.0,1.5,True,0.8326800229385187,True
19476,137.0,False,0.00020899460650980473,0.002625005436129868,0.000166997779160738,0.00012500095181167126,8.299684850499034e-05,0.0,0.003458997525740415,False,0.9994246,,True,,,,100.0,100.0,1.5,True,1.0,False
8773,32.0,False,8.400093065574765e-05,0.0020000006770715117,8.299684850499034e-05,0.00012500095181167126,8.300412446260452e-05,0.0,0.002583001332823187,False,0.9998656,,True,,,,32.0,32.0,1.5,True,1.0,False
6001,291.0,False,0.00012500095181167126,0.0018749997252598405,8.299684850499034e-05,8.299684850499034e-05,0.00012499367585405707,0.0,0.0025420013116672635,False,0.9987778,,True,,,,100.0,100.0,1.5,False,,False
857,181.0,False,0.00012500095181167126,0.0024999972083605826,0.00012500095181167126,0.00016600097296759486,8.299684850499034e-05,0.0,0.0032910029403865337,False,0.9992398,,True,,,,100.0,100.0,1.5,True,0.9457133933465582,False
10829,30.0,False,0.00012500095181167126,0.0022079984773881733,0.00012500095181167126,0.00016700505511835217,0.00016600097296759486,0.0,0.0030840019462630153,False,0.999874,,True,,,,30.0,30.0,1.5,True,1.0,False
3221,15.0,False,0.0004160028765909374,0.00404199818149209,0.00029199873097240925,0.000166997779160738,0.0002079978003166616,0.0,0.005542002327274531,False,0.999937,,True,,,,15.0,15.0,1.5,True,0.8533106311630418,True
3514,50.0,False,0.0002500019036233425,0.0028750000637955964,0.00012500095181167126,0.000166997779160738,8.300412446260452e-05,0.0,0.0038750004023313522,False,0.99979,,True,,,,50.0,50.0,1.5,True,0.8642294527819276,True
18857,5.0,False,8.299684850499034e-05,0.001959000655915588,8.400093065574765e-05,8.400093065574765e-05,4.200410330668092e-05,0.0,0.002458997187204659,False,0.999979,,True,,,,5.0,5.0,1.5,True,1.0,False
19994,80.68,False,0.0008749993867240846,0.008875002095010132,0.0004579997039400041,0.00033299875212833285,0.00029199873097240925,0.0,0.011374999303370714,False,0.999661144,,True,,,,80.68,80.68,1.5,False,,False
5087,19.0,False,0.0005409965524449944,0.004916000762023032,0.00029199873097240925,0.00020800507627427578,0.0002079978003166616,0.0,0.006667003617621958,False,0.9999202,,True,,,,19.0,19.0,1.5,True,0.9334221108266401,False
18229,3.0,False,0.00020800507627427578,0.002624998160172254,0.00012500095181167126,0.00016600097296759486,8.299684850499034e-05,0.0,0.0034999975468963385,False,0.9999874,,True,,,,3.0,3.0,1.5,False,,False
10456,70.08,False,0.00012500095181167126,0.0025410045054741204,0.000166997779160738,0.00016600097296759486,8.299684850499034e-05,0.0,0.0033329997677356005,False,0.999705664,,True,,,,70.08,70.08,1.5,True,1.0,False
12633,151.0,False,0.00012500095181167126,0.002125001628883183,8.400093065574765e-05,0.00012500095181167126,4.200410330668092e-05,0.0,0.0027500063879415393,False,0.9993658,,True,,,,100.0,100.0,1.5,False,,False
5856,56.94,False,0.0002079978003166616,0.0030000010156072676,0.00012500095181167126,0.00012500095181167126,0.00012500095181167126,0.0,0.004083005478605628,False,0.999760852,,True,,,,56.94,56.94,1.5,False,,False
12872,9.0,False,0.00016600097296759486,0.002082997525576502,4.1996827349066734e-05,0.00012500095181167126,4.200410330668092e-05,0.0,0.0027080022846348584,False,0.9999622,,True,,,,9.0,9.0,1.5,True,0.9175946879308788,False
19188,49.0,False,0.00016600097296759486,0.002082997525576502,8.300412446260452e-05,8.300412446260452e-05,8.300412446260452e-05,0.0,0.0027080022846348584,False,0.9997942,,True,,,,49.0,49.0,1.5,True,1.0,False
3978,270.91,False,0.000166997779160738,0.002124994352925569,8.400093065574765e-05,0.00012500095181167126,4.200410330668092e-05,0.0,0.0027909991331398487,False,0.998862178,,True,,,,100.0,100.0,1.5,True,0.9895316103745002,False
6404,305.0,False,0.00016700505511835217,0.0024999972083605826,0.00012500095181167126,0.00012500095181167126,8.300412446260452e-05,0.0,0.003374996595084667,False,0.998719,,True,,,,100.0,100.0,1.5,True,0.9444776459923789,False
19387,51.0,False,0.0002500019036233425,0.002749999111983925,0.00016599369700998068,0.000166997779160738,0.00012500095181167126,0.0,0.0038329962990246713,False,0.9997858,,True,,,,51.0,51.0,1.5,True,0.863876263997731,True
16384,284.0,False,0.0004579997039400041,0.004665998858399689,0.0002500019036233425,0.0002079978003166616,0.00016600097296759486,0.0,0.006166999810375273,False,0.9988072,,True,,,,100.0,100.0,1.5,True,0.8684688501287575,True
9346,55.0,False,0.00016600097296759486,0.0022500025806948543,0.00012500095181167126,0.00012500095181167126,8.299684850499034e-05,0.0,0.0029999937396496534,False,0.999769,,True,,,,55.0,55.0,1.5,True,0.8698459417200122,True
16788,129.69,False,8.400093065574765e-05,0.0020420047803781927,8.399365469813347e-05,8.299684850499034e-05,8.400093065574765e-05,0.0,0.0026659981813281775,False,0.999455302,,True,,,,100.0,100.0,1.5,False,,False
6243,170.0,False,0.00029199873097240925,0.0030000010156072676,0.00016600097296759486,0.000166997779160738,0.00012500095181167126,0.0,0.0040000013541430235,False,0.999286,,True,,,,100.0,100.0,1.5,True,0.8200206237087087,True
7507,167.0,False,0.00012499367585405707,0.002125001628883183,4.1996827349066734e-05,8.299684850499034e-05,4.1996827349066734e-05,0.0,0.002792003215290606,False,0.9992986,,True,,,,100.0,100.0,1.5,True,1.0,False
11117,11.0,False,0.00012500095181167126,0.00224999530473724,8.299684850499034e-05,8.299684850499034e-05,0.00012500095181167126,0.0,0.0029170041671022773,False,0.9999538,,True,,,,11.0,11.0,1.5,False,,False
11295,84.86,False,0.00016600097296759486,0.002082997525576502,0.00012500095181167126,8.300412446260452e-05,8.299684850499034e-05,0.0,0.002792003215290606,False,0.999643588,,True,,,,84.86,84.86,1.5,True,0.898326398769477,True
2790,75.0,False,0.0002079978003166616,0.0023749962565489113,8.400093065574765e-05,8.400093065574765e-05,8.400093065574765e-05,0.0,0.0032090028980746865,False,0.999685,,True,,,,75.0,75.0,1.5,False,,False
726,100.0,False,0.00037500285543501377,0.0037909994716756046,0.0002500019036233425,0.0002079978003166616,0.0002079978003166616,0.0,0.005249996320344508,False,0.99958,,True,,,,100.0,100.0,1.5,True,0.8940181450675031,True
4672,11.0,False,0.00033299875212833285,0.0037080026231706142,0.0002500019036233425,0.00012500095181167126,8.299684850499034e-05,0.0,0.004833003913518041,False,0.9999538,,True,,,,11.0,11.0,1.5,True,1.0,False
4545,10.0,False,0.0002500019036233425,0.0027080022846348584,0.00012500095181167126,0.00012500095181167126,0.00012500095181167126,0.0,0.0037089994293637574,False,0.999958,,True,,,,10.0,10.0,1.5,True,1.0,False
19681,50.0,False,0.000166997779160738,0.0022090025595389307,8.400093065574765e-05,8.400093065574765e-05,8.399365469813347e-05,0.0,0.0029170041671022773,False,0.99979,,True,,,,50.0,50.0,1.5,True,0.8064312982953359,True
18456,96.09,False,8.300412446260452e-05,0.0020410006982274354,8.299684850499034e-05,8.300412446260452e-05,4.200410330668092e-05,0.0,0.002624998160172254,False,0.999596422,,True,,,,96.09,96.09,1.5,True,0.8951476114015651,True
12513,20.38,False,0.000166997779160738,0.0023329994291998446,0.00012500095181167126,0.00016600097296759486,8.400093065574765e-05,0.0,0.00316700607072562,False,0.999914404,,True,,,,20.38,20.38,1.5,True,0.8873096943589229,True
2084,210.0,False,0.000166997779160738,0.0021660016500391066,0.00012499367585405707,4.1996827349066734e-05,4.200410330668092e-05,0.0,0.002792003215290606,False,0.999118,,True,,,,100.0,100.0,1.5,True,1.0,False
6481,75.0,False,0.0002500019036233425,0.0032090028980746865,0.00020899460650980473,0.00016700505511835217,0.00012500095181167126,0.0,0.004374996933620423,False,0.999685,,True,,,,75.0,75.0,1.5,True,0.9295034243910631,False
15616,114.0,False,0.000166997779160738,0.002082997525576502,0.00012499367585405707,8.400093065574765e-05,8.299684850499034e-05,0.0,0.0028340000426396728,False,0.9995212,,True,,,,100.0,100.0,1.5,True,1.0,False
18938,16.0,False,0.00012500095181167126,0.002125001628883183,8.299684850499034e-05,0.00012500095181167126,8.299684850499034e-05,0.0,0.0027089990908280015,False,0.9999328,,True,,,,16.0,16.0,1.5,True,1.0,False
14775,119.98,False,0.000166997779160738,0.0023750035325065255,0.000166997779160738,0.00012500095181167126,8.299684850499034e-05,0.0,0.0031659947126172483,False,0.999496084,,True,,,,100.0,100.0,1.5,True,0.8018909088101583,True
14852,40.0,False,0.0002090018824674189,0.0021669984562322497,8.300412446260452e-05,0.00012500095181167126,4.200410330668092e-05,0.0,0.00291600008495152,False,0.999832,,True,,,,40.0,40.0,1.5,True,1.0,False
13409,21.0,False,0.00016600097296759486,0.00224999530473724,0.00012499367585405707,0.00016700505511835217,8.299684850499034e-05,0.0,0.0030000010156072676,False,0.9999118,,True,,,,21.0,21.0,1.5,True,1.0,False
4831,158.93,False,0.0002079978003166616,0.0024999972083605826,0.00012500095181167126,8.299684850499034e-05,0.00012500095181167126,0.0,0.0033750038710422814,False,0.999332494,,True,,,,100.0,100.0,1.5,True,0.8260912754578308,True
5654,151.69,False,0.00029199873097240925,0.0032910029403865337,0.000166997779160738,0.00016600097296759486,0.00012500095181167126,0.0,0.004333000106271356,False,0.999362902,,True,,,,100.0,100.0,1.5,True,1.0,False
2323,183.0,False,0.00029200600693002343,0.003291999746579677,0.00016600097296759486,0.000166997779160738,0.00012499367585405707,0.0,0.0045000051613897085,False,0.9992314,,True,,,,100.0,100.0,1.5,True,0.8662512007165872,True
13653,43.0,False,0.00012499367585405707,0.002125001628883183,0.00012500095181167126,8.400093065574765e-05,4.200410330668092e-05,0.0,0.0028750000637955964,False,0.9998194,,True,,,,43.0,43.0,1.5,True,1.0,False
13545,26.0,False,0.0002079978003166616,0.002125001628883183,8.299684850499034e-05,0.00012499367585405707,8.300412446260452e-05,0.0,0.002749999111983925,False,0.9998908,,True,,,,26.0,26.0,1.5,False,,False
2102,101.0,False,0.000166997779160738,0.0023329994291998446,0.00012500095181167126,0.00012500095181167126,8.300412446260452e-05,0.0,0.003125001967418939,False,0.9995758,,True,,,,100.0,100.0,1.5,True,1.0,False
6382,73.87,False,0.00020800507627427578,0.0028330032364465296,0.00012500095181167126,0.00016600097296759486,8.299684850499034e-05,0.0,0.003749999450519681,False,0.999689746,,True,,,,73.87,73.87,1.5,True,1.0,False
11294,56.25,False,0.00016600097296759486,0.002125001628883183,8.300412446260452e-05,8.300412446260452e-05,8.299684850499034e-05,0.0,0.0028330032364465296,False,0.99976375,,True,,,,56.25,56.25,1.5,True,0.9006243137342576,False
6099,49.44,False,0.0002079978003166616,0.002625005436129868,0.00012500095181167126,0.00012500095181167126,4.1000021155923605e-05,0.0,0.0034580007195472717,False,0.999792352,,True,,,,49.44,49.44,1.5,True,1.0,False
2775,66.0,False,0.0002090018824674189,0.0022500025806948543,0.00012500095181167126,0.00012500095181167126,4.200410330668092e-05,0.0,0.0030410010367631912,False,0.9997228,,True,,,,66.0,66.0,1.5,True,1.0,False
11050,105.75,False,0.000166997779160738,0.0024170003598555923,0.00012499367585405707,0.000166997779160738,0.00012500095181167126,0.0,0.003292007022537291,False,0.99955585,,True,,,,100.0,100.0,1.5,True,0.7304999575484465,True
18084,52.5,False,0.00016700505511835217,0.00224999530473724,8.299684850499034e-05,0.00012500095181167126,0.00012500095181167126,0.0,0.0030000010156072676,False,0.9997795,,True,,,,52.5,52.5,1.5,True,0.8776047823865193,True
196,194.0,False,0.0002079978003166616,0.0022500025806948543,8.299684850499034e-05,0.00012500095181167126,4.1996827349066734e-05,0.0,0.0029579969123005867,False,0.9991852,,True,,,,100.0,100.0,1.5,True,0.9501773663817777,False
16756,292.5,False,0.00012500095181167126,0.002082997525576502,0.00012500095181167126,8.400093065574765e-05,4.200410330668092e-05,0.0,0.002749999111983925,False,0.9987715,,True,,,,100.0,100.0,1.5,True,1.0,False
7381,107.11,False,0.00020899460650980473,0.0027090063667856157,0.000166997779160738,0.00012500095181167126,8.300412446260452e-05,0.0,0.003540997568052262,False,0.999550138,,True,,,,100.0,100.0,1.5,True,1.0,False
418,161.0,False,0.00012500095181167126,0.0022079984773881733,8.400093065574765e-05,8.400093065574765e-05,8.400093065574765e-05,0.0,0.0028340000426396728,False,0.9993238,,True,,,,100.0,100.0,1.5,True,1.0,False
5727,12.0,False,0.00020800507627427578,0.0020419975044205785,8.299684850499034e-05,8.299684850499034e-05,8.299684850499034e-05,0.0,0.002792003215290606,False,0.9999496,,True,,,,12.0,12.0,1.5,True,0.8154890267442874,True
8891,53.0,False,0.00012500095181167126,0.0022500025806948543,0.00012500095181167126,8.300412446260452e-05,8.300412446260452e-05,0.0,0.00295899371849373,False,0.9997774,,True,,,,53.0,53.0,1.5,True,0.9014981577074477,False
17191,194.86,False,0.00016600097296759486,0.001958003849722445,0.00012500095181167126,0.00012500095181167126,8.300412446260452e-05,0.0,0.0027080022846348584,False,0.999181588,,True,,,,100.0,100.0,1.5,True,0.8875105705363195,True
10604,52.0,False,0.00012499367585405707,0.002082997525576502,0.00012499367585405707,0.00012500095181167126,4.1996827349066734e-05,0.0,0.002749999111983925,False,0.9997816,,True,,,,52.0,52.0,1.5,True,1.0,False
11106,59.63,False,0.0004579997039400041,0.005000001692678779,0.00029199873097240925,0.00020800507627427578,0.00016600097296759486,0.0,0.006542002665810287,False,0.999749554,,True,,,,59.63,59.63,1.5,True,1.0,False
6709,43.0,False,0.0002079978003166616,0.0022500025806948543,0.000166997779160738,0.00012500095181167126,4.1996827349066734e-05,0.0,0.0030000010156072676,False,0.9998194,,True,,,,43.0,43.0,1.5,True,1.0,False
19254,1.0,False,0.00012500095181167126,0.0020420047803781927,8.400093065574765e-05,0.00012499367585405707,8.400093065574765e-05,0.0,0.0026670022634789348,False,0.9999958,,True,,,,1.0,1.0,1.0,True,0.8985263683823191,True
5348,104.16,False,0.00020800507627427578,0.0025420013116672635,0.00012500095181167126,0.000166997779160738,8.299684850499034e-05,0.0,0.003374996595084667,False,0.999562528,,True,,,,100.0,100.0,1.5,True,1.0,False
16413,212.5,False,0.000166997779160738,0.0020000006770715117,8.400093065574765e-05,0.00012500095181167126,4.1996827349066734e-05,0.0,0.0026659981813281775,False,0.9991075,,True,,,,100.0,100.0,1.5,True,0.9934836826535589,False
20517,17.75,False,0.00016600097296759486,0.002291999408043921,8.300412446260452e-05,8.300412446260452e-05,8.300412446260452e-05,0.0,0.0030420051189139485,False,0.99992545,,True,,,,17.75,17.75,1.5,False,,False
11049,34.0,False,0.0002079978003166616,0.0024999972083605826,0.00012500095181167126,0.00012500095181167126,0.00012499367585405707,0.0,0.003417000698391348,False,0.9998572,,True,,,,34.0,34.0,1.5,True,0.9116314168333405,False
20491,37.0,False,8.299684850499034e-05,0.0018329956219531596,8.299684850499034e-05,4.200410330668092e-05,4.1996827349066734e-05,0.0,0.002334003511350602,False,0.9998446,,True,,,,37.0,37.0,1.5,True,1.0,False
3169,110.0,False,0.000166997779160738,0.002125001628883183,8.300412446260452e-05,8.299684850499034e-05,4.1996827349066734e-05,0.0,0.002792003215290606,False,0.999538,,True,,,,100.0,100.0,1.5,True,0.8082700469632476,True
18955,5.0,False,0.0002079978003166616,0.0025000044843181968,0.00012500095181167126,0.00012500095181167126,8.400093065574765e-05,0.0,0.0033750038710422814,False,0.999979,,True,,,,5.0,5.0,1.5,True,1.0,False
8938,160.0,False,0.00016700505511835217,0.002124994352925569,8.299684850499034e-05,0.00012499367585405707,8.400093065574765e-05,0.0,0.0028330032364465296,False,0.999328,,True,,,,100.0,100.0,1.5,False,,False
10020,254.0,False,0.0004169996827840805,0.004541994712781161,0.00020899460650980473,0.0002079978003166616,0.00012499367585405707,0.0,0.006041002052370459,False,0.9989332,,True,,,,100.0,100.0,1.5,True,1.0,False
13655,33.0,False,0.00012499367585405707,0.0020840016077272594,8.400093065574765e-05,8.400093065574765e-05,4.1996827349066734e-05,0.0,0.0026670022634789348,False,0.9998614,,True,,,,33.0,33.0,1.5,True,1.0,False
9947,89.0,False,0.00012500095181167126,0.002125001628883183,8.300412446260452e-05,8.299684850499034e-05,4.1996827349066734e-05,0.0,0.002791995939332992,False,0.9996262,,True,,,,89.0,89.0,1.5,True,0.7783865510775624,True
5544,98.0,False,0.00020899460650980473,0.0025420013116672635,0.00016599369700998068,8.299684850499034e-05,0.00012500095181167126,0.0,0.0034579934435896575,False,0.9995884,,True,,,,98.0,98.0,1.5,True,1.0,False
1591,229.12,False,0.00029199873097240925,0.003583001671358943,0.0002079978003166616,0.00016600097296759486,0.000166997779160738,0.0,0.004833003913518041,False,0.999037696,,True,,,,100.0,100.0,1.5,True,0.7937030689500573,True
1250,20.0,False,0.00029199873097240925,0.003082997864112258,0.00016599369700998068,0.00012500095181167126,0.00012500095181167126,0.0,0.004125002305954695,False,0.999916,,True,,,,20.0,20.0,1.5,True,1.0,False
15934,100.0,False,0.00016700505511835217,0.0021660016500391066,8.300412446260452e-05,8.400093065574765e-05,8.399365469813347e-05,0.0,0.0028330032364465296,False,0.99958,,True,,,,100.0,100.0,1.5,True,0.8447972696279995,True
9532,184.0,False,0.0004160028765909374,0.004375004209578037,0.00029199873097240925,0.00020800507627427578,0.00016600097296759486,0.0,0.005875001079402864,False,0.9992272,,True,,,,100.0,100.0,1.5,True,1.0,False
9857,187.0,False,8.299684850499034e-05,0.0020419975044205785,8.400093065574765e-05,8.400093065574765e-05,8.400093065574765e-05,0.0,0.002624998160172254,False,0.9992146,,True,,,,100.0,100.0,1.5,False,,False
8487,256.35,False,0.00012500095181167126,0.0023749962565489113,0.000166997779160738,0.00012500095181167126,8.299684850499034e-05,0.0,0.003125001967418939,False,0.99892333,,True,,,,100.0,100.0,1.5,True,0.9367661127459521,False
19368,60.0,False,0.000166997779160738,0.0022090025595389307,8.400093065574765e-05,0.000166997779160738,8.300412446260452e-05,0.0,0.0029579969123005867,False,0.999748,,True,,,,60.0,60.0,1.5,True,0.9674384435573689,False
2988,87.42,False,0.0002500019036233425,0.0025839981390163302,0.00012500095181167126,0.000166997779160738,0.00012500095181167126,0.0,0.0035420016502030194,False,0.999632836,,True,,,,87.42,87.42,1.5,True,0.8976100905412802,True
442,64.13,False,0.000166997779160738,0.002458000381011516,0.000166997779160738,0.00012500095181167126,8.300412446260452e-05,0.0,0.00325000291923061,False,0.999730654,,True,,,,64.13,64.13,1.5,True,0.914155541281005,False
5953,97.69,False,0.00012499367585405707,0.0020000006770715117,8.400093065574765e-05,8.400093065574765e-05,8.400093065574765e-05,0.0,0.002540997229516506,False,0.999589702,,True,,,,97.69,97.69,1.5,True,0.8887971167472566,True
12080,45.0,False,0.0002500019036233425,0.0022079984773881733,8.300412446260452e-05,0.00012500095181167126,0.00012500095181167126,0.0,0.0031249946914613247,False,0.999811,,True,,,,45.0,45.0,1.5,True,1.0,False
12511,28.0,False,0.0002079978003166616,0.002583001332823187,0.00012500095181167126,0.000166997779160738,0.00012500095181167126,0.0,0.003541994374245405,False,0.9998824,,True,,,,28.0,28.0,1.5,False,,False
7046,29.53,False,0.00016700505511835217,0.002624998160172254,8.300412446260452e-05,0.00016600097296759486,8.300412446260452e-05,0.0,0.003583001671358943,False,0.999875974,,True,,,,29.53,29.53,1.5,True,1.0,False
9072,66.0,False,0.0002090018824674189,0.002416003553662449,8.300412446260452e-05,0.00012500095181167126,8.300412446260452e-05,0.0,0.0032080060918815434,False,0.9997228,,True,,,,66.0,66.0,1.5,False,,False
11875,196.67,False,0.0005409965524449944,0.0049579975893720984,0.00033300602808594704,0.00020899460650980473,0.00012500095181167126,0.0,0.006583999493159354,False,0.999173986,,True,,,,100.0,100.0,1.5,True,0.9980695052288763,False
20072,88.0,False,0.0003749955794773996,0.004333000106271356,0.00033299875212833285,0.0002079978003166616,0.00012500095181167126,0.0,0.005833004252053797,False,0.9996304,,True,,,,88.0,88.0,1.5,False,,False
18749,5.0,False,0.00037500285543501377,0.004583002009894699,0.0002500019036233425,0.00020800507627427578,0.0002079978003166616,0.0,0.005917005182709545,False,0.999979,,True,,,,5.0,5.0,1.5,True,0.9573823144966829,False
6069,35.89,False,0.00024999462766572833,0.003125001967418939,0.0002500019036233425,0.00012500095181167126,0.00012500095181167126,0.0,0.0043339969124644995,False,0.999849262,,True,,,,35.89,35.89,1.5,False,,False
3349,149.0,False,0.0003749955794773996,0.004583002009894699,0.0002500019036233425,0.0002500019036233425,0.0002500019036233425,0.0,0.006166999810375273,False,0.9993742,,True,,,,100.0,100.0,1.5,False,,False
16161,224.0,False,0.000166997779160738,0.002625005436129868,8.400093065574765e-05,0.00012500095181167126,4.1996827349066734e-05,0.0,0.0033750038710422814,False,0.9990592,,True,,,,100.0,100.0,1.5,False,,False
12018,100.0,False,0.0002079978003166616,0.002458000381011516,0.00012500095181167126,0.00012499367585405707,8.299684850499034e-05,0.0,0.0033339965739287436,False,0.99958,,True,,,,100.0,100.0,1.5,True,0.8447972696279995,True
3429,74.75,False,0.00012500095181167126,0.0018329956219531596,0.00012500095181167126,8.300412446260452e-05,8.300412446260452e-05,0.0,0.0025000044843181968,False,0.99968605,,True,,,,74.75,74.75,1.5,True,1.0,False
2008,47.97,False,0.0005839974619448185,0.005791000148747116,0.0002910019247792661,0.00024999462766572833,0.0002500019036233425,0.0,0.007791997632011771,False,0.999798526,,True,,,,47.97,47.97,1.5,False,,False
13797,322.79,False,0.0002079978003166616,0.002291999408043921,8.400093065574765e-05,8.299684850499034e-05,8.299684850499034e-05,0.0,0.0030419978429563344,False,0.998644282,,True,,,,100.0,100.0,1.5,False,,False
2864,58.03,False,0.0002079978003166616,0.002625005436129868,0.00016600097296759486,0.00012500095181167126,8.299684850499034e-05,0.0,0.0035000048228539526,False,0.999756274,,True,,,,58.03,58.03,1.5,True,1.0,False
13479,190.0,False,0.00020800507627427578,0.002540997229516506,0.00012500095181167126,0.0002079978003166616,0.00012500095181167126,0.0,0.0034999975468963385,False,0.999202,,True,,,,100.0,100.0,1.5,False,,False
6692,106.3,False,0.0003749955794773996,0.004084002284798771,0.0002500019036233425,0.0002079978003166616,0.0002079978003166616,0.0,0.005541995051316917,False,0.99955354,,True,,,,100.0,100.0,1.5,True,0.9989560499674558,False
3712,116.18,False,0.0004169996827840805,0.004583998816087842,0.00037500285543501377,0.00016700505511835217,0.00016600097296759486,0.0,0.006082998879719526,False,0.999512044,,True,,,,100.0,100.0,1.5,False,,False
10098,177.0,False,0.00012499367585405707,0.002125001628883183,4.1996827349066734e-05,8.299684850499034e-05,8.400093065574765e-05,0.0,0.0027909991331398487,False,0.9992566,,True,,,,100.0,100.0,1.5,True,1.0,False
3509,206.67,False,0.0002090018824674189,0.002624998160172254,0.00016700505511835217,0.00012500095181167126,0.00012500095181167126,0.0,0.003540997568052262,False,0.999131986,,True,,,,100.0,100.0,1.5,False,,False
802,6.0,False,0.00016700505511835217,0.002291002601850778,8.300412446260452e-05,0.00012500095181167126,0.00012500095181167126,0.0,0.0030420051189139485,False,0.9999748,,True,,,,6.0,6.0,1.5,True,0.9894482145418813,False
16055,95.0,False,0.0002079978003166616,0.002458000381011516,0.00012500095181167126,0.00012499367585405707,0.00012500095181167126,0.0,0.003291999746579677,False,0.999601,,True,,,,95.0,95.0,1.5,True,0.9009484689682552,False
8454,146.0,False,0.00033299875212833285,0.004165995051153004,0.000166997779160738,0.000166997779160738,0.00012500095181167126,0.0,0.005416004569269717,False,0.9993868,,True,,,,100.0,100.0,1.5,False,,False
15465,33.0,False,8.299684850499034e-05,0.0018749997252598405,0.00012500095181167126,8.400093065574765e-05,8.400093065574765e-05,0.0,0.0025000044843181968,False,0.9998614,,True,,,,33.0,33.0,1.5,False,,False
1630,18.5,False,0.00012500095181167126,0.0023749962565489113,8.299684850499034e-05,0.00012500095181167126,0.00012500095181167126,0.0,0.003207998815923929,False,0.9999223,,True,,,,18.5,18.5,1.5,True,0.823495748610262,True
12833,136.0,False,0.00012500095181167126,0.001915999746415764,0.00012500095181167126,0.00012500095181167126,8.299684850499034e-05,0.0,0.0025839981390163302,False,0.9994288,,True,,,,100.0,100.0,1.5,True,1.0,False
13270,15.0,False,0.00016700505511835217,0.002583001332823187,0.00012500095181167126,0.00012499367585405707,8.299684850499034e-05,0.0,0.0034580007195472717,False,0.999937,,True,,,,15.0,15.0,1.5,True,1.0,False
1843,50.0,False,0.00016600097296759486,0.0020420047803781927,8.400093065574765e-05,8.400093065574765e-05,4.1996827349066734e-05,0.0,0.002749999111983925,False,0.99979,,True,,,,50.0,50.0,1.5,True,1.0,False
11959,21.0,False,0.0004579997039400041,0.004457993782125413,0.0002500019036233425,0.000166997779160738,0.00016700505511835217,0.0,0.005959002010058612,False,0.9999118,,True,,,,21.0,21.0,1.5,False,,False
2786,160.0,False,0.000166997779160738,0.0026660054572857916,0.00012500095181167126,0.00012500095181167126,8.400093065574765e-05,0.0,0.0034999975468963385,False,0.999328,,True,,,,100.0,100.0,1.5,True,1.0,False
12813,97.0,False,8.299684850499034e-05,0.001915999746415764,0.00012500095181167126,8.400093065574765e-05,4.1996827349066734e-05,0.0,0.002458000381011516,False,0.9995926,,True,,,,97.0,97.0,1.5,True,1.0,False
6252,320.0,False,0.00012500095181167126,0.002124994352925569,8.299684850499034e-05,0.000166997779160738,8.400093065574765e-05,0.0,0.002916996891144663,False,0.998656,,True,,,,100.0,100.0,1.5,True,1.0,False
8774,24.0,False,0.00012500095181167126,0.0020000006770715117,8.300412446260452e-05,4.200410330668092e-05,4.1996827349066734e-05,0.0,0.002582994056865573,False,0.9998992,,True,,,,24.0,24.0,1.5,True,0.8730035170673873,True
13551,38.92,False,0.0004160028765909374,0.004749999789055437,0.00029199873097240925,0.00020800507627427578,0.0002079978003166616,0.0,0.006375004886649549,False,0.999836536,,True,,,,38.92,38.92,1.5,True,1.0,False
14700,8.0,False,0.0002079978003166616,0.0023329994291998446,0.00012500095181167126,0.00012500095181167126,8.299684850499034e-05,0.0,0.003082997864112258,False,0.9999664,,True,,,,8.0,8.0,1.5,False,,False
10086,219.75,False,0.00012500095181167126,0.0022909953258931637,0.00012500095181167126,0.00012500095181167126,8.400093065574765e-05,0.0,0.002958004188258201,False,0.99907705,,True,,,,100.0,100.0,1.5,True,0.8006792446015571,True
15502,112.0,False,0.0002079978003166616,0.002749999111983925,8.300412446260452e-05,0.00016600097296759486,8.399365469813347e-05,0.0,0.0037089994293637574,False,0.9995296,,True,,,,100.0,100.0,1.5,False,,False
383,157.58,False,0.0004999965312890708,0.005207999492995441,0.00029199873097240925,0.0002910019247792661,0.00029199873097240925,0.0,0.00695799826644361,False,0.999338164,,True,,,,100.0,100.0,1.5,True,0.9091725815633469,False
17378,87.33,False,0.00012500095181167126,0.002124994352925569,0.00012500095181167126,0.000166997779160738,8.300412446260452e-05,0.0,0.00291600008495152,False,0.999633214,,True,,,,87.33,87.33,1.5,True,0.8212093249766307,True
9480,83.0,False,0.000166997779160738,0.0022500025806948543,8.299684850499034e-05,0.00012500095181167126,8.300412446260452e-05,0.0,0.003082997864112258,False,0.9996514,,True,,,,83.0,83.0,1.5,True,0.7639533966365314,True
3463,36.29,False,0.00016600097296759486,0.0022500025806948543,8.299684850499034e-05,0.00012500095181167126,8.400093065574765e-05,0.0,0.0030000010156072676,False,0.999847582,,True,,,,36.29,36.29,1.5,True,1.0,False
11196,117.0,False,0.0002079978003166616,0.002791995939332992,0.00012500095181167126,0.000166997779160738,8.400093065574765e-05,0.0,0.003749999450519681,False,0.9995086,,True,,,,100.0,100.0,1.5,False,,False
11866,172.38,False,0.00012500095181167126,0.0025420013116672635,0.00012500095181167126,0.00012500095181167126,8.399365469813347e-05,0.0,0.003374996595084667,False,0.999276004,,True,,,,100.0,100.0,1.5,True,1.0,False
16499,246.0,False,0.000166997779160738,0.0022079984773881733,0.00016600097296759486,0.00012500095181167126,8.300412446260452e-05,0.0,0.003082997864112258,False,0.9989668,,True,,,,100.0,100.0,1.5,True,1.0,False
6196,47.38,False,0.00012499367585405707,0.002125001628883183,8.399365469813347e-05,0.00012500095181167126,8.299684850499034e-05,0.0,0.0028340000426396728,False,0.999801004,,True,,,,47.38,47.38,1.5,True,0.9272035676052838,False
14753,91.0,False,0.00012500095181167126,0.001958003849722445,4.200410330668092e-05,8.400093065574765e-05,4.1996827349066734e-05,0.0,0.0024999972083605826,False,0.9996178,,True,,,,91.0,91.0,1.5,True,0.9420526802956515,False
4002,183.67,False,0.0002500019036233425,0.0029999937396496534,0.000166997779160738,8.400093065574765e-05,8.400093065574765e-05,0.0,0.003917004505638033,False,0.999228586,,True,,,,100.0,100.0,1.5,True,0.7990629306237783,True
14393,56.25,False,0.0005410038284026086,0.005791000148747116,0.00037500285543501377,0.0002910019247792661,0.00020800507627427578,0.0,0.0076669966802001,False,0.99976375,,True,,,,56.25,56.25,1.5,True,1.0,False
20549,137.0,False,0.00012500095181167126,0.002124994352925569,8.400093065574765e-05,8.400093065574765e-05,8.400093065574765e-05,0.0,0.0027080022846348584,False,0.9994246,,True,,,,100.0,100.0,1.5,True,0.9146012628533094,False
2526,14.0,False,0.00012500095181167126,0.0021660016500391066,8.300412446260452e-05,8.300412446260452e-05,8.300412446260452e-05,0.0,0.002792003215290606,False,0.9999412,,True,,,,14.0,14.0,1.5,True,1.0,False
18313,31.0,False,0.0002079978003166616,0.0028330032364465296,0.00016600097296759486,0.00012500095181167126,8.299684850499034e-05,0.0,0.0038340003811754286,False,0.9998698,,True,,,,31.0,31.0,1.5,True,0.93083757925662,False
20375,220.0,False,0.000166997779160738,0.0023339962353929877,8.400093065574765e-05,0.00012500095181167126,8.299684850499034e-05,0.0,0.0030840019462630153,False,0.999076,,True,,,,100.0,100.0,1.5,True,1.0,False
1878,74.75,False,0.00033300602808594704,0.0031660019885748625,0.0002079978003166616,0.00016700505511835217,8.400093065574765e-05,0.0,0.004417001036927104,False,0.99968605,,True,,,,74.75,74.75,1.5,True,1.0,False
1535,35.0,False,0.00016700505511835217,0.0022079984773881733,8.300412446260452e-05,0.00012500095181167126,8.299684850499034e-05,0.0,0.0028330032364465296,False,0.999853,,True,,,,35.0,35.0,1.5,True,1.0,False
5489,67.39,False,0.00024999462766572833,0.0030000010156072676,0.000166997779160738,0.0002079978003166616,0.00012500095181167126,0.0,0.0041249950299970806,False,0.999716962,,True,,,,67.39,67.39,1.5,False,,False
15098,24.0,False,0.0005830006557516754,0.00687500141793862,0.00029199873097240925,0.0002090018824674189,0.000166997779160738,0.0,0.03787500463658944,False,0.9998992,,True,,,,24.0,24.0,1.5,False,,False
9180,70.0,False,0.00029200600693002343,0.0034580007195472717,0.00012500095181167126,0.000166997779160738,0.00012500095181167126,0.0,0.004624998837243766,False,0.999706,,True,,,,70.0,70.0,1.5,True,0.9023912155530388,False
16123,243.0,False,0.000166997779160738,0.0021659943740814924,8.299684850499034e-05,8.299684850499034e-05,4.1996827349066734e-05,0.0,0.0027909991331398487,False,0.9989794,,True,,,,100.0,100.0,1.5,True,0.8405375382101969,True
14665,193.0,False,0.0004579997039400041,0.004583002009894699,0.00033300602808594704,0.0002079978003166616,0.00020800507627427578,0.0,0.006207999831531197,False,0.9991894,,True,,,,100.0,100.0,1.5,False,,False
5253,49.0,False,0.0004169996827840805,0.004875000740867108,0.00029199873097240925,0.00024999462766572833,0.00029200600693002343,0.0,0.00654099858365953,False,0.9997942,,True,,,,49.0,49.0,1.5,True,1.0,False
15920,212.0,False,0.0002500019036233425,0.0028750000637955964,0.00016599369700998068,0.00012500095181167126,8.300412446260452e-05,0.0,0.0037919962778687477,False,0.9991096,,True,,,,100.0,100.0,1.5,True,1.0,False
5301,50.0,False,0.000166997779160738,0.002291999408043921,8.300412446260452e-05,8.300412446260452e-05,8.300412446260452e-05,0.0,0.0030419978429563344,False,0.99979,,True,,,,50.0,50.0,1.5,True,0.9076253570919077,False
19697,102.0,False,0.00012500095181167126,0.0019169965526089072,8.299684850499034e-05,8.299684850499034e-05,8.300412446260452e-05,0.0,0.002582994056865573,False,0.9995716,,True,,,,100.0,100.0,1.5,True,0.8130577185727519,True
15639,101.0,False,0.0004159956006333232,0.0040000013541430235,0.00020800507627427578,0.00012500095181167126,0.00016600097296759486,0.0,0.00541700137546286,False,0.9995758,,True,,,,100.0,100.0,1.5,False,,False
5353,124.46,False,0.000166997779160738,0.0023750035325065255,8.400093065574765e-05,0.00012500095181167126,4.1996827349066734e-05,0.0,0.0031249946914613247,False,0.999477268,,True,,,,100.0,100.0,1.5,True,0.7343869707863302,True
9372,8.0,False,0.00012500095181167126,0.0020410006982274354,8.299684850499034e-05,8.400093065574765e-05,8.400093065574765e-05,0.0,0.002624998160172254,False,0.9999664,,True,,,,8.0,8.0,1.5,True,1.0,False
14322,115.63,False,0.00024999462766572833,0.0031249946914613247,0.00012500095181167126,0.000166997779160738,0.00012500095181167126,0.0,0.0041669991333037615,False,0.999514354,,True,,,,100.0,100.0,1.5,False,,False
10145,204.0,False,0.000166997779160738,0.0020000006770715117,0.00012500095181167126,4.200410330668092e-05,8.300412446260452e-05,0.0,0.0026659981813281775,False,0.9991432,,True,,,,100.0,100.0,1.5,True,0.8579364460338723,True
18447,167.0,False,0.00016599369700998068,0.002291999408043921,8.400093065574765e-05,0.000166997779160738,0.00012499367585405707,0.0,0.003125001967418939,False,0.9992986,,True,,,,100.0,100.0,1.5,True,1.0,False
7478,110.0,False,0.0002079978003166616,0.002291002601850778,8.300412446260452e-05,0.00012500095181167126,0.00012499367585405707,0.0,0.0031669987947680056,False,0.999538,,True,,,,100.0,100.0,1.5,False,,False
19524,150.0,False,0.000166997779160738,0.0025000044843181968,0.00012500095181167126,0.000166997779160738,0.00012500095181167126,0.0,0.0033339965739287436,False,0.99937,,True,,,,100.0,100.0,1.5,False,,False
6914,64.0,False,0.000166997779160738,0.00224999530473724,0.00016700505511835217,0.00012500095181167126,4.200410330668092e-05,0.0,0.0030000010156072676,False,0.9997312,,True,,,,64.0,64.0,1.5,True,1.0,False
2322,16.0,False,0.0004160028765909374,0.0047909998102113605,0.00024999462766572833,0.0002079978003166616,0.000166997779160738,0.0,0.006249996658880264,False,0.9999328,,True,,,,16.0,16.0,1.5,True,0.852936903308931,True
6990,109.26,False,0.00020800507627427578,0.002958004188258201,0.00012500095181167126,0.000166997779160738,0.00012500095181167126,0.0,0.003916997229680419,False,0.999541108,,True,,,,100.0,100.0,1.5,True,0.8968731189196097,True
1691,9.0,False,0.000166997779160738,0.0023750035325065255,8.300412446260452e-05,0.00016700505511835217,8.399365469813347e-05,0.0,0.003249995643272996,False,0.9999622,,True,,,,9.0,9.0,1.5,True,0.8555231712563097,True
19473,163.0,False,0.0002500019036233425,0.0028340000426396728,0.000166997779160738,0.00016599369700998068,8.299684850499034e-05,0.0,0.0038329962990246713,False,0.9993154,,True,,,,100.0,100.0,1.5,True,1.0,False
7395,280.0,False,0.0004169996827840805,0.004208995960652828,0.0002090018824674189,0.00016700505511835217,0.00012500095181167126,0.0,0.005541005521081388,False,0.998824,,True,,,,100.0,100.0,1.5,True,1.0,False
12465,15.0,False,0.0002500019036233425,0.0025420013116672635,0.00016600097296759486,0.00012500095181167126,0.00012500095181167126,0.0,0.0035420016502030194,False,0.999937,,True,,,,15.0,15.0,1.5,True,1.0,False
12896,228.0,False,0.0004169996827840805,0.0045000051613897085,0.00029199873097240925,0.0002500019036233425,0.00012500095181167126,0.0,0.006042006134521216,False,0.9990424,,True,,,,100.0,100.0,1.5,False,,False
13983,85.0,False,0.00012500095181167126,0.0020840016077272594,8.400093065574765e-05,0.00012500095181167126,4.200410330668092e-05,0.0,0.002749999111983925,False,0.999643,,True,,,,85.0,85.0,1.5,True,1.0,False
6127,123.0,False,0.00016600097296759486,0.002458000381011516,0.00012500095181167126,0.00016600097296759486,8.300412446260452e-05,0.0,0.003291999746579677,False,0.9994834,,True,,,,100.0,100.0,1.5,True,1.0,False
4764,271.67,False,0.0005409965524449944,0.005250003596302122,0.00037500285543501377,0.0002500019036233425,0.0002090018824674189,0.0,0.0070829992182552814,False,0.998858986,,True,,,,100.0,100.0,1.5,True,0.8351059802263687,True
7765,80.0,False,0.00012499367585405707,0.0020000006770715117,8.300412446260452e-05,0.00012500095181167126,4.1996827349066734e-05,0.0,0.0025839981390163302,False,0.999664,,True,,,,80.0,80.0,1.5,True,0.9442930090691193,False
3283,31.0,False,0.00012500095181167126,0.0021669984562322497,8.300412446260452e-05,8.300412446260452e-05,8.299684850499034e-05,0.0,0.0028330032364465296,False,0.9998698,,True,,,,31.0,31.0,1.5,False,,False
9112,307.28,False,0.0006669943104498088,0.006041002052370459,0.0004579997039400041,0.0002079978003166616,0.00029199873097240925,0.0,0.008208000508602709,False,0.998709424,,True,,,,100.0,100.0,1.5,True,1.0,False
10175,58.0,False,0.00033299875212833285,0.0031660019885748625,0.00020800507627427578,0.00020800507627427578,0.00012499367585405707,0.0,0.004375004209578037,False,0.9997564,,True,,,,58.0,58.0,1.5,True,1.0,False
14263,273.94,False,0.0002500019036233425,0.0028750000637955964,0.000166997779160738,0.000166997779160738,0.00012500095181167126,0.0,0.0038340003811754286,False,0.998849452,,True,,,,100.0,100.0,1.5,True,1.0,False
10211,335.9,False,0.00024999462766572833,0.0024999972083605826,0.00012499367585405707,0.00012500095181167126,8.299684850499034e-05,0.0,0.003374996595084667,False,0.99858922,,True,,,,100.0,100.0,1.5,True,1.0,False
3021,5.0,False,0.0002500019036233425,0.0033329997677356005,0.000166997779160738,0.00012500095181167126,0.00012500095181167126,0.0,0.004416004230733961,False,0.999979,,True,,,,5.0,5.0,1.5,False,,False
19080,226.0,False,0.00012500095181167126,0.0022089952835813165,8.400093065574765e-05,0.00012500095181167126,8.299684850499034e-05,0.0,0.002958004188258201,False,0.9990508,,True,,,,100.0,100.0,1.5,True,1.0,False
10282,159.0,False,0.000166997779160738,0.0024999972083605826,0.00012500095181167126,0.00016600097296759486,8.300412446260452e-05,0.0,0.003334003849886358,False,0.9993322,,True,,,,100.0,100.0,1.5,True,0.8683575830174988,True
18319,11.0,False,0.00016599369700998068,0.0024170003598555923,0.00012500095181167126,8.300412446260452e-05,8.300412446260452e-05,0.0,0.003207998815923929,False,0.9999538,,True,,,,11.0,11.0,1.5,True,1.0,False
3193,76.88,False,0.00020800507627427578,0.0025000044843181968,0.00016600097296759486,0.00012500095181167126,0.00012499367585405707,0.0,0.003417000698391348,False,0.999677104,,True,,,,76.88,76.88,1.5,True,0.8694432692556335,True
14707,75.0,False,0.00029199873097240925,0.003582994395401329,0.000166997779160738,0.000166997779160738,0.00016600097296759486,0.0,0.004749999789055437,False,0.999685,,True,,,,75.0,75.0,1.5,True,1.0,False
9484,272.86,False,0.00016600097296759486,0.0022500025806948543,0.00012499367585405707,0.00012500095181167126,4.200410330668092e-05,0.0,0.0030420051189139485,False,0.998853988,,True,,,,100.0,100.0,1.5,False,,False
14286,161.0,False,0.00024999462766572833,0.003249995643272996,0.00012500095181167126,8.400093065574765e-05,8.400093065574765e-05,0.0,0.004333000106271356,False,0.9993238,,True,,,,100.0,100.0,1.5,True,0.8979552948765541,True
14819,63.02,False,0.0002079978003166616,0.0023329994291998446,8.300412446260452e-05,8.300412446260452e-05,0.00012500095181167126,0.0,0.0031669987947680056,False,0.999735316,,True,,,,63.02,63.02,1.5,True,0.9842272740818584,False
15804,31.25,False,0.00016600097296759486,0.002125001628883183,8.300412446260452e-05,0.00012500095181167126,8.300412446260452e-05,0.0,0.0028750000637955964,False,0.99986875,,True,,,,31.25,31.25,1.5,False,,False
1750,30.0,False,0.00029200600693002343,0.0029579969123005867,0.0002090018824674189,0.000166997779160738,8.300412446260452e-05,0.0,0.004082998202648014,False,0.999874,,True,,,,30.0,30.0,1.5,False,,False
2072,149.0,False,0.00016700505511835217,0.0022079984773881733,8.299684850499034e-05,0.00012499367585405707,0.00012500095181167126,0.0,0.0030000010156072676,False,0.9993742,,True,,,,100.0,100.0,1.5,True,1.0,False
443,50.57,False,0.0002090018824674189,0.0023749962565489113,8.299684850499034e-05,0.000166997779160738,8.400093065574765e-05,0.0,0.003207998815923929,False,0.999787606,,True,,,,50.57,50.57,1.5,False,,False
6832,191.88,False,0.00020899460650980473,0.002625005436129868,0.000166997779160738,0.00016600097296759486,0.00012499367585405707,0.0,0.003540997568052262,False,0.999194104,,True,,,,100.0,100.0,1.5,True,0.7120193199696371,True
3303,60.0,False,0.00016700505511835217,0.0023329994291998446,8.300412446260452e-05,8.299684850499034e-05,8.299684850499034e-05,0.0,0.0030000010156072676,False,0.999748,,True,,,,60.0,60.0,1.5,True,1.0,False
6546,53.0,False,0.0002079978003166616,0.002416003553662449,8.300412446260452e-05,0.00012500095181167126,8.299684850499034e-05,0.0,0.0031669987947680056,False,0.9997774,,True,,,,53.0,53.0,1.5,True,0.8774436355765703,True
16655,71.63,False,0.00012500095181167126,0.0018749997252598405,8.300412446260452e-05,0.00016600097296759486,0.00012500095181167126,0.0,0.0026670022634789348,False,0.999699154,,True,,,,71.63,71.63,1.5,True,0.7751546732175562,True
8545,40.0,False,0.00012500095181167126,0.001959000655915588,8.400093065574765e-05,8.400093065574765e-05,8.400093065574765e-05,0.0,0.002583001332823187,False,0.999832,,True,,,,40.0,40.0,1.5,True,0.8878182797497535,True
8303,180.0,False,8.300412446260452e-05,0.0020419975044205785,8.299684850499034e-05,0.00012500095181167126,8.299684850499034e-05,0.0,0.0027080022846348584,False,0.999244,,True,,,,100.0,100.0,1.5,True,0.8673888465063898,True
8352,85.0,False,0.000166997779160738,0.0022079984773881733,0.00012500095181167126,0.00016700505511835217,8.299684850499034e-05,0.0,0.003082997864112258,False,0.999643,,True,,,,85.0,85.0,1.5,True,0.8736107739916202,True
13621,166.0,False,0.000166997779160738,0.002291999408043921,0.00012500095181167126,0.00012499367585405707,8.299684850499034e-05,0.0,0.003125001967418939,False,0.9993028,,True,,,,100.0,100.0,1.5,True,0.8418362108793565,True
20330,20.0,False,0.0002500019036233425,0.003083005140069872,0.0002079978003166616,0.000166997779160738,8.400093065574765e-05,0.0,0.004249995981808752,False,0.999916,,True,,,,20.0,20.0,1.5,True,1.0,False
16079,50.0,False,0.0002500019036233425,0.0023750035325065255,0.00012500095181167126,0.00012500095181167126,8.300412446260452e-05,0.0,0.0032089956221170723,False,0.99979,,True,,,,50.0,50.0,1.5,False,,False
10371,30.0,False,0.00012500095181167126,0.001958003849722445,0.00012500095181167126,0.00012500095181167126,8.300412446260452e-05,0.0,0.002624998160172254,False,0.999874,,True,,,,30.0,30.0,1.5,False,,False
11464,24.45,False,0.0002079978003166616,0.0027500063879415393,0.000166997779160738,8.300412446260452e-05,0.00012500095181167126,0.0,0.0037080026231706142,False,0.99989731,,True,,,,24.45,24.45,1.5,True,1.0,False
2512,223.0,False,0.00029199873097240925,0.0026659981813281775,0.00012500095181167126,0.00016600097296759486,8.300412446260452e-05,0.0,0.003583001671358943,False,0.9990634,,True,,,,100.0,100.0,1.5,True,0.8647860649146378,True
13583,300.0,False,8.400093065574765e-05,0.0020000006770715117,8.299684850499034e-05,0.00012500095181167126,0.0002079978003166616,0.0,0.002707995008677244,False,0.99874,,True,,,,100.0,100.0,1.5,True,1.0,False
8874,187.5,False,0.00012500095181167126,0.0020830048015341163,0.00012499367585405707,8.299684850499034e-05,8.400093065574765e-05,0.0,0.002707995008677244,False,0.9992125,,True,,,,100.0,100.0,1.5,False,,False
5972,265.0,False,0.00029199873097240925,0.0038750004023313522,0.000166997779160738,0.000166997779160738,0.00012499367585405707,0.0,0.00508299854118377,False,0.998887,,True,,,,100.0,100.0,1.5,False,,False
18724,150.0,False,0.000166997779160738,0.0021669984562322497,0.00012500095181167126,0.00012500095181167126,4.200410330668092e-05,0.0,0.00295899371849373,False,0.99937,,True,,,,100.0,100.0,1.5,True,1.0,False
5715,172.5,False,8.299684850499034e-05,0.001957996573764831,4.1996827349066734e-05,8.299684850499034e-05,8.400093065574765e-05,0.0,0.0024999972083605826,False,0.9992755,,True,,,,100.0,100.0,1.5,True,1.0,False
17448,88.0,False,0.00016600097296759486,0.002125001628883183,8.299684850499034e-05,0.00016600097296759486,8.299684850499034e-05,0.0,0.0028750000637955964,False,0.9996304,,True,,,,88.0,88.0,1.5,False,,False
1140,3.0,False,8.299684850499034e-05,0.0021660016500391066,8.300412446260452e-05,8.299684850499034e-05,8.299684850499034e-05,0.0,0.002791995939332992,False,0.9999874,,True,,,,3.0,3.0,1.5,True,0.9233972374929018,False
16813,19.0,False,0.0002079978003166616,0.0028329959604889154,0.00012500095181167126,8.400093065574765e-05,0.00012499367585405707,0.0,0.0036669953260570765,False,0.9999202,,True,,,,19.0,19.0,1.5,True,1.0,False
4674,282.57,False,0.0004999965312890708,0.005541995051316917,0.00029099464882165194,0.0002500019036233425,0.00016600097296759486,0.0,0.007208000170066953,False,0.998813206,,True,,,,100.0,100.0,1.5,True,0.9841574878932249,False
679,239.0,False,0.000166997779160738,0.002291999408043921,0.00012500095181167126,8.299684850499034e-05,4.200410330668092e-05,0.0,0.0030000010156072676,False,0.9989962,,True,,,,100.0,100.0,1.5,False,,False
17407,167.0,False,0.0002079978003166616,0.0031249946914613247,0.00012500095181167126,0.00012500095181167126,8.300412446260452e-05,0.0,0.004082998202648014,False,0.9992986,,True,,,,100.0,100.0,1.5,True,0.8653447836270802,True
20281,48.0,False,0.000166997779160738,0.002624998160172254,0.00016600097296759486,0.00012500095181167126,8.300412446260452e-05,0.0,0.0035000048228539526,False,0.9997984,,True,,,,48.0,48.0,1.5,True,1.0,False
8349,261.54,False,0.00037500285543501377,0.0038330035749822855,0.00029200600693002343,0.00033299875212833285,0.00016600097296759486,0.0,0.005374997272156179,False,0.998901532,,True,,,,100.0,100.0,1.5,True,0.8311167644315726,True
5613,42.0,False,0.00016700505511835217,0.002125001628883183,8.400093065574765e-05,0.00012500095181167126,4.1996827349066734e-05,0.0,0.0028750000637955964,False,0.9998236,,True,,,,42.0,42.0,1.5,False,,False
4272,74.82,False,0.00012500095181167126,0.002082997525576502,8.300412446260452e-05,0.00012500095181167126,8.300412446260452e-05,0.0,0.0027089990908280015,False,0.999685756,,True,,,,74.82,74.82,1.5,True,0.901089810870189,False
20084,65.12,False,0.00016600097296759486,0.002082997525576502,8.299684850499034e-05,0.00012500095181167126,0.00012500095181167126,0.0,0.0028750000637955964,False,0.999726496,,True,,,,65.12,65.12,1.5,True,1.0,False
8927,57.0,False,0.0002079978003166616,0.0026659981813281775,0.000166997779160738,0.00012500095181167126,8.300412446260452e-05,0.0,0.003583998477552086,False,0.9997606,,True,,,,57.0,57.0,1.5,True,1.0,False
7113,158.0,False,0.000166997779160738,0.002415996277704835,0.00012500095181167126,0.00012499367585405707,8.300412446260452e-05,0.0,0.003125001967418939,False,0.9993364,,True,,,,100.0,100.0,1.5,True,1.0,False
603,19.0,False,0.0002910019247792661,0.002792003215290606,0.00012499367585405707,0.00012500095181167126,0.00012500095181167126,0.0,0.0038330035749822855,False,0.9999202,,True,,,,19.0,19.0,1.5,True,0.9334221108266401,False
12421,58.24,False,0.000500003807246685,0.005041998520027846,0.00029199873097240925,0.0002500019036233425,0.00020899460650980473,0.0,0.006750000466126949,False,0.999755392,,True,,,,58.24,58.24,1.5,True,0.8687459107772506,True
6191,231.0,False,0.00016700505511835217,0.0025000044843181968,0.00012500095181167126,0.00012499367585405707,0.00012500095181167126,0.0,0.003415996616240591,False,0.9990298,,True,,,,100.0,100.0,1.5,True,1.0,False
16312,200.0,False,0.0002079978003166616,0.002458000381011516,0.00016600097296759486,0.00012500095181167126,8.300412446260452e-05,0.0,0.0033329997677356005,False,0.99916,,True,,,,100.0,100.0,1.5,True,1.0,False
11522,90.0,False,0.00012500095181167126,0.0020000006770715117,8.400093065574765e-05,0.00016600097296759486,4.200410330668092e-05,0.0,0.002624998160172254,False,0.999622,,True,,,,90.0,90.0,1.5,True,1.0,False
1766,147.43,False,0.0002500019036233425,0.0030419978429563344,0.00016700505511835217,0.00016600097296759486,8.300412446260452e-05,0.0,0.004041001375298947,False,0.999380794,,True,,,,100.0,100.0,1.5,True,1.0,False
11407,196.0,False,0.0002079978003166616,0.0024999972083605826,0.00012499367585405707,0.0002079978003166616,0.00012500095181167126,0.0,0.0034999975468963385,False,0.9991768,,True,,,,100.0,100.0,1.5,False,,False
11661,161.9,False,0.0002079978003166616,0.00224999530473724,8.299684850499034e-05,0.00012500095181167126,4.200410330668092e-05,0.0,0.002958004188258201,False,0.99932002,,True,,,,100.0,100.0,1.5,True,1.0,False
13033,100.0,False,0.000166997779160738,0.0023329994291998446,8.300412446260452e-05,8.300412446260452e-05,8.299684850499034e-05,0.0,0.0030000010156072676,False,0.99958,,True,,,,100.0,100.0,1.5,True,0.8142143494265454,True
11844,100.0,False,0.0002500019036233425,0.002749999111983925,0.00012500095181167126,0.000166997779160738,8.400093065574765e-05,0.0,0.0037089994293637574,False,0.99958,,True,,,,100.0,100.0,1.5,False,,False
15721,76.0,False,8.300412446260452e-05,0.0020000006770715117,0.00012500095181167126,0.00012500095181167126,4.200410330668092e-05,0.0,0.0025420013116672635,False,0.9996808,,True,,,,76.0,76.0,1.5,True,0.8697492092512262,True
1543,72.0,False,0.00024999462766572833,0.002791995939332992,0.00016700505511835217,0.000166997779160738,0.00012500095181167126,0.0,0.0037909994716756046,False,0.9996976,,True,,,,72.0,72.0,1.5,True,1.0,False
11662,161.9,False,0.00012500095181167126,0.002167005732189864,8.400093065574765e-05,0.00012500095181167126,4.1996827349066734e-05,0.0,0.0028330032364465296,False,0.99932002,,True,,,,100.0,100.0,1.5,False,,False
17462,50.0,False,0.000166997779160738,0.0023749962565489113,0.00012500095181167126,0.00012500095181167126,0.00012500095181167126,0.0,0.003207998815923929,False,0.99979,,True,,,,50.0,50.0,1.5,True,1.0,False
20501,180.0,False,0.00037500285543501377,0.003541994374245405,0.000166997779160738,0.0002079978003166616,0.00012500095181167126,0.0,0.004875000740867108,False,0.999244,,True,,,,100.0,100.0,1.5,True,1.0,False
13462,119.0,False,0.00016700505511835217,0.0022089952835813165,8.400093065574765e-05,0.00012500095181167126,4.1996827349066734e-05,0.0,0.0028330032364465296,False,0.9995002,,True,,,,100.0,100.0,1.5,False,,False
13723,228.0,False,0.00012499367585405707,0.0020000006770715117,8.400093065574765e-05,0.00012500095181167126,0.000166997779160738,0.0,0.0027089990908280015,False,0.9990424,,True,,,,100.0,100.0,1.5,True,0.8762533953027822,True
9003,114.94,False,0.00012500095181167126,0.002415996277704835,0.00012500095181167126,0.00012500095181167126,8.300412446260452e-05,0.0,0.0030840019462630153,False,0.999517252,,True,,,,100.0,100.0,1.5,True,0.9107614623902245,False
2250,237.33,False,0.000166997779160738,0.0023339962353929877,8.400093065574765e-05,0.00012500095181167126,8.300412446260452e-05,0.0,0.003125001967418939,False,0.999003214,,True,,,,100.0,100.0,1.5,True,1.0,False
4934,62.94,False,0.000166997779160738,0.0022090025595389307,8.399365469813347e-05,0.00012500095181167126,8.299684850499034e-05,0.0,0.002916996891144663,False,0.999735652,,True,,,,62.94,62.94,1.5,True,0.8333246188203312,True
2798,237.79,False,0.0002079978003166616,0.0026660054572857916,0.00012500095181167126,0.00012500095181167126,8.299684850499034e-05,0.0,0.0035420016502030194,False,0.999001282,,True,,,,100.0,100.0,1.5,True,1.0,False
731,22.0,False,0.0002090018824674189,0.002291999408043921,0.00012500095181167126,0.00012500095181167126,0.00016600097296759486,0.0,0.0030419978429563344,False,0.9999076,,True,,,,22.0,22.0,1.5,True,0.8506636248648531,True
11731,70.0,False,0.00020800507627427578,0.0025420013116672635,0.00012499367585405707,0.00012500095181167126,8.300412446260452e-05,0.0,0.0033329997677356005,False,0.999706,,True,,,,70.0,70.0,1.5,True,1.0,False
10410,91.0,False,0.000166997779160738,0.0020840016077272594,8.299684850499034e-05,8.299684850499034e-05,8.299684850499034e-05,0.0,0.0028750000637955964,False,0.9996178,,True,,,,91.0,91.0,1.5,True,1.0,False
9459,91.0,False,0.00020800507627427578,0.002415996277704835,0.00012500095181167126,0.00016600097296759486,8.299684850499034e-05,0.0,0.003291999746579677,False,0.9996178,,True,,,,91.0,91.0,1.5,True,0.7545936760152153,True
11467,66.11,False,0.00016700505511835217,0.0023339962353929877,0.00016600097296759486,8.300412446260452e-05,8.300412446260452e-05,0.0,0.0030840019462630153,False,0.999722338,,True,,,,66.11,66.11,1.5,True,0.8731273630560329,True
16062,114.0,False,0.000166997779160738,0.002124994352925569,8.400093065574765e-05,0.00012500095181167126,4.1996827349066734e-05,0.0,0.0028329959604889154,False,0.9995212,,True,,,,100.0,100.0,1.5,True,1.0,False
5633,57.06,False,0.00012500095181167126,0.002125001628883183,8.299684850499034e-05,8.299684850499034e-05,4.200410330668092e-05,0.0,0.002749999111983925,False,0.999760348,,True,,,,57.06,57.06,1.5,True,1.0,False
14503,233.33,False,0.00016700505511835217,0.0023750035325065255,8.299684850499034e-05,0.00012500095181167126,8.300412446260452e-05,0.0,0.0032080060918815434,False,0.999020014,,True,,,,100.0,100.0,1.5,False,,False
9735,188.0,False,0.0004579997039400041,0.004541994712781161,0.000333995558321476,0.0002090018824674189,0.00020800507627427578,0.0,0.006249996658880264,False,0.9992104,,True,,,,100.0,100.0,1.5,False,,False
13669,200.72,False,0.00012500095181167126,0.001959000655915588,8.400093065574765e-05,8.400093065574765e-05,8.399365469813347e-05,0.0,0.002624998160172254,False,0.999156976,,True,,,,100.0,100.0,1.5,True,0.8132753320010118,True
16060,37.81,False,0.00012500095181167126,0.001957996573764831,8.299684850499034e-05,0.00012500095181167126,8.299684850499034e-05,0.0,0.0026659981813281775,False,0.999841198,,True,,,,37.81,37.81,1.5,True,0.8684382168901069,True
16184,241.0,False,0.0002910019247792661,0.0030000010156072676,0.00016599369700998068,0.00012500095181167126,0.00016600097296759486,0.0,0.004082998202648014,False,0.9989878,,True,,,,100.0,100.0,1.5,True,0.9572743195866449,False
16381,198.19,False,0.0002500019036233425,0.0028750000637955964,0.00012499367585405707,0.00016700505511835217,8.300412446260452e-05,0.0,0.0038330035749822855,False,0.999167602,,True,,,,100.0,100.0,1.5,True,1.0,False
142,56.0,False,0.00016700505511835217,0.002082997525576502,0.00012500095181167126,0.00012500095181167126,8.399365469813347e-05,0.0,0.002792003215290606,False,0.9997648,,True,,,,56.0,56.0,1.5,True,0.9680643723456628,False
16544,204.69,False,0.0005409965524449944,0.00508299854118377,0.00033299875212833285,0.0002500019036233425,0.00012500095181167126,0.0,0.006750000466126949,False,0.999140302,,True,,,,100.0,100.0,1.5,True,0.8842874696440087,True
3981,50.0,False,0.00029199873097240925,0.0037919962778687477,0.0002079978003166616,0.00016599369700998068,0.00012500095181167126,0.0,0.005000001692678779,False,0.99979,,True,,,,50.0,50.0,1.5,True,0.8391675925133344,True
17059,78.0,False,0.0002079978003166616,0.0024999972083605826,8.299684850499034e-05,0.00012500095181167126,8.400093065574765e-05,0.0,0.0033339965739287436,False,0.9996724,,True,,,,78.0,78.0,1.5,True,1.0,False
2801,160.0,False,0.00016600097296759486,0.0031249946914613247,0.00016700505511835217,0.00012500095181167126,0.00012500095181167126,0.0,0.00404199818149209,False,0.999328,,True,,,,100.0,100.0,1.5,True,1.0,False
13099,85.0,False,0.00012500095181167126,0.0020000006770715117,0.00012500095181167126,8.400093065574765e-05,8.399365469813347e-05,0.0,0.0026659981813281775,False,0.999643,,True,,,,85.0,85.0,1.5,True,0.8224382597980215,True
14047,171.43,False,0.00016600097296759486,0.0022500025806948543,0.00012500095181167126,0.00012500095181167126,8.399365469813347e-05,0.0,0.0030000010156072676,False,0.999279994,,True,,,,100.0,100.0,1.5,True,0.9991415339971447,False
4812,126.0,False,0.00012500095181167126,0.0022079984773881733,8.300412446260452e-05,8.300412446260452e-05,8.300412446260452e-05,0.0,0.0028750000637955964,False,0.9994708,,True,,,,100.0,100.0,1.5,False,,False
5891,23.5,False,0.00012500095181167126,0.002125001628883183,0.00012500095181167126,0.00012500095181167126,8.400093065574765e-05,0.0,0.002749999111983925,False,0.9999013,,True,,,,23.5,23.5,1.5,True,0.9404749226452462,False
18359,117.0,False,0.000166997779160738,0.0022500025806948543,0.00012500095181167126,0.00012500095181167126,8.300412446260452e-05,0.0,0.0030000010156072676,False,0.9995086,,True,,,,100.0,100.0,1.5,False,,False
7957,139.0,False,0.00012500095181167126,0.001957996573764831,4.1996827349066734e-05,0.00012500095181167126,4.1996827349066734e-05,0.0,0.002583001332823187,False,0.9994162,,True,,,,100.0,100.0,1.5,True,0.8535501083903339,True
17233,67.4,False,0.000166997779160738,0.0021669984562322497,8.400093065574765e-05,0.00016700505511835217,8.299684850499034e-05,0.0,0.0028340000426396728,False,0.99971692,,True,,,,67.4,67.4,1.5,True,1.0,False
16551,200.0,False,0.000166997779160738,0.0023749962565489113,8.299684850499034e-05,0.00016700505511835217,0.00012500095181167126,0.0,0.003207998815923929,False,0.99916,,True,,,,100.0,100.0,1.5,True,1.0,False
8922,128.0,False,0.00012500095181167126,0.002291999408043921,0.00012500095181167126,8.400093065574765e-05,8.399365469813347e-05,0.0,0.00291600008495152,False,0.9994624,,True,,,,100.0,100.0,1.5,True,1.0,False
17061,137.0,False,0.00012500095181167126,0.002291999408043921,8.400093065574765e-05,0.00012500095181167126,8.400093065574765e-05,0.0,0.002916996891144663,False,0.9994246,,True,,,,100.0,100.0,1.5,True,1.0,False
15811,105.0,False,0.00020800507627427578,0.002583001332823187,8.300412446260452e-05,0.00012500095181167126,0.00012500095181167126,0.0,0.0034999975468963385,False,0.999559,,True,,,,100.0,100.0,1.5,True,0.9791352276581757,False
6405,188.0,False,0.00012500095181167126,0.0024170003598555923,8.300412446260452e-05,8.300412446260452e-05,0.00012500095181167126,0.0,0.003125001967418939,False,0.9992104,,True,,,,100.0,100.0,1.5,True,0.9968433493573293,False
1909,55.0,False,0.000166997779160738,0.0025410045054741204,8.300412446260452e-05,0.00012500095181167126,8.400093065574765e-05,0.0,0.0033329997677356005,False,0.999769,,True,,,,55.0,55.0,1.5,True,1.0,False
14432,198.18,False,0.00033300602808594704,0.0034580007195472717,0.00016600097296759486,0.000166997779160738,0.00012500095181167126,0.0,0.004583002009894699,False,0.999167644,,True,,,,100.0,100.0,1.5,True,0.9946744912268173,False
12971,228.0,False,0.00020800507627427578,0.002583001332823187,0.00012500095181167126,0.00012500095181167126,8.299684850499034e-05,0.0,0.003417000698391348,False,0.9990424,,True,,,,100.0,100.0,1.5,False,,False
17073,181.0,False,0.00029199873097240925,0.0035000048228539526,0.000166997779160738,0.00012500095181167126,0.00012500095181167126,0.0,0.004582994733937085,False,0.9992398,,True,,,,100.0,100.0,1.5,False,,False
3199,147.23,False,0.0002090018824674189,0.0025410045054741204,0.000166997779160738,0.00012500095181167126,0.00012500095181167126,0.0,0.0034580007195472717,False,0.999381634,,True,,,,100.0,100.0,1.5,False,,False
8963,103.85,False,8.299684850499034e-05,0.002082997525576502,0.00012499367585405707,8.400093065574765e-05,8.400093065574765e-05,0.0,0.0027080022846348584,False,0.99956383,,True,,,,100.0,100.0,1.5,True,0.8928941827515934,True
19232,336.0,False,0.000166997779160738,0.0020410006982274354,8.299684850499034e-05,8.299684850499034e-05,4.1996827349066734e-05,0.0,0.0026670022634789348,False,0.9985888,,True,,,,100.0,100.0,1.5,False,,False
13784,86.0,False,0.00024999462766572833,0.003125001967418939,0.00020800507627427578,0.000166997779160738,0.00012500095181167126,0.0,0.004374996933620423,False,0.9996388,,True,,,,86.0,86.0,1.5,True,1.0,False
11676,28.0,False,0.0002079978003166616,0.002458000381011516,0.00012500095181167126,0.000166997779160738,0.00016600097296759486,0.0,0.0033750038710422814,False,0.9998824,,True,,,,28.0,28.0,1.5,True,0.9542636612836785,False
4548,50.0,False,0.0002079978003166616,0.002291999408043921,8.400093065574765e-05,8.400093065574765e-05,8.400093065574765e-05,0.0,0.003083005140069872,False,0.99979,,True,,,,50.0,50.0,1.5,True,0.8064312982953359,True
6785,100.0,False,0.0004579997039400041,0.0049579975893720984,0.00029200600693002343,0.00024999462766572833,0.00033400283427909017,0.0,0.006665999535471201,False,0.99958,,True,,,,100.0,100.0,1.5,True,1.0,False
9845,70.0,False,0.00016600097296759486,0.0022079984773881733,8.299684850499034e-05,0.00012500095181167126,0.00012500095181167126,0.0,0.002916996891144663,False,0.999706,,True,,,,70.0,70.0,1.5,False,,False
14142,80.0,False,0.00012500095181167126,0.0021659943740814924,8.299684850499034e-05,8.299684850499034e-05,8.299684850499034e-05,0.0,0.002792003215290606,False,0.999664,,True,,,,80.0,80.0,1.5,True,0.9283747514752996,False
2607,63.0,False,0.0002090018824674189,0.002791995939332992,0.00012500095181167126,0.00012500095181167126,8.299684850499034e-05,0.0,0.003625005774665624,False,0.9997354,,True,,,,63.0,63.0,1.5,True,0.9042530306748688,False
9561,122.0,False,0.00012500095181167126,0.002082997525576502,0.00012500095181167126,0.000166997779160738,0.00012500095181167126,0.0,0.0028750000637955964,False,0.9994876,,True,,,,100.0,100.0,1.5,True,0.8005376229333174,True
3785,151.0,False,0.00012500095181167126,0.002125001628883183,0.00012500095181167126,0.00012500095181167126,8.299684850499034e-05,0.0,0.0028330032364465296,False,0.9993658,,True,,,,100.0,100.0,1.5,True,1.0,False
16391,31.0,False,0.000166997779160738,0.0022079984773881733,8.299684850499034e-05,8.299684850499034e-05,8.299684850499034e-05,0.0,0.0028330032364465296,False,0.9998698,,True,,,,31.0,31.0,1.5,True,1.0,False
9713,128.0,False,0.0005839974619448185,0.004583998816087842,0.00033400283427909017,0.0002090018824674189,0.00024999462766572833,0.0,0.006333000783342868,False,0.9994624,,True,,,,100.0,100.0,1.5,True,1.0,False
1494,100.0,False,0.0002079978003166616,0.0027080022846348584,0.00016600097296759486,0.00012500095181167126,8.299684850499034e-05,0.0,0.003582994395401329,False,0.99958,,True,,,,100.0,100.0,1.5,True,0.9047710926081675,False
7602,109.62,False,0.0002079978003166616,0.0025419940357096493,0.00012500095181167126,0.000166997779160738,8.400093065574765e-05,0.0,0.003417000698391348,False,0.999539596,,True,,,,100.0,100.0,1.5,True,1.0,False
18543,256.0,False,0.0002500019036233425,0.002625005436129868,0.00016600097296759486,0.00016700505511835217,0.00012499367585405707,0.0,0.0036669953260570765,False,0.9989248,,True,,,,100.0,100.0,1.5,False,,False
6681,16.09,False,0.00012500095181167126,0.002082997525576502,8.299684850499034e-05,0.00012500095181167126,8.399365469813347e-05,0.0,0.002749999111983925,False,0.999932422,,True,,,,16.09,16.09,1.5,False,,False
8446,63.0,False,0.00012499367585405707,0.0020420047803781927,8.300412446260452e-05,8.300412446260452e-05,4.1000021155923605e-05,0.0,0.002624998160172254,False,0.9997354,,True,,,,63.0,63.0,1.5,True,1.0,False
19835,76.32,False,0.0002910019247792661,0.0025420013116672635,0.00012500095181167126,8.300412446260452e-05,8.300412446260452e-05,0.0,0.0034999975468963385,False,0.999679456,,True,,,,76.32,76.32,1.5,False,,False
7539,125.0,False,0.00024999462766572833,0.0032090028980746865,0.000166997779160738,0.00012500095181167126,8.399365469813347e-05,0.0,0.004250003257766366,False,0.999475,,True,,,,100.0,100.0,1.5,True,1.0,False
15392,164.0,False,0.00029099464882165194,0.0025420013116672635,0.00012499367585405707,0.000166997779160738,8.400093065574765e-05,0.0,0.0035420016502030194,False,0.9993112,,True,,,,100.0,100.0,1.5,True,0.8664843598833768,True
18910,150.0,False,0.000166997779160738,0.0022500025806948543,8.300412446260452e-05,8.300412446260452e-05,8.300412446260452e-05,0.0,0.002916996891144663,False,0.99937,,True,,,,100.0,100.0,1.5,True,1.0,False
14087,87.0,False,0.00033400283427909017,0.0037089994293637574,0.0002090018824674189,0.00012500095181167126,0.000166997779160738,0.0,0.004875000740867108,False,0.9996346,,True,,,,87.0,87.0,1.5,False,,False
15365,66.0,False,0.00012500095181167126,0.0021669984562322497,8.400093065574765e-05,0.00012500095181167126,8.400093065574765e-05,0.0,0.002749999111983925,False,0.9997228,,True,,,,66.0,66.0,1.5,True,0.931505386452584,False
3079,247.22,False,0.00012500095181167126,0.0020830048015341163,8.299684850499034e-05,8.299684850499034e-05,8.300412446260452e-05,0.0,0.0027089990908280015,False,0.998961676,,True,,,,100.0,100.0,1.5,False,,False
11310,210.0,False,0.00020899460650980473,0.002125001628883183,0.00016600097296759486,8.300412446260452e-05,8.300412446260452e-05,0.0,0.00295899371849373,False,0.999118,,True,,,,100.0,100.0,1.5,True,0.997485395725781,False
852,30.0,False,0.00037500285543501377,0.0040000013541430235,0.0002500019036233425,0.000166997779160738,0.00016600097296759486,0.0,0.005374997272156179,False,0.999874,,True,,,,30.0,30.0,1.5,True,0.9074818337982861,False
10294,150.0,False,0.0002079978003166616,0.002415996277704835,0.000166997779160738,0.00012500095181167126,8.300412446260452e-05,0.0,0.003292007022537291,False,0.99937,,True,,,,100.0,100.0,1.5,False,,False
9667,236.0,False,0.0002090018824674189,0.0024170003598555923,0.00012500095181167126,0.00012500095181167126,4.1996827349066734e-05,0.0,0.00325000291923061,False,0.9990088,,True,,,,100.0,100.0,1.5,False,,False
7495,243.0,False,0.000166997779160738,0.002458000381011516,0.00016600097296759486,0.00012500095181167126,0.00012500095181167126,0.0,0.003374996595084667,False,0.9989794,,True,,,,100.0,100.0,1.5,True,0.9569062592381687,False
3886,183.0,False,0.00029199873097240925,0.002959000994451344,0.00012500095181167126,0.00012499367585405707,0.00012500095181167126,0.0,0.0040000013541430235,False,0.9992314,,True,,,,100.0,100.0,1.5,True,0.8336895509288941,True
15694,92.0,False,0.0004160028765909374,0.004458001058083028,0.0002500019036233425,0.00020899460650980473,0.0002090018824674189,0.0,0.006000002031214535,False,0.9996136,,True,,,,92.0,92.0,1.5,True,1.0,False
16073,21.4,False,0.0002090018824674189,0.0025419940357096493,0.00012500095181167126,0.000166997779160738,0.00012500095181167126,0.0,0.003374996595084667,False,0.99991012,,True,,,,21.4,21.4,1.5,True,0.8508933803140675,True
13985,71.0,False,0.00012500095181167126,0.002125001628883183,0.00012500095181167126,8.399365469813347e-05,8.400093065574765e-05,0.0,0.0028330032364465296,False,0.9997018,,True,,,,71.0,71.0,1.5,True,1.0,False
18312,139.0,False,0.00033299875212833285,0.004040994099341333,0.0002079978003166616,0.000166997779160738,0.000166997779160738,0.0,0.005333000444807112,False,0.9994162,,True,,,,100.0,100.0,1.5,False,,False
9200,186.0,False,0.00016700505511835217,0.0021669984562322497,8.300412446260452e-05,0.00016600097296759486,8.299684850499034e-05,0.0,0.0028750000637955964,False,0.9992188,,True,,,,100.0,100.0,1.5,True,1.0,False
19927,50.0,False,0.00029099464882165194,0.0033329997677356005,0.00020800507627427578,0.00012499367585405707,0.00012500095181167126,0.0,0.004458997864276171,False,0.99979,,True,,,,50.0,50.0,1.5,False,,False
1322,37.0,False,0.00012500095181167126,0.0020410006982274354,8.300412446260452e-05,8.400093065574765e-05,4.1996827349066734e-05,0.0,0.0026670022634789348,False,0.9998446,,True,,,,37.0,37.0,1.5,True,1.0,False
7312,131.0,False,0.00020899460650980473,0.0024170003598555923,0.00012500095181167126,0.00012499367585405707,4.1996827349066734e-05,0.0,0.003291999746579677,False,0.9994498,,True,,,,100.0,100.0,1.5,True,1.0,False
14470,55.0,False,0.00012500095181167126,0.0020419975044205785,8.400093065574765e-05,0.00012500095181167126,8.300412446260452e-05,0.0,0.002749999111983925,False,0.999769,,True,,,,55.0,55.0,1.5,False,,False
15664,9.0,False,0.00012500095181167126,0.0020840016077272594,0.00012500095181167126,8.299684850499034e-05,4.1996827349066734e-05,0.0,0.002749999111983925,False,0.9999622,,True,,,,9.0,9.0,1.5,False,,False
3292,276.0,False,0.0004169996827840805,0.005000001692678779,0.00029199873097240925,0.0002079978003166616,0.00012500095181167126,0.0,0.006542002665810287,False,0.9988408,,True,,,,100.0,100.0,1.5,False,,False
13040,94.0,False,0.00012500095181167126,0.0020419975044205785,8.400093065574765e-05,0.00012500095181167126,8.400093065574765e-05,0.0,0.0027080022846348584,False,0.9996052,,True,,,,94.0,94.0,1.5,True,0.8175955585756827,True
5660,38.0,False,0.000166997779160738,0.0025410045054741204,0.00012500095181167126,0.00012499367585405707,0.00012500095181167126,0.0,0.003417000698391348,False,0.9998404,,True,,,,38.0,38.0,1.5,True,0.8442848770330436,True
17026,191.0,False,0.0002079978003166616,0.0026660054572857916,0.000166997779160738,0.00016700505511835217,0.00012500095181167126,0.0,0.0036670026020146906,False,0.9991978,,True,,,,100.0,100.0,1.5,False,,False
17617,238.0,False,0.0004160028765909374,0.004333000106271356,0.0002500019036233425,0.0002079978003166616,0.00012500095181167126,0.0,0.005709000106435269,False,0.9990004,,True,,,,100.0,100.0,1.5,True,1.0,False
1245,30.0,False,0.0002500019036233425,0.002458997187204659,0.00012500095181167126,0.00012500095181167126,0.00012500095181167126,0.0,0.003374996595084667,False,0.999874,,True,,,,30.0,30.0,1.5,True,1.0,False
18213,175.36,False,0.00012500095181167126,0.002334003511350602,8.400093065574765e-05,0.00012499367585405707,8.299684850499034e-05,0.0,0.0030419978429563344,False,0.999263488,,True,,,,100.0,100.0,1.5,True,0.998977488073462,False
11502,144.0,False,0.0002079978003166616,0.002624998160172254,0.00012499367585405707,0.00012500095181167126,0.00012500095181167126,0.0,0.0035420016502030194,False,0.9993952,,True,,,,100.0,100.0,1.5,True,0.8737922193471273,True
1807,42.0,False,0.00012500095181167126,0.0023329994291998446,8.300412446260452e-05,0.00012500095181167126,8.300412446260452e-05,0.0,0.0030410010367631912,False,0.9998236,,True,,,,42.0,42.0,1.5,True,1.0,False
4566,50.0,False,0.0004160028765909374,0.0045000051613897085,0.0002079978003166616,0.0002079978003166616,0.000166997779160738,0.0,0.006000002031214535,False,0.99979,,True,,,,50.0,50.0,1.5,True,0.7923682930271392,True
9321,135.0,False,0.00020800507627427578,0.002540997229516506,0.00012500095181167126,0.00012500095181167126,8.400093065574765e-05,0.0,0.003374996595084667,False,0.999433,,True,,,,100.0,100.0,1.5,True,1.0,False
9155,45.0,False,0.0006249974831007421,0.0056249991757795215,0.00037500285543501377,0.00029199873097240925,0.00033299875212833285,0.0,0.007708003977313638,False,0.999811,,True,,,,45.0,45.0,1.5,True,1.0,False
11307,216.0,False,0.00012500095181167126,0.0022079984773881733,8.300412446260452e-05,8.300412446260452e-05,4.200410330668092e-05,0.0,0.0027500063879415393,False,0.9990928,,True,,,,100.0,100.0,1.5,False,,False
16945,51.0,False,0.000166997779160738,0.002415996277704835,0.00012500095181167126,0.00012500095181167126,0.00012500095181167126,0.0,0.00325000291923061,False,0.9997858,,True,,,,51.0,51.0,1.5,False,,False
8293,121.67,False,0.000166997779160738,0.002707995008677244,0.00012500095181167126,0.00016599369700998068,8.299684850499034e-05,0.0,0.0034999975468963385,False,0.999488986,,True,,,,100.0,100.0,1.5,True,0.8932003618422103,True
13329,169.0,False,0.0002500019036233425,0.0036249984987080097,0.00020899460650980473,0.00016700505511835217,0.00016600097296759486,0.0,0.004749999789055437,False,0.9992902,,True,,,,100.0,100.0,1.5,False,,False
16149,8.0,False,0.00012500095181167126,0.0020419975044205785,4.200410330668092e-05,0.00012500095181167126,4.1996827349066734e-05,0.0,0.0025420013116672635,False,0.9999664,,True,,,,8.0,8.0,1.5,True,1.0,False
19037,30.0,False,0.000166997779160738,0.0019999934011138976,8.299684850499034e-05,8.299684850499034e-05,8.400093065574765e-05,0.0,0.0026659981813281775,False,0.999874,,True,,,,30.0,30.0,1.5,True,0.8176483313279072,True
3632,113.75,False,0.00012500095181167126,0.0022080057533457875,0.00012500095181167126,0.00012500095181167126,8.400093065574765e-05,0.0,0.0028750000637955964,False,0.99952225,,True,,,,100.0,100.0,1.5,True,1.0,False
7632,75.15,False,0.0003749955794773996,0.0040000013541430235,0.0002500019036233425,0.0002090018824674189,0.00012499367585405707,0.0,0.00549999822396785,False,0.99968437,,True,,,,75.15,75.15,1.5,True,1.0,False
10364,102.67,False,8.400093065574765e-05,0.0018749997252598405,8.300412446260452e-05,8.300412446260452e-05,4.200410330668092e-05,0.0,0.002416003553662449,False,0.999568786,,True,,,,100.0,100.0,1.5,True,0.8872827764311768,True
9324,183.0,False,0.0002090018824674189,0.0023339962353929877,4.200410330668092e-05,0.00016600097296759486,0.00012500095181167126,0.0,0.0030840019462630153,False,0.9992314,,True,,,,100.0,100.0,1.5,True,0.8336895509288941,True
17263,50.0,False,0.00012500095181167126,0.001957996573764831,4.1996827349066734e-05,0.00012499367585405707,8.299684850499034e-05,0.0,0.0026660054572857916,False,0.99979,,True,,,,50.0,50.0,1.5,True,1.0,False
2574,20.71,False,0.00024999462766572833,0.003082997864112258,0.000166997779160738,0.00012500095181167126,0.00012500095181167126,0.0,0.004082998202648014,False,0.999913018,,True,,,,20.71,20.71,1.5,True,1.0,False
10628,60.0,False,0.0002500019036233425,0.0031669987947680056,0.00012500095181167126,0.00012500095181167126,0.00016600097296759486,0.0,0.004207999154459685,False,0.999748,,True,,,,60.0,60.0,1.5,True,1.0,False
16250,162.0,False,0.000166997779160738,0.002458000381011516,0.00012500095181167126,0.00012499367585405707,0.00012500095181167126,0.0,0.003291999746579677,False,0.9993196,,True,,,,100.0,100.0,1.5,False,,False
14863,308.0,False,0.00024999462766572833,0.0025840054149739444,0.000166997779160738,0.00016600097296759486,0.00012500095181167126,0.0,0.003583001671358943,False,0.9987064,,True,,,,100.0,100.0,1.5,False,,False
15744,21.0,False,8.300412446260452e-05,0.0020000006770715117,8.300412446260452e-05,8.300412446260452e-05,8.399365469813347e-05,0.0,0.0024999972083605826,False,0.9999118,,True,,,,21.0,21.0,1.5,True,0.9886215096737394,False
15253,185.0,False,0.000166997779160738,0.0023329994291998446,0.00012500095181167126,0.00012500095181167126,8.300412446260452e-05,0.0,0.003125001967418939,False,0.999223,,True,,,,100.0,100.0,1.5,True,0.8582439052895353,True
20099,50.59,False,0.0002079978003166616,0.0027080022846348584,0.00016600097296759486,0.00016700505511835217,8.299684850499034e-05,0.0,0.003707995347213,False,0.999787522,,True,,,,50.59,50.59,1.5,True,0.9074746399839563,False
10915,68.31,False,0.00016600097296759486,0.0023329994291998446,0.00012500095181167126,8.300412446260452e-05,0.00012500095181167126,0.0,0.003125001967418939,False,0.999713098,,True,,,,68.31,68.31,1.5,True,0.7780928780983059,True
1860,75.0,False,0.000166997779160738,0.0023329994291998446,0.00012500095181167126,0.00012500095181167126,4.1996827349066734e-05,0.0,0.003082997864112258,False,0.999685,,True,,,,75.0,75.0,1.5,True,0.9113956199527115,False
4032,102.0,False,0.00016700505511835217,0.002082997525576502,0.00012500095181167126,0.00012500095181167126,8.400093065574765e-05,0.0,0.002792003215290606,False,0.9995716,,True,,,,100.0,100.0,1.5,True,1.0,False
14439,62.0,False,0.000166997779160738,0.002291999408043921,8.299684850499034e-05,8.300412446260452e-05,8.300412446260452e-05,0.0,0.002959000994451344,False,0.9997396,,True,,,,62.0,62.0,1.5,True,1.0,False
1679,113.0,False,0.000166997779160738,0.002082997525576502,0.00012500095181167126,8.400093065574765e-05,4.1996827349066734e-05,0.0,0.0028329959604889154,False,0.9995254,,True,,,,100.0,100.0,1.5,True,1.0,False
17654,126.0,False,0.00029200600693002343,0.0038750004023313522,0.00020800507627427578,0.000166997779160738,0.00012500095181167126,0.0,0.005125002644490451,False,0.9994708,,True,,,,100.0,100.0,1.5,True,0.8328178957927025,True
8925,157.88,False,0.0004999965312890708,0.0047909998102113605,0.00029199873097240925,0.0002079978003166616,0.00033400283427909017,0.0,0.006541005859617144,False,0.999336904,,True,,,,100.0,100.0,1.5,False,,False
9050,195.0,False,0.000166997779160738,0.0023750035325065255,0.00012500095181167126,0.00016600097296759486,0.00012500095181167126,0.0,0.00325000291923061,False,0.999181,,True,,,,100.0,100.0,1.5,True,0.8874653086998694,True
13562,4.0,False,0.00020800507627427578,0.0020000006770715117,8.300412446260452e-05,0.00012500095181167126,8.400093065574765e-05,0.0,0.002749999111983925,False,0.9999832,,True,,,,4.0,4.0,1.5,True,0.8792108541088037,True
16027,192.0,False,0.00016600097296759486,0.0018749997252598405,8.300412446260452e-05,4.200410330668092e-05,4.1996827349066734e-05,0.0,0.002458000381011516,False,0.9991936,,True,,,,100.0,100.0,1.5,True,1.0,False
1752,24.0,False,0.00024999462766572833,0.002458000381011516,0.00012500095181167126,8.299684850499034e-05,0.00012500095181167126,0.0,0.0033339965739287436,False,0.9998992,,True,,,,24.0,24.0,1.5,True,1.0,False
