event_idx,load_mw,critical_event,selector_time_ms,surrogate_time_ms,baseline_ctrl_ms,droop_ctrl_ms,proposed_ctrl_ms,nr_time_ms,cycle_time_ms,deadline_miss,surrogate_vm_pu,raw_vm_ref_pu,converged,base_vm_ref_pu,droop_vm_ref_pu,prop_vm_ref_pu,p_base_mw,p_droop_mw,p_prop_mw,sampled_converged,sampled_vm_pu,sampled_violation
8532,0.02,False,0.0002090018824674189,0.0021660016500391066,8.300412446260452e-05,0.00016700505511835217,8.399365469813347e-05,0.0,0.002958004188258201,False,0.999999916,,True,,,,0.02,0.02,0.02,True,0.9437374033669534,False
18468,0.081,False,0.00029199873097240925,0.0032910029403865337,0.00016700505511835217,0.00012500095181167126,0.00012500095181167126,0.0,0.004374996933620423,False,0.9999996598,,True,,,,0.081,0.081,0.081,True,0.9647149263568455,False
7498,0.18383000000000002,False,0.00012500095181167126,0.0021659943740814924,0.00012500095181167126,0.00012500095181167126,8.299684850499034e-05,0.0,0.0028750000637955964,False,0.999999227914,,True,,,,0.18383000000000002,0.18383000000000002,0.18383000000000002,True,1.0,False
2297,0.1875,False,0.000500003807246685,0.006041998858563602,0.0003749955794773996,0.00037500285543501377,0.00012500095181167126,0.0,0.007791997632011771,False,0.9999992125,,True,,,,0.1875,0.1875,0.1875,True,0.9573455515457217,False
8266,0.255,False,8.300412446260452e-05,0.0020419975044205785,8.400093065574765e-05,8.400093065574765e-05,4.200410330668092e-05,0.0,0.002624998160172254,False,0.999998929,,True,,,,0.255,0.255,0.255,True,0.9860962039052267,False
5763,0.1,False,0.00016600097296759486,0.002124994352925569,8.299684850499034e-05,0.00012499367585405707,8.400093065574765e-05,0.0,0.0028750000637955964,False,0.99999958,,True,,,,0.1,0.1,0.1,True,1.0,False
20129,0.05,False,0.0002500019036233425,0.0024999972083605826,0.00012500095181167126,0.00012500095181167126,0.00016600097296759486,0.0,0.0033750038710422814,False,0.99999979,,True,,,,0.05,0.05,0.05,True,1.0,False
15169,0.284,False,0.00012500095181167126,0.002125001628883183,8.400093065574765e-05,8.400093065574765e-05,0.00012499367585405707,0.0,0.0028750000637955964,False,0.9999988072,,True,,,,0.284,0.284,0.284,True,0.8097262852918976,True
17326,0.028,False,0.000166997779160738,0.002334003511350602,0.00012500095181167126,8.300412446260452e-05,8.299684850499034e-05,0.0,0.0031249946914613247,False,0.9999998824,,True,,,,0.028,0.028,0.028,True,1.0,False
18642,0.023,False,0.00037500285543501377,0.0037080026231706142,0.0002090018824674189,0.000166997779160738,0.00012500095181167126,0.0,0.004875000740867108,False,0.9999999034,,True,,,,0.023,0.023,0.023,True,0.9861139308586869,False
12214,0.061,False,0.000166997779160738,0.0022909953258931637,4.1996827349066734e-05,8.400093065574765e-05,8.400093065574765e-05,0.0,0.00291600008495152,False,0.9999997438,,True,,,,0.061,0.061,0.061,True,0.959867646031858,False
15401,0.008,False,0.00016600097296759486,0.0022079984773881733,8.299684850499034e-05,8.299684850499034e-05,4.1996827349066734e-05,0.0,0.0028750000637955964,False,0.9999999664,,True,,,,0.008,0.008,0.008,True,1.0,False
10681,0.025,False,0.0002079978003166616,0.0026659981813281775,0.00012499367585405707,0.00012500095181167126,8.300412446260452e-05,0.0,0.003541994374245405,False,0.999999895,,True,,,,0.025,0.025,0.025,True,0.9598719997940794,False
6678,0.079,False,0.0002079978003166616,0.0024999972083605826,0.00012500095181167126,0.00016599369700998068,0.00012500095181167126,0.0,0.003374996595084667,False,0.9999996682,,True,,,,0.079,0.079,0.079,True,1.0,False
4547,0.019579999999999997,False,0.0004169996827840805,0.0054159972933121026,0.00020800507627427578,0.0002500019036233425,0.00012500095181167126,0.0,0.006916998245287687,False,0.999999917764,,True,,,,0.019579999999999997,0.019579999999999997,0.019579999999999997,True,1.0,False
9312,0.021,False,0.00020899460650980473,0.0020840016077272594,4.200410330668092e-05,8.300412446260452e-05,8.299684850499034e-05,0.0,0.002749999111983925,False,0.9999999118,,True,,,,0.021,0.021,0.021,True,1.0,False
16021,0.008,False,0.0002079978003166616,0.0022500025806948543,0.00012499367585405707,8.400093065574765e-05,8.299684850499034e-05,0.0,0.0030419978429563344,False,0.9999999664,,True,,,,0.008,0.008,0.008,True,0.7273966489268647,True
4925,0.062,False,0.00016600097296759486,0.002458000381011516,0.00012500095181167126,0.00012500095181167126,8.300412446260452e-05,0.0,0.00316700607072562,False,0.9999997396,,True,,,,0.062,0.062,0.062,True,0.9754923108322502,False
16645,0.1,False,0.000166997779160738,0.00224999530473724,0.00012500095181167126,8.400093065574765e-05,0.00012500095181167126,0.0,0.0030419978429563344,False,0.99999958,,True,,,,0.1,0.1,0.1,True,1.0,False
5729,0.009970000000000001,False,0.00016600097296759486,0.002082997525576502,4.200410330668092e-05,8.300412446260452e-05,4.200410330668092e-05,0.0,0.002749999111983925,False,0.999999958126,,True,,,,0.009970000000000001,0.009970000000000001,0.009970000000000001,True,0.9406511496781643,False
2091,0.10182,False,0.0002079978003166616,0.002416003553662449,0.00012500095181167126,0.000166997779160738,0.00012500095181167126,0.0,0.003291999746579677,False,0.999999572356,,True,,,,0.10182,0.10182,0.10182,True,1.0,False
13362,0.31,False,0.0002500019036233425,0.002958004188258201,0.00012500095181167126,0.00012500095181167126,8.299684850499034e-05,0.0,0.003916997229680419,False,0.999998698,,True,,,,0.31,0.31,0.31,True,0.9436922614121677,False
342,0.074,False,0.0002079978003166616,0.0024999972083605826,8.400093065574765e-05,0.000166997779160738,0.00012500095181167126,0.0,0.003374996595084667,False,0.9999996892,,True,,,,0.074,0.074,0.074,True,0.9043513049145875,False
16968,0.037,False,0.000166997779160738,0.0020000006770715117,0.00012500095181167126,8.400093065574765e-05,8.400093065574765e-05,0.0,0.0026659981813281775,False,0.9999998446,,True,,,,0.037,0.037,0.037,True,0.8693225859752118,True
15777,0.28,False,0.00020800507627427578,0.002416003553662449,0.00012500095181167126,0.00020800507627427578,0.00012500095181167126,0.0,0.0033329997677356005,False,0.999998824,,True,,,,0.28,0.28,0.28,True,0.9406080029863488,False
12774,0.04553,False,0.000166997779160738,0.0021660016500391066,8.299684850499034e-05,8.299684850499034e-05,4.1996827349066734e-05,0.0,0.0028330032364465296,False,0.999999808774,,True,,,,0.04553,0.04553,0.04553,True,0.9406454690477795,False
9421,0.21,False,0.0002079978003166616,0.0023750035325065255,0.00012499367585405707,0.00012500095181167126,0.00012500095181167126,0.0,0.003125001967418939,False,0.999999118,,True,,,,0.21,0.21,0.21,True,0.9598496233430048,False
8656,0.15,False,0.00012500095181167126,0.001957996573764831,8.300412446260452e-05,0.00012500095181167126,4.1000021155923605e-05,0.0,0.0025420013116672635,False,0.99999937,,True,,,,0.15,0.15,0.15,True,0.8692868549110954,True
16171,0.15,False,0.000166997779160738,0.0023749962565489113,0.00012500095181167126,0.00012500095181167126,8.299684850499034e-05,0.0,0.003125001967418939,False,0.99999937,,True,,,,0.15,0.15,0.15,True,1.0,False
14875,0.04,False,0.00012500095181167126,0.0024999972083605826,0.00012500095181167126,0.00012500095181167126,8.299684850499034e-05,0.0,0.0033329997677356005,False,0.999999832,,True,,,,0.04,0.04,0.04,True,0.9735963535430996,False
18665,0.05233,False,0.0002910019247792661,0.002916996891144663,0.00016700505511835217,0.00012500095181167126,8.299684850499034e-05,0.0,0.0038750004023313522,False,0.999999780214,,True,,,,0.05233,0.05233,0.05233,True,1.0,False
3500,0.04743,False,0.000166997779160738,0.0020000006770715117,8.300412446260452e-05,8.300412446260452e-05,8.400093065574765e-05,0.0,0.002625005436129868,False,0.999999800794,,True,,,,0.04743,0.04743,0.04743,True,0.8098586998219564,True
12038,0.12833,False,0.0002079978003166616,0.0025420013116672635,0.00012500095181167126,0.00012500095181167126,4.200410330668092e-05,0.0,0.003334003849886358,False,0.999999461014,,True,,,,0.12833,0.12833,0.12833,True,0.9670566379013614,False
3224,0.015,False,0.000166997779160738,0.0024170003598555923,0.00012500095181167126,0.00016600097296759486,0.00012500095181167126,0.0,0.003249995643272996,False,0.999999937,,True,,,,0.015,0.015,0.015,True,1.0,False
19298,0.157,False,0.00016600097296759486,0.0026670022634789348,0.00012500095181167126,0.000166997779160738,0.00012500095181167126,0.0,0.0034999975468963385,False,0.9999993406,,True,,,,0.157,0.157,0.157,False,,False
125,0.007,False,0.00016600097296759486,0.0022079984773881733,4.1996827349066734e-05,8.300412446260452e-05,8.300412446260452e-05,0.0,0.0028750000637955964,False,0.9999999706,,True,,,,0.007,0.007,0.007,True,1.0,False
8408,0.02638,False,0.0002079978003166616,0.0022079984773881733,8.300412446260452e-05,0.00012500095181167126,8.300412446260452e-05,0.0,0.0028750000637955964,False,0.999999889204,,True,,,,0.02638,0.02638,0.02638,True,1.0,False
15106,0.099,False,0.00016600097296759486,0.002292006684001535,4.1996827349066734e-05,0.00012500095181167126,0.00016600097296759486,0.0,0.0030419978429563344,False,0.9999995842,,True,,,,0.099,0.099,0.099,True,1.0,False
2752,0.093,False,0.0002079978003166616,0.002540997229516506,0.00012500095181167126,0.00012499367585405707,8.299684850499034e-05,0.0,0.0033329997677356005,False,0.9999996094,,True,,,,0.093,0.093,0.093,True,1.0,False
14554,0.167,False,0.0010410003596916795,0.012208001862745732,0.0007089984137564898,0.0006249974831007421,0.00029099464882165194,0.0,0.015417004760820419,False,0.9999992986,,True,,,,0.167,0.167,0.167,True,1.0,False
2033,0.14133,False,0.00029099464882165194,0.0035000048228539526,0.000166997779160738,0.00020800507627427578,0.00012500095181167126,0.0,0.004458001058083028,False,0.999999406414,,True,,,,0.14133,0.14133,0.14133,True,0.9754854149305755,False
16872,0.265,False,0.0002500019036233425,0.0028340000426396728,0.00012499367585405707,0.00012500095181167126,0.00016600097296759486,0.0,0.003792003553826362,False,0.999998887,,True,,,,0.265,0.265,0.265,True,1.0,False
12780,0.016,False,8.299684850499034e-05,0.0020000006770715117,8.299684850499034e-05,0.00012500095181167126,8.400093065574765e-05,0.0,0.0026670022634789348,False,0.9999999328,,True,,,,0.016,0.016,0.016,True,1.0,False
2895,0.015,False,0.0002500019036233425,0.0027080022846348584,0.00016700505511835217,0.000166997779160738,8.300412446260452e-05,0.0,0.0036659985198639333,False,0.999999937,,True,,,,0.015,0.015,0.015,True,1.0,False
11207,0.094,False,0.0002079978003166616,0.002749999111983925,0.00016700505511835217,0.00012500095181167126,0.00012500095181167126,0.0,0.0037089994293637574,False,0.9999996052,,True,,,,0.094,0.094,0.094,True,0.9406377254303839,False
12065,0.125,False,0.0002079978003166616,0.0023329994291998446,8.300412446260452e-05,0.00012500095181167126,4.1000021155923605e-05,0.0,0.0030840019462630153,False,0.999999475,,True,,,,0.125,0.125,0.125,True,0.8692947611569408,True
476,0.05337,False,0.00020800507627427578,0.002624998160172254,0.00012500095181167126,0.00012500095181167126,8.299684850499034e-05,0.0,0.0034580007195472717,False,0.999999775846,,True,,,,0.05337,0.05337,0.05337,True,1.0,False
10082,0.171,False,0.0002500019036233425,0.00291600008495152,0.00012500095181167126,0.00016600097296759486,8.299684850499034e-05,0.0,0.0038750004023313522,False,0.9999992818,,True,,,,0.171,0.171,0.171,True,1.0,False
18493,0.27579000000000004,False,0.00012500095181167126,0.0022079984773881733,8.300412446260452e-05,0.00012500095181167126,4.200410330668092e-05,0.0,0.0028340000426396728,False,0.999998841682,,True,,,,0.27579000000000004,0.27579000000000004,0.27579000000000004,True,0.904303153173736,False
19203,0.074,False,0.00016600097296759486,0.0021669984562322497,8.400093065574765e-05,4.1996827349066734e-05,4.1996827349066734e-05,0.0,0.002792003215290606,False,0.9999996892,,True,,,,0.074,0.074,0.074,True,0.8098438382578089,True
5712,0.1,False,8.300412446260452e-05,0.0019170038285665214,8.400093065574765e-05,8.400093065574765e-05,8.399365469813347e-05,0.0,0.0024999972083605826,False,0.99999958,,True,,,,0.1,0.1,0.1,True,1.0,False
10509,0.056670000000000005,False,0.000166997779160738,0.0022500025806948543,8.400093065574765e-05,0.00012500095181167126,8.300412446260452e-05,0.0,0.0029579969123005867,False,0.999999761986,,True,,,,0.056670000000000005,0.056670000000000005,0.056670000000000005,True,0.9916015630941762,False
19125,0.33262,False,0.000166997779160738,0.0020830048015341163,8.400093065574765e-05,0.00012500095181167126,4.200410330668092e-05,0.0,0.0028329959604889154,False,0.999998602996,,True,,,,0.33262,0.33262,0.33262,True,1.0,False
6276,0.245,False,0.00016700505511835217,0.0022500025806948543,8.300412446260452e-05,0.00012500095181167126,0.00012500095181167126,0.0,0.0030420051189139485,False,0.999998971,,True,,,,0.245,0.245,0.245,True,1.0,False
13373,0.10381,False,0.00012500095181167126,0.0023749962565489113,4.1996827349066734e-05,0.00012500095181167126,8.299684850499034e-05,0.0,0.0030420051189139485,False,0.999999563998,,True,,,,0.10381,0.10381,0.10381,True,0.9406361580842959,False
10263,0.035,False,0.00012500095181167126,0.0020410006982274354,8.300412446260452e-05,8.300412446260452e-05,4.200410330668092e-05,0.0,0.002583001332823187,False,0.999999853,,True,,,,0.035,0.035,0.035,True,0.9521778940226454,False
9886,0.298,False,0.00020800507627427578,0.0023749962565489113,0.00012500095181167126,8.300412446260452e-05,4.200410330668092e-05,0.0,0.0030000010156072676,False,0.9999987484,,True,,,,0.298,0.298,0.298,True,0.7870225701410708,True
2588,0.30957999999999997,False,0.00029200600693002343,0.002916996891144663,0.00012500095181167126,0.00016700505511835217,0.00012499367585405707,0.0,0.0038750004023313522,False,0.999998699764,,True,,,,0.30957999999999997,0.30957999999999997,0.30957999999999997,True,1.0,False
6012,0.099,False,0.00020800507627427578,0.002416003553662449,8.300412446260452e-05,0.00012500095181167126,8.300412446260452e-05,0.0,0.00325000291923061,False,0.9999995842,,True,,,,0.099,0.099,0.099,True,0.94372510860456,False
19453,0.251,False,8.299684850499034e-05,0.0020000006770715117,0.00012500095181167126,8.300412446260452e-05,0.00012500095181167126,0.0,0.002707995008677244,False,0.9999989458,,True,,,,0.251,0.251,0.251,True,0.9735775999231291,False
7991,0.157,False,0.00016599369700998068,0.0020419975044205785,8.400093065574765e-05,0.00012500095181167126,8.400093065574765e-05,0.0,0.0027080022846348584,False,0.9999993406,,True,,,,0.157,0.157,0.157,True,0.9670534032238222,False
1545,0.272,False,0.0002079978003166616,0.002458997187204659,0.00012500095181167126,0.00012500095181167126,8.299684850499034e-05,0.0,0.0033329997677356005,False,0.9999988576,,True,,,,0.272,0.272,0.272,True,1.0,False
18581,0.2,False,0.0002500019036233425,0.00291600008495152,0.00012499367585405707,0.00012500095181167126,8.400093065574765e-05,0.0,0.003915993147529662,False,0.99999916,,True,,,,0.2,0.2,0.2,True,0.8097733261696857,True
11480,0.06684,False,0.0002910019247792661,0.0035420016502030194,0.00016700505511835217,0.00016600097296759486,8.300412446260452e-05,0.0,0.00462500611320138,False,0.999999719272,,True,,,,0.06684,0.06684,0.06684,True,0.8693131517339182,True
2407,0.26680000000000004,False,0.00020800507627427578,0.002583001332823187,0.00016599369700998068,0.00016700505511835217,0.00012500095181167126,0.0,0.003583998477552086,False,0.99999887944,,True,,,,0.26680000000000004,0.26680000000000004,0.26680000000000004,True,0.973576195363871,False
8714,0.12082999999999999,False,0.00020800507627427578,0.0025420013116672635,0.00012500095181167126,0.00012500095181167126,4.1000021155923605e-05,0.0,0.003374996595084667,False,0.999999492514,,True,,,,0.12082999999999999,0.12082999999999999,0.12082999999999999,True,1.0,False
2560,0.056299999999999996,False,0.00016700505511835217,0.002291002601850778,8.300412446260452e-05,0.00012500095181167126,8.300412446260452e-05,0.0,0.0030000010156072676,False,0.99999976354,,True,,,,0.056299999999999996,0.056299999999999996,0.056299999999999996,True,1.0,False
16627,0.025,False,0.0002079978003166616,0.002415996277704835,0.00012500095181167126,0.00016600097296759486,8.399365469813347e-05,0.0,0.003291999746579677,False,0.999999895,,True,,,,0.025,0.025,0.025,True,0.986113778067961,False
14922,0.20667,False,0.0003749955794773996,0.0040000013541430235,0.0002079978003166616,0.0002079978003166616,0.000166997779160738,0.0,0.005374997272156179,False,0.999999131986,,True,,,,0.20667,0.20667,0.20667,True,0.9735815404964698,False
1609,0.024,False,0.0002079978003166616,0.0024999972083605826,0.00012500095181167126,0.00012500095181167126,0.00012500095181167126,0.0,0.003291999746579677,False,0.9999998992,,True,,,,0.024,0.024,0.024,True,1.0,False
14435,0.06867,False,0.0002500019036233425,0.0027909991331398487,8.299684850499034e-05,0.00012500095181167126,8.300412446260452e-05,0.0,0.0035840057535097003,False,0.999999711586,,True,,,,0.06867,0.06867,0.06867,True,0.9981374180995554,False
482,0.31603,False,0.00016599369700998068,0.0024170003598555923,0.00012500095181167126,0.00012500095181167126,8.300412446260452e-05,0.0,0.003291999746579677,False,0.999998672674,,True,,,,0.31603,0.31603,0.31603,True,1.0,False
16210,0.165,False,8.299684850499034e-05,0.0018749997252598405,8.299684850499034e-05,0.00012500095181167126,4.1996827349066734e-05,0.0,0.0025410045054741204,False,0.999999307,,True,,,,0.165,0.165,0.165,True,0.9043295932307105,False
17327,0.025,False,0.000166997779160738,0.00224999530473724,8.299684850499034e-05,8.299684850499034e-05,8.300412446260452e-05,0.0,0.0030000010156072676,False,0.999999895,,True,,,,0.025,0.025,0.025,False,,False
3897,0.09262999999999999,False,0.0002079978003166616,0.0022500025806948543,8.299684850499034e-05,0.00012500095181167126,0.00012500095181167126,0.0,0.0030000010156072676,False,0.999999610954,,True,,,,0.09262999999999999,0.09262999999999999,0.09262999999999999,True,1.0,False
8379,0.097,False,0.00033300602808594704,0.003374996595084667,0.00016700505511835217,0.00012500095181167126,0.00012500095181167126,0.0,0.004499997885432094,False,0.9999995926,,True,,,,0.097,0.097,0.097,True,1.0,False
11755,0.003,False,8.300412446260452e-05,0.001958003849722445,8.300412446260452e-05,4.200410330668092e-05,8.400093065574765e-05,0.0,0.0025420013116672635,False,0.9999999874,,True,,,,0.003,0.003,0.003,True,1.0,False
15473,0.134,False,0.00016700505511835217,0.00224999530473724,8.299684850499034e-05,0.00012499367585405707,0.00012500095181167126,0.0,0.0030419978429563344,False,0.9999994372,,True,,,,0.134,0.134,0.134,True,0.9735879996469909,False
13997,0.122,False,0.00016600097296759486,0.0023750035325065255,0.00012500095181167126,0.00016599369700998068,0.00012500095181167126,0.0,0.003125001967418939,False,0.9999994876,,True,,,,0.122,0.122,0.122,True,0.9598602681902909,False
18599,0.035,False,0.00020800507627427578,0.002416003553662449,0.00012500095181167126,0.00012500095181167126,0.00012499367585405707,0.0,0.0033339965739287436,False,0.999999853,,True,,,,0.035,0.035,0.035,True,0.96472023569529,False
10242,0.19,False,0.000166997779160738,0.002291999408043921,0.00012500095181167126,8.399365469813347e-05,8.400093065574765e-05,0.0,0.0030419978429563344,False,0.999999202,,True,,,,0.19,0.19,0.19,True,1.0,False
5939,0.098,False,0.0002910019247792661,0.0034580007195472717,0.0002079978003166616,0.000166997779160738,0.00012500095181167126,0.0,0.004583002009894699,False,0.9999995884,,True,,,,0.098,0.098,0.098,True,0.9827081992931757,False
2367,0.19553,False,0.0002910019247792661,0.0033329997677356005,0.000166997779160738,0.000166997779160738,0.000166997779160738,0.0,0.004458997864276171,False,0.999999178774,,True,,,,0.19553,0.19553,0.19553,True,0.9521570117527446,False
19408,0.046,False,0.0002079978003166616,0.002125001628883183,8.299684850499034e-05,0.00012500095181167126,8.299684850499034e-05,0.0,0.002792003215290606,False,0.9999998068,,True,,,,0.046,0.046,0.046,True,0.9437333571984498,False
13671,0.21174,False,8.299684850499034e-05,0.0020000006770715117,8.299684850499034e-05,8.400093065574765e-05,8.400093065574765e-05,0.0,0.0025410045054741204,False,0.999999110692,,True,,,,0.21174,0.21174,0.21174,True,1.0,False
345,0.01,False,0.0002500019036233425,0.0022500025806948543,8.300412446260452e-05,0.00012500095181167126,8.400093065574765e-05,0.0,0.003125001967418939,False,0.999999958,,True,,,,0.01,0.01,0.01,True,1.0,False
2585,0.032619999999999996,False,0.0002500019036233425,0.0028750000637955964,0.00012500095181167126,0.00012500095181167126,4.1000021155923605e-05,0.0,0.003750006726477295,False,0.999999862996,,True,,,,0.032619999999999996,0.032619999999999996,0.032619999999999996,True,0.9521782035747678,False
5570,0.028329999999999998,False,0.00029199873097240925,0.0033339965739287436,0.0002090018824674189,0.00012500095181167126,8.300412446260452e-05,0.0,0.004417001036927104,False,0.999999881014,,True,,,,0.028329999999999998,0.028329999999999998,0.028329999999999998,True,0.9791769246925213,False
4503,0.222,False,0.0002079978003166616,0.0022909953258931637,0.00012500095181167126,8.299684850499034e-05,0.00012500095181167126,0.0,0.003125001967418939,False,0.9999990676,,True,,,,0.222,0.222,0.222,True,0.7870779586918722,True
3387,0.15,False,0.00020899460650980473,0.002334003511350602,0.00012500095181167126,0.00012500095181167126,0.00012500095181167126,0.0,0.0031659947126172483,False,0.99999937,,True,,,,0.15,0.15,0.15,True,0.9754846612215969,False
269,0.035,False,0.00012499367585405707,0.0022079984773881733,4.1996827349066734e-05,8.300412446260452e-05,8.300412446260452e-05,0.0,0.0028329959604889154,False,0.999999853,,True,,,,0.035,0.035,0.035,True,0.9406471512333396,False
18769,0.022,False,0.000166997779160738,0.0025420013116672635,8.300412446260452e-05,0.0002079978003166616,8.299684850499034e-05,0.0,0.003374996595084667,False,0.9999999076,,True,,,,0.022,0.022,0.022,False,,False
2828,0.14073,False,0.00012500095181167126,0.0020420047803781927,8.400093065574765e-05,8.400093065574765e-05,8.399365469813347e-05,0.0,0.0026659981813281775,False,0.999999408934,,True,,,,0.14073,0.14073,0.14073,True,0.9043353842920707,False
8724,0.01,False,0.00016600097296759486,0.0021669984562322497,0.00012500095181167126,0.00012500095181167126,8.400093065574765e-05,0.0,0.0028750000637955964,False,0.999999958,,True,,,,0.01,0.01,0.01,True,0.9043665717081203,False
10136,0.082,False,8.299684850499034e-05,0.0020410006982274354,8.299684850499034e-05,8.299684850499034e-05,4.1996827349066734e-05,0.0,0.002583001332823187,False,0.9999996556,,True,,,,0.082,0.082,0.082,True,0.727230602184977,True
10112,0.07690999999999999,False,0.0002500019036233425,0.0029999937396496534,0.00012500095181167126,0.00012500095181167126,0.00012500095181167126,0.0,0.0041249950299970806,False,0.999999676978,,True,,,,0.07690999999999999,0.07690999999999999,0.07690999999999999,True,0.9521724428232516,False
19468,0.125,False,0.000166997779160738,0.001957996573764831,8.299684850499034e-05,0.00012500095181167126,8.300412446260452e-05,0.0,0.0026659981813281775,False,0.999999475,,True,,,,0.125,0.125,0.125,True,0.9754868345174442,False
6445,0.14267,False,0.0002079978003166616,0.0024170003598555923,0.00012500095181167126,8.300412446260452e-05,0.00012500095181167126,0.0,0.003249995643272996,False,0.999999400786,,True,,,,0.14267,0.14267,0.14267,True,1.0,False
15711,0.02443,False,0.00012500095181167126,0.0022079984773881733,8.299684850499034e-05,0.00012500095181167126,8.400093065574765e-05,0.0,0.002959000994451344,False,0.999999897394,,True,,,,0.02443,0.02443,0.02443,True,0.8505524610465793,True
20419,0.06,False,0.0002079978003166616,0.002749999111983925,0.00012500095181167126,0.00016700505511835217,8.299684850499034e-05,0.0,0.0037089994293637574,False,0.999999748,,True,,,,0.06,0.06,0.06,True,0.9670643465523273,False
6227,0.01455,False,0.0004579997039400041,0.004583998816087842,0.0002500019036233425,0.0002079978003166616,0.00012500095181167126,0.0,0.006000002031214535,False,0.99999993889,,True,,,,0.01455,0.01455,0.01455,True,0.9827148507223008,False
5606,0.05,False,0.000166997779160738,0.0022090025595389307,8.400093065574765e-05,8.300412446260452e-05,8.300412446260452e-05,0.0,0.002959000994451344,False,0.99999979,,True,,,,0.05,0.05,0.05,True,0.9735954648916259,False
3838,0.012,False,0.00016700505511835217,0.002416003553662449,0.00012500095181167126,0.00020800507627427578,0.00012500095181167126,0.0,0.0033329997677356005,False,0.9999999496,,True,,,,0.012,0.012,0.012,True,0.9827150539575582,False
853,0.02,False,0.00024999462766572833,0.0030000010156072676,0.00012500095181167126,0.00012500095181167126,0.00012500095181167126,0.0,0.004040994099341333,False,0.999999916,,True,,,,0.02,0.02,0.02,True,1.0,False
17561,0.188,False,0.00016599369700998068,0.0020419975044205785,4.1996827349066734e-05,0.00012500095181167126,4.1996827349066734e-05,0.0,0.0027080022846348584,False,0.9999992104,,True,,,,0.188,0.188,0.188,True,1.0,False
14543,0.25,False,0.00012499367585405707,0.0020000006770715117,8.300412446260452e-05,0.00012500095181167126,8.299684850499034e-05,0.0,0.002624998160172254,False,0.99999895,,True,,,,0.25,0.25,0.25,True,0.9406127976686102,False
12149,0.135,False,0.000166997779160738,0.0025420013116672635,0.00012499367585405707,0.00012500095181167126,8.299684850499034e-05,0.0,0.003374996595084667,False,0.999999433,,True,,,,0.135,0.135,0.135,True,1.0,False
7418,0.10542,False,0.0002079978003166616,0.0023329994291998446,0.00012500095181167126,0.00012500095181167126,8.300412446260452e-05,0.0,0.0032090028980746865,False,0.999999557236,,True,,,,0.10542,0.10542,0.10542,True,0.959862273590657,False
3479,0.08322,False,0.000166997779160738,0.002459004463162273,8.400093065574765e-05,0.00012500095181167126,8.299684850499034e-05,0.0,0.0031669987947680056,False,0.999999650476,,True,,,,0.08322,0.08322,0.08322,True,0.7871789936013697,True
15139,0.15,False,0.0002500019036233425,0.0028329959604889154,0.00012499367585405707,0.00016600097296759486,8.300412446260452e-05,0.0,0.0038750004023313522,False,0.99999937,,True,,,,0.15,0.15,0.15,True,0.9406287778880477,False
2999,0.071,False,0.00016600097296759486,0.0020840016077272594,8.400093065574765e-05,0.00012499367585405707,4.200410330668092e-05,0.0,0.002707995008677244,False,0.9999997018,,True,,,,0.071,0.071,0.071,True,0.9773510813770063,False
17905,0.05571,False,0.00020800507627427578,0.0022079984773881733,8.300412446260452e-05,8.300412446260452e-05,4.1996827349066734e-05,0.0,0.0028750000637955964,False,0.999999766018,,True,,,,0.05571,0.05571,0.05571,True,0.90435566812753,False
16763,0.004,False,0.00012500095181167126,0.002124994352925569,8.299684850499034e-05,0.00012500095181167126,4.200410330668092e-05,0.0,0.0026670022634789348,False,0.9999999832,,True,,,,0.004,0.004,0.004,True,1.0,False
1292,0.225,False,0.0002090018824674189,0.0024170003598555923,0.00012500095181167126,0.00012500095181167126,4.200410330668092e-05,0.0,0.003292007022537291,False,0.999999055,,True,,,,0.225,0.225,0.225,True,1.0,False
2393,0.228,False,0.00033400283427909017,0.0036249984987080097,0.00016599369700998068,0.000166997779160738,0.00016700505511835217,0.0,0.004832996637560427,False,0.9999990424,,True,,,,0.228,0.228,0.228,True,0.9043145591669493,False
613,0.08202,False,0.000166997779160738,0.002291002601850778,0.00012499367585405707,0.00012500095181167126,4.1996827349066734e-05,0.0,0.0030410010367631912,False,0.999999655516,,True,,,,0.08202,0.08202,0.08202,True,1.0,False
4752,0.05571,False,0.0003749955794773996,0.004749999789055437,0.00024999462766572833,0.00020800507627427578,0.00012500095181167126,0.0,0.0061250029830262065,False,0.999999766018,,True,,,,0.05571,0.05571,0.05571,True,0.9670648304984912,False
19042,0.178,False,0.00012499367585405707,0.001957996573764831,8.299684850499034e-05,4.1996827349066734e-05,8.400093065574765e-05,0.0,0.0025419940357096493,False,0.9999992524,,True,,,,0.178,0.178,0.178,True,1.0,False
18838,0.175,False,8.300412446260452e-05,0.0020410006982274354,0.00012500095181167126,8.300412446260452e-05,4.200410330668092e-05,0.0,0.002583001332823187,False,0.999999265,,True,,,,0.175,0.175,0.175,True,1.0,False
102,0.003,False,0.000166997779160738,0.001959000655915588,4.200410330668092e-05,0.00012500095181167126,4.200410330668092e-05,0.0,0.0025420013116672635,False,0.9999999874,,True,,,,0.003,0.003,0.003,True,0.8098835452760837,True
5216,0.11688,False,0.00029200600693002343,0.020250001398380846,0.00029199873097240925,0.00016600097296759486,0.00012500095181167126,0.0,0.021416002709884197,False,0.999999509104,,True,,,,0.11688,0.11688,0.11688,True,0.975487540384981,False
7652,0.048409999999999995,False,0.000166997779160738,0.0023750035325065255,0.00012500095181167126,0.000166997779160738,0.00012500095181167126,0.0,0.0031669987947680056,False,0.999999796678,,True,,,,0.048409999999999995,0.048409999999999995,0.048409999999999995,True,1.0,False
15149,0.203,False,8.299684850499034e-05,0.002125001628883183,8.299684850499034e-05,0.00012500095181167126,0.00012500095181167126,0.0,0.002792003215290606,False,0.9999991474,,True,,,,0.203,0.203,0.203,True,0.9598504701529311,False
14930,0.028,False,0.0002910019247792661,0.0034580007195472717,0.0002079978003166616,0.0002090018824674189,0.00012500095181167126,0.0,0.004624998837243766,False,0.9999998824,,True,,,,0.028,0.028,0.028,True,0.9827137787422686,False
1815,0.016329999999999997,False,0.00029199873097240925,0.00325000291923061,0.00012500095181167126,0.00016600097296759486,0.00012500095181167126,0.0,0.004375004209578037,False,0.999999931414,,True,,,,0.016329999999999997,0.016329999999999997,0.016329999999999997,True,0.9861144404122638,False
17807,0.15809,False,0.0002079978003166616,0.002458000381011516,0.00012500095181167126,0.00016599369700998068,8.299684850499034e-05,0.0,0.0033339965739287436,False,0.999999336022,,True,,,,0.15809,0.15809,0.15809,True,1.0,False
7538,0.104,False,0.00029199873097240925,0.0033339965739287436,0.0002090018824674189,0.0002079978003166616,0.00012500095181167126,0.0,0.0045000051613897085,False,0.9999995632,,True,,,,0.104,0.104,0.104,True,1.0,False
8279,0.06,False,0.000166997779160738,0.0019170038285665214,8.300412446260452e-05,8.300412446260452e-05,8.299684850499034e-05,0.0,0.0025420013116672635,False,0.999999748,,True,,,,0.06,0.06,0.06,True,1.0,False
13408,0.026,False,0.0002079978003166616,0.0022079984773881733,8.300412446260452e-05,0.00012500095181167126,8.300412446260452e-05,0.0,0.0030000010156072676,False,0.9999998908,,True,,,,0.026,0.026,0.026,True,0.943736469653956,False
6765,0.26991000000000004,False,0.0002090018824674189,0.002624998160172254,0.00012500095181167126,0.00016600097296759486,8.400093065574765e-05,0.0,0.0035410048440098763,False,0.999998866378,,True,,,,0.26991000000000004,0.26991000000000004,0.26991000000000004,True,0.9754742360005799,False
15640,0.241,False,0.0002079978003166616,0.0022909953258931637,0.00012500095181167126,0.00012500095181167126,8.300412446260452e-05,0.0,0.003207998815923929,False,0.9999989878,,True,,,,0.241,0.241,0.241,True,0.9670439250472245,False
425,0.054,False,0.00012499367585405707,0.002125001628883183,0.00012500095181167126,8.299684850499034e-05,8.299684850499034e-05,0.0,0.0027909991331398487,False,0.9999997732,,True,,,,0.054,0.054,0.054,True,1.0,False
6351,0.17525,False,0.0002910019247792661,0.0030419978429563344,0.000166997779160738,0.00016600097296759486,8.299684850499034e-05,0.0,0.004082998202648014,False,0.99999926395,,True,,,,0.17525,0.17525,0.17525,True,1.0,False
9529,0.07114,False,0.0002079978003166616,0.002416003553662449,0.00012500095181167126,0.000166997779160738,8.400093065574765e-05,0.0,0.003291999746579677,False,0.999999701212,,True,,,,0.07114,0.07114,0.07114,True,1.0,False
10517,0.05,False,0.00016700505511835217,0.0021669984562322497,0.00012500095181167126,0.00012500095181167126,4.1996827349066734e-05,0.0,0.0028330032364465296,False,0.99999979,,True,,,,0.05,0.05,0.05,True,0.9754933538764069,False
2245,0.30385,False,0.000166997779160738,0.002125001628883183,8.300412446260452e-05,0.00012499367585405707,8.299684850499034e-05,0.0,0.002792003215290606,False,0.99999872383,,True,,,,0.30385,0.30385,0.30385,True,1.0,False
17962,0.044,False,0.00016600097296759486,0.0021669984562322497,8.400093065574765e-05,8.400093065574765e-05,8.399365469813347e-05,0.0,0.0028329959604889154,False,0.9999998152,,True,,,,0.044,0.044,0.044,True,1.0,False
4387,0.11,False,0.000166997779160738,0.0023749962565489113,8.299684850499034e-05,0.00012500095181167126,4.1996827349066734e-05,0.0,0.0031669987947680056,False,0.999999538,,True,,,,0.11,0.11,0.11,True,1.0,False
17915,0.186,False,0.00037500285543501377,0.00429100327892229,0.0002500019036233425,0.0002079978003166616,0.00012500095181167126,0.0,0.0056249991757795215,False,0.9999992188,,True,,,,0.186,0.186,0.186,True,0.809781163761868,True
17050,0.3055,False,0.00012500095181167126,0.002082997525576502,8.400093065574765e-05,0.00012500095181167126,4.1996827349066734e-05,0.0,0.002707995008677244,False,0.9999987169,,True,,,,0.3055,0.3055,0.3055,True,0.9826916565555657,False
15199,0.051,False,0.00012500095181167126,0.002125001628883183,0.00012499367585405707,0.00012500095181167126,8.400093065574765e-05,0.0,0.002792003215290606,False,0.9999997858,,True,,,,0.051,0.051,0.051,True,0.8505424050172692,True
1746,0.152,False,0.0002500019036233425,0.0027909991331398487,0.00012500095181167126,0.000166997779160738,8.400093065574765e-05,0.0,0.003749999450519681,False,0.9999993616,,True,,,,0.152,0.152,0.152,True,0.9521626748838085,False
17934,0.2,False,0.0002090018824674189,0.002125001628883183,8.299684850499034e-05,0.00012500095181167126,0.00012500095181167126,0.0,0.0029579969123005867,False,0.99999916,,True,,,,0.2,0.2,0.2,True,0.9406207881734472,False
2972,0.21,False,0.00012499367585405707,0.0020419975044205785,4.200410330668092e-05,0.00012500095181167126,8.400093065574765e-05,0.0,0.0026659981813281775,False,0.999999118,,True,,,,0.21,0.21,0.21,True,0.7870867004400113,True
20006,0.18500999999999998,False,0.00020800507627427578,0.002583001332823187,0.00012500095181167126,0.00012500095181167126,8.399365469813347e-05,0.0,0.003458997525740415,False,0.999999222958,,True,,,,0.18500999999999998,0.18500999999999998,0.18500999999999998,True,0.967050242855918,False
19476,0.137,False,0.00012500095181167126,0.001957996573764831,4.1000021155923605e-05,0.00012500095181167126,4.1996827349066734e-05,0.0,0.0025000044843181968,False,0.9999994246,,True,,,,0.137,0.137,0.137,True,1.0,False
8773,0.032,False,0.00012500095181167126,0.0018339997041039169,4.200410330668092e-05,8.299684850499034e-05,8.299684850499034e-05,0.0,0.002334003511350602,False,0.9999998656,,True,,,,0.032,0.032,0.032,True,1.0,False
6001,0.291,False,0.00012500095181167126,0.0019170038285665214,8.300412446260452e-05,0.00012500095181167126,4.1996827349066734e-05,0.0,0.0025420013116672635,False,0.9999987778,,True,,,,0.291,0.291,0.291,True,0.9622918149533995,False
857,0.181,False,0.0002079978003166616,0.0023749962565489113,8.299684850499034e-05,0.00012500095181167126,8.299684850499034e-05,0.0,0.003207998815923929,False,0.9999992398,,True,,,,0.181,0.181,0.181,True,0.9981329019105131,False
10829,0.03,False,0.0002090018824674189,0.0024999972083605826,8.400093065574765e-05,0.00012500095181167126,0.000166997779160738,0.0,0.0032910029403865337,False,0.999999874,,True,,,,0.03,0.03,0.03,True,1.0,False
3221,0.015,False,0.00037500285543501377,0.004250003257766366,0.0002090018824674189,0.000166997779160738,0.00020800507627427578,0.0,0.005583999154623598,False,0.999999937,,True,,,,0.015,0.015,0.015,True,0.9521804952590699,False
3514,0.05,False,0.0002500019036233425,0.002582994056865573,0.00012500095181167126,0.00012500095181167126,8.299684850499034e-05,0.0,0.003458997525740415,False,0.99999979,,True,,,,0.05,0.05,0.05,True,0.9598689763775229,False
18857,0.005,False,0.000166997779160738,0.0020410006982274354,8.300412446260452e-05,8.300412446260452e-05,8.299684850499034e-05,0.0,0.0027080022846348584,False,0.999999979,,True,,,,0.005,0.005,0.005,True,1.0,False
19994,0.08068,False,0.00029099464882165194,0.0036669953260570765,0.0002090018824674189,0.00012500095181167126,8.300412446260452e-05,0.0,0.00470800296170637,False,0.999999661144,,True,,,,0.08068,0.08068,0.08068,False,,False
5087,0.019,False,0.00037500285543501377,0.004417001036927104,0.0002079978003166616,0.00016600097296759486,0.00012500095181167126,0.0,0.005708003300242126,False,0.9999999202,,True,,,,0.019,0.019,0.019,True,0.9827144960548675,False
18229,0.003,False,0.00016700505511835217,0.002458000381011516,0.00012499367585405707,0.00012500095181167126,8.400093065574765e-05,0.0,0.003374996595084667,False,0.9999999874,,True,,,,0.003,0.003,0.003,True,0.8505605709568804,True
10456,0.07008,False,0.0002500019036233425,0.002458997187204659,8.299684850499034e-05,0.000166997779160738,8.400093065574765e-05,0.0,0.003417000698391348,False,0.999999705664,,True,,,,0.07008,0.07008,0.07008,True,1.0,False
12633,0.151,False,0.000166997779160738,0.002125001628883183,8.300412446260452e-05,8.300412446260452e-05,4.200410330668092e-05,0.0,0.002749999111983925,False,0.9999993658,,True,,,,0.151,0.151,0.151,False,,False
5856,0.05694,False,0.0002910019247792661,0.0030410010367631912,0.000166997779160738,0.00016700505511835217,8.300412446260452e-05,0.0,0.0041249950299970806,False,0.999999760852,,True,,,,0.05694,0.05694,0.05694,True,0.8505401567431718,True
12872,0.009,False,0.000166997779160738,0.0020410006982274354,8.400093065574765e-05,8.400093065574765e-05,4.1996827349066734e-05,0.0,0.0026659981813281775,False,0.9999999622,,True,,,,0.009,0.009,0.009,True,0.9754969174574794,False
19188,0.049,False,0.00012499367585405707,0.0020000006770715117,8.299684850499034e-05,8.299684850499034e-05,4.1996827349066734e-05,0.0,0.0026669949875213206,False,0.9999997942,,True,,,,0.049,0.049,0.049,True,1.0,False
3978,0.27091000000000004,False,0.00016600097296759486,0.001959000655915588,4.200410330668092e-05,8.400093065574765e-05,4.1996827349066734e-05,0.0,0.002624998160172254,False,0.999998862178,,True,,,,0.27091000000000004,0.27091000000000004,0.27091000000000004,True,1.0,False
6404,0.305,False,0.00012500095181167126,0.0021669984562322497,8.299684850499034e-05,0.00012500095181167126,8.299684850499034e-05,0.0,0.0028750000637955964,False,0.999998719,,True,,,,0.305,0.305,0.305,True,1.0,False
19387,0.051,False,0.00024999462766572833,0.0028750000637955964,0.0002079978003166616,0.000166997779160738,0.00012500095181167126,0.0,0.003917004505638033,False,0.9999997858,,True,,,,0.051,0.051,0.051,True,0.9598688554380808,False
16384,0.284,False,0.0003749955794773996,0.0037919962778687477,0.000166997779160738,0.000166997779160738,0.00012500095181167126,0.0,0.005000001692678779,False,0.9999988072,,True,,,,0.284,0.284,0.284,True,0.9860939875779353,False
9346,0.055,False,0.000166997779160738,0.00224999530473724,0.00012499367585405707,0.00012500095181167126,0.00012500095181167126,0.0,0.0030840019462630153,False,0.999999769,,True,,,,0.055,0.055,0.055,True,0.9623196990774701,False
16788,0.12969,False,0.0002079978003166616,0.0021669984562322497,8.299684850499034e-05,0.00012500095181167126,4.1996827349066734e-05,0.0,0.0028750000637955964,False,0.999999455302,,True,,,,0.12969,0.12969,0.12969,True,0.7271231292113253,True
6243,0.17,False,0.00020899460650980473,0.0026670022634789348,0.00012499367585405707,0.000166997779160738,0.00016600097296759486,0.0,0.0036249984987080097,False,0.999999286,,True,,,,0.17,0.17,0.17,True,0.9623061129164152,False
7507,0.167,False,0.000166997779160738,0.0020840016077272594,8.400093065574765e-05,8.400093065574765e-05,8.400093065574765e-05,0.0,0.002749999111983925,False,0.9999992986,,True,,,,0.167,0.167,0.167,True,1.0,False
11117,0.011,False,0.00012500095181167126,0.0020410006982274354,4.1996827349066734e-05,0.00012500095181167126,8.400093065574765e-05,0.0,0.002583001332823187,False,0.9999999538,,True,,,,0.011,0.011,0.011,True,0.7273899341446738,True
11295,0.08486,False,0.00016599369700998068,0.0020000006770715117,8.299684850499034e-05,4.1996827349066734e-05,8.400093065574765e-05,0.0,0.002583001332823187,False,0.999999643588,,True,,,,0.08486,0.08486,0.08486,True,0.9754903237769742,False
2790,0.075,False,0.0002079978003166616,0.0022500025806948543,8.400093065574765e-05,8.400093065574765e-05,4.1996827349066734e-05,0.0,0.002958004188258201,False,0.999999685,,True,,,,0.075,0.075,0.075,True,0.7871849735934418,True
726,0.1,False,0.00029200600693002343,0.0034999975468963385,0.0002079978003166616,0.00016599369700998068,0.00012500095181167126,0.0,0.004624998837243766,False,0.99999958,,True,,,,0.1,0.1,0.1,True,0.9754890077251929,False
4672,0.011,False,0.0003749955794773996,0.004082998202648014,0.0002079978003166616,0.000166997779160738,0.00012500095181167126,0.0,0.005250003596302122,False,0.9999999538,,True,,,,0.011,0.011,0.011,True,1.0,False
4545,0.01,False,0.0002079978003166616,0.002624998160172254,0.00016600097296759486,0.00012500095181167126,8.299684850499034e-05,0.0,0.0034580007195472717,False,0.999999958,,True,,,,0.01,0.01,0.01,True,1.0,False
19681,0.05,False,0.00012499367585405707,0.0022500025806948543,0.00012500095181167126,0.00012500095181167126,4.200410330668092e-05,0.0,0.002916996891144663,False,0.99999979,,True,,,,0.05,0.05,0.05,True,0.9437327346927882,False
18456,0.09609000000000001,False,0.00012499367585405707,0.0020000006770715117,8.400093065574765e-05,0.00012500095181167126,4.1996827349066734e-05,0.0,0.002624998160172254,False,0.999999596422,,True,,,,0.09609000000000001,0.09609000000000001,0.09609000000000001,True,0.9754893476069193,False
12513,0.02038,False,0.00020800507627427578,0.0024999972083605826,8.400093065574765e-05,0.00012500095181167126,8.300412446260452e-05,0.0,0.0033329997677356005,False,0.999999914404,,True,,,,0.02038,0.02038,0.02038,True,0.964721923052624,False
2084,0.21,False,0.000166997779160738,0.0021669984562322497,0.00012499367585405707,8.400093065574765e-05,8.400093065574765e-05,0.0,0.002959000994451344,False,0.999999118,,True,,,,0.21,0.21,0.21,True,1.0,False
6481,0.075,False,0.00024999462766572833,0.0031249946914613247,0.00016700505511835217,0.00016600097296759486,0.00012499367585405707,0.0,0.004250003257766366,False,0.999999685,,True,,,,0.075,0.075,0.075,True,0.986109958142454,False
15616,0.114,False,0.0002079978003166616,0.002082997525576502,8.299684850499034e-05,8.299684850499034e-05,8.299684850499034e-05,0.0,0.002791995939332992,False,0.9999995212,,True,,,,0.114,0.114,0.114,True,1.0,False
18938,0.016,False,0.00012500095181167126,0.001959000655915588,8.400093065574765e-05,8.400093065574765e-05,8.400093065574765e-05,0.0,0.0025410045054741204,False,0.9999999328,,True,,,,0.016,0.016,0.016,True,1.0,False
14775,0.11998,False,0.0002090018824674189,0.0023339962353929877,8.400093065574765e-05,0.00012500095181167126,4.200410330668092e-05,0.0,0.003125001967418939,False,0.999999496084,,True,,,,0.11998,0.11998,0.11998,True,0.9521668403084279,False
14852,0.04,False,0.00020899460650980473,0.0024170003598555923,8.299684850499034e-05,0.0002079978003166616,8.300412446260452e-05,0.0,0.0032909956644289196,False,0.999999832,,True,,,,0.04,0.04,0.04,True,1.0,False
13409,0.021,False,0.0002079978003166616,0.0020830048015341163,0.00012500095181167126,8.299684850499034e-05,4.1996827349066734e-05,0.0,0.002749999111983925,False,0.9999999118,,True,,,,0.021,0.021,0.021,True,1.0,False
4831,0.15893000000000002,False,0.0002079978003166616,0.002540997229516506,0.00012499367585405707,0.00012500095181167126,8.400093065574765e-05,0.0,0.003417000698391348,False,0.999999332494,,True,,,,0.15893000000000002,0.15893000000000002,0.15893000000000002,True,0.9623074208512901,False
5654,0.15169,False,0.00033299875212833285,0.003082997864112258,0.00016600097296759486,0.00012500095181167126,8.299684850499034e-05,0.0,0.0041249950299970806,False,0.999999362902,,True,,,,0.15169,0.15169,0.15169,True,1.0,False
2323,0.183,False,0.0002500019036233425,0.003083005140069872,0.0002079978003166616,0.00012500095181167126,0.00012499367585405707,0.0,0.0041249950299970806,False,0.9999992314,,True,,,,0.183,0.183,0.183,True,0.9754817923361713,False
13653,0.043,False,0.00012500095181167126,0.002083994331769645,8.400093065574765e-05,8.400093065574765e-05,8.400093065574765e-05,0.0,0.0028330032364465296,False,0.9999998194,,True,,,,0.043,0.043,0.043,True,1.0,False
13545,0.026,False,0.000166997779160738,0.002125001628883183,8.400093065574765e-05,8.400093065574765e-05,4.1996827349066734e-05,0.0,0.002749999111983925,False,0.9999998908,,True,,,,0.026,0.026,0.026,True,0.9043627552390208,False
2102,0.101,False,0.000166997779160738,0.0023750035325065255,0.00012500095181167126,0.000166997779160738,8.299684850499034e-05,0.0,0.003083994670305401,False,0.9999995758,,True,,,,0.101,0.101,0.101,True,1.0,False
6382,0.07387,False,0.00020800507627427578,0.002540997229516506,0.00012500095181167126,0.00012500095181167126,0.00012500095181167126,0.0,0.003417000698391348,False,0.999999689746,,True,,,,0.07387,0.07387,0.07387,True,1.0,False
11294,0.05625,False,0.00016599369700998068,0.0020000006770715117,8.299684850499034e-05,8.400093065574765e-05,8.400093065574765e-05,0.0,0.002624998160172254,False,0.99999976375,,True,,,,0.05625,0.05625,0.05625,True,0.9735949094770924,False
6099,0.04944,False,0.00016600097296759486,0.0022079984773881733,0.00012500095181167126,0.00016700505511835217,8.400093065574765e-05,0.0,0.0030000010156072676,False,0.999999792352,,True,,,,0.04944,0.04944,0.04944,True,1.0,False
2775,0.066,False,0.000166997779160738,0.002334003511350602,0.00012500095181167126,0.00012500095181167126,0.00012500095181167126,0.0,0.0032089956221170723,False,0.9999997228,,True,,,,0.066,0.066,0.066,True,1.0,False
11050,0.10575,False,0.00020800507627427578,0.002624998160172254,8.299684850499034e-05,0.00016599369700998068,0.00012500095181167126,0.0,0.0035000048228539526,False,0.99999955585,,True,,,,0.10575,0.10575,0.10575,True,0.940635848126421,False
18084,0.0525,False,0.00016700505511835217,0.0021669984562322497,8.300412446260452e-05,0.00012500095181167126,8.400093065574765e-05,0.0,0.0028750000637955964,False,0.9999997795,,True,,,,0.0525,0.0525,0.0525,True,0.9647182158883215,False
196,0.194,False,0.00012500095181167126,0.001957996573764831,8.400093065574765e-05,8.400093065574765e-05,4.1996827349066734e-05,0.0,0.0025410045054741204,False,0.9999991852,,True,,,,0.194,0.194,0.194,True,0.9992996525549975,False
16756,0.2925,False,0.00012500095181167126,0.002125001628883183,8.299684850499034e-05,0.00012500095181167126,8.300412446260452e-05,0.0,0.002749999111983925,False,0.9999987715,,True,,,,0.2925,0.2925,0.2925,True,1.0,False
7381,0.10711,False,0.0002079978003166616,0.002583001332823187,0.00012500095181167126,0.00016600097296759486,8.300412446260452e-05,0.0,0.0034579934435896575,False,0.999999550138,,True,,,,0.10711,0.10711,0.10711,True,1.0,False
418,0.161,False,0.00016600097296759486,0.0022079984773881733,0.00012500095181167126,0.00012499367585405707,8.299684850499034e-05,0.0,0.0030000010156072676,False,0.9999993238,,True,,,,0.161,0.161,0.161,True,1.0,False
5727,0.012,False,0.000166997779160738,0.0022500025806948543,8.400093065574765e-05,0.00012500095181167126,4.200410330668092e-05,0.0,0.0028750000637955964,False,0.9999999496,,True,,,,0.012,0.012,0.012,True,0.9406508254009608,False
8891,0.053,False,0.0002079978003166616,0.002415996277704835,0.00012500095181167126,0.00012500095181167126,8.400093065574765e-05,0.0,0.003207998815923929,False,0.9999997774,,True,,,,0.053,0.053,0.053,True,0.9735951982933561,False
17191,0.19486,False,0.00016700505511835217,0.002082997525576502,4.1000021155923605e-05,8.300412446260452e-05,4.200410330668092e-05,0.0,0.0027080022846348584,False,0.999999181588,,True,,,,0.19486,0.19486,0.19486,True,0.9827004779035498,False
10604,0.052,False,0.00012500095181167126,0.002125001628883183,0.00012500095181167126,8.400093065574765e-05,4.1996827349066734e-05,0.0,0.002749999111983925,False,0.9999997816,,True,,,,0.052,0.052,0.052,True,1.0,False
11106,0.05963,False,0.00037500285543501377,0.0038340003811754286,0.0002500019036233425,0.00012500095181167126,0.00016600097296759486,0.0,0.00508299854118377,False,0.999999749554,,True,,,,0.05963,0.05963,0.05963,True,1.0,False
6709,0.043,False,0.00016700505511835217,0.002082997525576502,0.00012499367585405707,8.300412446260452e-05,8.300412446260452e-05,0.0,0.0027500063879415393,False,0.9999998194,,True,,,,0.043,0.043,0.043,True,1.0,False
19254,0.001,False,0.000166997779160738,0.0022090025595389307,8.400093065574765e-05,8.400093065574765e-05,4.1996827349066734e-05,0.0,0.0028340000426396728,False,0.9999999958,,True,,,,0.001,0.001,0.001,True,0.9670710019080598,False
5348,0.10416,False,0.000166997779160738,0.002583001332823187,8.299684850499034e-05,0.00016600097296759486,8.300412446260452e-05,0.0,0.003374996595084667,False,0.999999562528,,True,,,,0.10416,0.10416,0.10416,True,1.0,False
16413,0.2125,False,0.00012500095181167126,0.0018749997252598405,8.300412446260452e-05,8.299684850499034e-05,4.1000021155923605e-05,0.0,0.002458000381011516,False,0.9999991075,,True,,,,0.2125,0.2125,0.2125,True,1.0,False
20517,0.01775,False,0.00016600097296759486,0.0022089952835813165,8.400093065574765e-05,0.00012500095181167126,8.299684850499034e-05,0.0,0.0029170041671022773,False,0.99999992545,,True,,,,0.01775,0.01775,0.01775,True,0.8693286715817387,True
11049,0.034,False,0.0002079978003166616,0.0027080022846348584,0.00012500095181167126,8.400093065574765e-05,0.00012500095181167126,0.0,0.003541994374245405,False,0.9999998572,,True,,,,0.034,0.034,0.034,True,0.9754947445703767,False
20491,0.037,False,0.00012500095181167126,0.002124994352925569,8.299684850499034e-05,8.400093065574765e-05,8.299684850499034e-05,0.0,0.0027500063879415393,False,0.9999998446,,True,,,,0.037,0.037,0.037,True,1.0,False
3169,0.11,False,0.00016600097296759486,0.0023329994291998446,8.299684850499034e-05,8.299684850499034e-05,4.200410330668092e-05,0.0,0.0030000010156072676,False,0.999999538,,True,,,,0.11,0.11,0.11,True,0.952168138538965,False
18955,0.005,False,0.00020800507627427578,0.0022500025806948543,8.400093065574765e-05,0.000166997779160738,0.00012500095181167126,0.0,0.0030410010367631912,False,0.999999979,,True,,,,0.005,0.005,0.005,True,1.0,False
8938,0.16,False,0.000166997779160738,0.0023329994291998446,8.300412446260452e-05,0.00016600097296759486,8.300412446260452e-05,0.0,0.003082997864112258,False,0.999999328,,True,,,,0.16,0.16,0.16,True,0.8692836922308408,True
10020,0.254,False,0.0004579997039400041,0.004417001036927104,0.0002079978003166616,0.0002500019036233425,0.00012500095181167126,0.0,0.005957997927907854,False,0.9999989332,,True,,,,0.254,0.254,0.254,True,1.0,False
13655,0.033,False,0.00012500095181167126,0.0022079984773881733,8.300412446260452e-05,0.00012500095181167126,4.1996827349066734e-05,0.0,0.00291600008495152,False,0.9999998614,,True,,,,0.033,0.033,0.033,True,1.0,False
9947,0.089,False,0.000166997779160738,0.0022090025595389307,8.400093065574765e-05,8.400093065574765e-05,8.400093065574765e-05,0.0,0.002916996891144663,False,0.9999996262,,True,,,,0.089,0.089,0.089,True,0.9437266650082493,False
5544,0.098,False,0.0002079978003166616,0.002624998160172254,0.00012500095181167126,0.00012500095181167126,8.300412446260452e-05,0.0,0.0035000048228539526,False,0.9999995884,,True,,,,0.098,0.098,0.098,True,1.0,False
1591,0.22912000000000002,False,0.00029199873097240925,0.0035000048228539526,0.0002079978003166616,0.000166997779160738,0.00016600097296759486,0.0,0.004665998858399689,False,0.999999037696,,True,,,,0.22912000000000002,0.22912000000000002,0.22912000000000002,True,0.964697827401373,False
1250,0.02,False,0.00024999462766572833,0.002792003215290606,0.00012500095181167126,0.00012500095181167126,8.299684850499034e-05,0.0,0.003749999450519681,False,0.999999916,,True,,,,0.02,0.02,0.02,True,1.0,False
15934,0.1,False,0.000166997779160738,0.0022079984773881733,0.00012500095181167126,0.00016600097296759486,8.299684850499034e-05,0.0,0.0030000010156072676,False,0.99999958,,True,,,,0.1,0.1,0.1,True,0.9598629291430261,False
9532,0.184,False,0.00029099464882165194,0.0034999975468963385,0.0002090018824674189,0.00012500095181167126,0.00012499367585405707,0.0,0.004583002009894699,False,0.9999992272,,True,,,,0.184,0.184,0.184,True,1.0,False
9857,0.187,False,0.00016700505511835217,0.0019999934011138976,4.1996827349066734e-05,8.400093065574765e-05,8.400093065574765e-05,0.0,0.002624998160172254,False,0.9999992146,,True,,,,0.187,0.187,0.187,True,0.9043243435096588,False
8487,0.25635,False,0.0002079978003166616,0.00224999530473724,0.00012500095181167126,0.00016700505511835217,0.00012499367585405707,0.0,0.0030419978429563344,False,0.99999892333,,True,,,,0.25635,0.25635,0.25635,True,0.9992972352613011,False
19368,0.06,False,0.00020899460650980473,0.002125001628883183,0.00012499367585405707,0.00012500095181167126,8.400093065574765e-05,0.0,0.0029579969123005867,False,0.999999748,,True,,,,0.06,0.06,0.06,True,0.9981377666392517,False
2988,0.08742,False,0.0002079978003166616,0.0026670022634789348,8.399365469813347e-05,0.00012500095181167126,0.00012500095181167126,0.0,0.003582994395401329,False,0.999999632836,,True,,,,0.08742,0.08742,0.08742,True,0.9754901012500135,False
442,0.06412999999999999,False,0.00024999462766572833,0.002291999408043921,8.400093065574765e-05,0.000166997779160738,0.00012500095181167126,0.0,0.0031659947126172483,False,0.999999730654,,True,,,,0.06412999999999999,0.06412999999999999,0.06412999999999999,True,0.9791739459954183,False
5953,0.09769,False,8.400093065574765e-05,0.002125001628883183,0.00012500095181167126,0.00012500095181167126,4.1996827349066734e-05,0.0,0.0027909991331398487,False,0.999999589702,,True,,,,0.09769,0.09769,0.09769,True,0.9735912267133539,False
12080,0.045,False,0.0002500019036233425,0.002291999408043921,8.400093065574765e-05,0.00012499367585405707,8.299684850499034e-05,0.0,0.0030840019462630153,False,0.999999811,,True,,,,0.045,0.045,0.045,True,1.0,False
12511,0.028,False,0.0002090018824674189,0.0025420013116672635,0.00012500095181167126,0.000166997779160738,8.300412446260452e-05,0.0,0.003416003892198205,False,0.9999998824,,True,,,,0.028,0.028,0.028,True,0.8693254312417594,True
7046,0.02953,False,0.0002090018824674189,0.002583001332823187,0.000166997779160738,0.00016600097296759486,0.00012500095181167126,0.0,0.003583001671358943,False,0.999999875974,,True,,,,0.02953,0.02953,0.02953,True,1.0,False
9072,0.066,False,0.000166997779160738,0.0022500025806948543,8.300412446260452e-05,0.00012500095181167126,8.300412446260452e-05,0.0,0.0029579969123005867,False,0.9999997228,,True,,,,0.066,0.066,0.066,True,0.9043532133975377,False
11875,0.19666999999999998,False,0.00037500285543501377,0.004082998202648014,0.0002079978003166616,0.00020800507627427578,0.00012500095181167126,0.0,0.00549999822396785,False,0.999999173986,,True,,,,0.19666999999999998,0.19666999999999998,0.19666999999999998,True,1.0,False
20072,0.088,False,0.00037500285543501377,0.0035000048228539526,0.0002500019036233425,0.000166997779160738,0.00012500095181167126,0.0,0.004749999789055437,False,0.9999996304,,True,,,,0.088,0.088,0.088,True,0.7272171007834378,True
18749,0.005,False,0.000333995558321476,0.00325000291923061,0.00016700505511835217,0.00012499367585405707,8.299684850499034e-05,0.0,0.004290996002964675,False,0.999999979,,True,,,,0.005,0.005,0.005,True,0.9916042674763279,False
6069,0.03589,False,0.0002090018824674189,0.002749999111983925,0.00012500095181167126,0.00016600097296759486,8.399365469813347e-05,0.0,0.003707995347213,False,0.999999849262,,True,,,,0.03589,0.03589,0.03589,True,0.869322936895969,True
3349,0.149,False,0.0003749955794773996,0.004290996002964675,0.0002079978003166616,0.00012500095181167126,0.00012500095181167126,0.0,0.00549999822396785,False,0.9999993742,,True,,,,0.149,0.149,0.149,True,0.904333411028033,False
16161,0.224,False,0.00012499367585405707,0.0024170003598555923,0.000166997779160738,0.00012500095181167126,8.300412446260452e-05,0.0,0.0031669987947680056,False,0.9999990592,,True,,,,0.224,0.224,0.224,True,0.940616952829755,False
12018,0.1,False,0.000166997779160738,0.0023749962565489113,0.00012500095181167126,0.000166997779160738,8.300412446260452e-05,0.0,0.003291999746579677,False,0.99999958,,True,,,,0.1,0.1,0.1,True,0.9598629291430261,False
3429,0.07475,False,0.00016600097296759486,0.0020000006770715117,8.299684850499034e-05,8.300412446260452e-05,8.300412446260452e-05,0.0,0.002624998160172254,False,0.99999968605,,True,,,,0.07475,0.07475,0.07475,True,1.0,False
2008,0.04797,False,0.0002079978003166616,0.0023749962565489113,0.00012500095181167126,0.0002079978003166616,8.300412446260452e-05,0.0,0.0033329997677356005,False,0.999999798526,,True,,,,0.04797,0.04797,0.04797,True,0.8505435518438791,True
13797,0.32279,False,0.00016700505511835217,0.002291002601850778,0.00012500095181167126,0.00012499367585405707,8.400093065574765e-05,0.0,0.003082997864112258,False,0.999998644282,,True,,,,0.32279,0.32279,0.32279,True,0.7266841772562908,True
2864,0.05803,False,0.0002079978003166616,0.0024999972083605826,0.00012500095181167126,0.000166997779160738,0.00012500095181167126,0.0,0.003374996595084667,False,0.999999756274,,True,,,,0.05803,0.05803,0.05803,True,1.0,False
13479,0.19,False,0.000166997779160738,0.0024999972083605826,0.00012500095181167126,0.00012500095181167126,0.00012500095181167126,0.0,0.003334003849886358,False,0.999999202,,True,,,,0.19,0.19,0.19,True,0.904323627616205,False
6692,0.10629999999999999,False,0.00029199873097240925,0.0037080026231706142,0.000166997779160738,0.0002090018824674189,0.00016599369700998068,0.0,0.004875000740867108,False,0.99999955354,,True,,,,0.10629999999999999,0.10629999999999999,0.10629999999999999,True,1.0,False
3712,0.11618,False,0.00033299875212833285,0.0036659985198639333,0.00016700505511835217,0.00020899460650980473,0.00012500095181167126,0.0,0.004875000740867108,False,0.999999512044,,True,,,,0.11618,0.11618,0.11618,True,0.7871550105520398,True
10098,0.177,False,0.00012500095181167126,0.002124994352925569,8.299684850499034e-05,0.00012500095181167126,8.399365469813347e-05,0.0,0.0028330032364465296,False,0.9999992566,,True,,,,0.177,0.177,0.177,True,1.0,False
3509,0.20667,False,0.0002500019036233425,0.002625005436129868,8.299684850499034e-05,0.00012500095181167126,0.00012500095181167126,0.0,0.003458997525740415,False,0.999999131986,,True,,,,0.20667,0.20667,0.20667,True,0.8097695918602872,True
802,0.006,False,0.00012500095181167126,0.001958003849722445,8.300412446260452e-05,8.299684850499034e-05,8.400093065574765e-05,0.0,0.002540997229516506,False,0.9999999748,,True,,,,0.006,0.006,0.006,True,1.0,False
16055,0.095,False,0.00016600097296759486,0.0023749962565489113,0.00012500095181167126,0.000166997779160738,8.400093065574765e-05,0.0,0.003291999746579677,False,0.999999601,,True,,,,0.095,0.095,0.095,True,0.9773490404657951,False
8454,0.146,False,0.00033300602808594704,0.0038750004023313522,0.0002500019036233425,0.000166997779160738,0.00012500095181167126,0.0,0.005125002644490451,False,0.9999993868,,True,,,,0.146,0.146,0.146,True,0.9406294170310818,False
15465,0.033,False,0.00016599369700998068,0.0020000006770715117,8.300412446260452e-05,0.00012500095181167126,8.400093065574765e-05,0.0,0.0027089990908280015,False,0.9999998614,,True,,,,0.033,0.033,0.033,True,0.7872155207167326,True
1630,0.0185,False,0.000166997779160738,0.002291999408043921,0.00012500095181167126,0.00012499367585405707,4.1996827349066734e-05,0.0,0.0030000010156072676,False,0.9999999223,,True,,,,0.0185,0.0185,0.0185,True,0.943737636793493,False
12833,0.136,False,0.00012500095181167126,0.0020000006770715117,4.1000021155923605e-05,0.00012500095181167126,0.00012500095181167126,0.0,0.0026659981813281775,False,0.9999994288,,True,,,,0.136,0.136,0.136,True,1.0,False
13270,0.015,False,0.0002079978003166616,0.0025000044843181968,0.00012499367585405707,0.00012500095181167126,4.200410330668092e-05,0.0,0.0033750038710422814,False,0.999999937,,True,,,,0.015,0.015,0.015,True,1.0,False
1843,0.05,False,0.00012500095181167126,0.0021660016500391066,8.300412446260452e-05,8.400093065574765e-05,4.1996827349066734e-05,0.0,0.0027500063879415393,False,0.99999979,,True,,,,0.05,0.05,0.05,True,1.0,False
11959,0.021,False,0.00037500285543501377,0.0038750004023313522,0.0002090018824674189,0.00016700505511835217,0.00012500095181167126,0.0,0.005166002665646374,False,0.9999999118,,True,,,,0.021,0.021,0.021,True,0.9043639479020337,False
2786,0.16,False,0.0002079978003166616,0.0024170003598555923,0.00012500095181167126,0.00012500095181167126,8.299684850499034e-05,0.0,0.003207998815923929,False,0.999999328,,True,,,,0.16,0.16,0.16,True,1.0,False
12813,0.097,False,8.299684850499034e-05,0.0021659943740814924,8.299684850499034e-05,0.00012500095181167126,8.299684850499034e-05,0.0,0.002792003215290606,False,0.9999995926,,True,,,,0.097,0.097,0.097,True,1.0,False
6252,0.32,False,0.00016600097296759486,0.0020830048015341163,8.400093065574765e-05,0.00012500095181167126,8.399365469813347e-05,0.0,0.002749999111983925,False,0.999998656,,True,,,,0.32,0.32,0.32,True,1.0,False
8774,0.024,False,8.300412446260452e-05,0.0017499987734481692,8.400093065574765e-05,8.400093065574765e-05,0.0,0.0,0.0022500025806948543,False,0.9999998992,,True,,,,0.024,0.024,0.024,True,0.9598721207279562,False
13551,0.03892,False,0.0002910019247792661,0.003707995347213,0.00024999462766572833,0.00012500095181167126,8.300412446260452e-05,0.0,0.004959001671522856,False,0.999999836536,,True,,,,0.03892,0.03892,0.03892,True,1.0,False
14700,0.008,False,0.000166997779160738,0.002125001628883183,0.00012499367585405707,0.00012500095181167126,8.400093065574765e-05,0.0,0.0028330032364465296,False,0.9999999664,,True,,,,0.008,0.008,0.008,False,,False
10086,0.21975,False,0.0002079978003166616,0.0024999972083605826,8.300412446260452e-05,8.300412446260452e-05,8.300412446260452e-05,0.0,0.003125001967418939,False,0.99999907705,,True,,,,0.21975,0.21975,0.21975,True,0.964698909203572,False
15502,0.112,False,0.0002090018824674189,0.0026670022634789348,0.00012500095181167126,8.400093065574765e-05,8.400093065574765e-05,0.0,0.0035000048228539526,False,0.9999995296,,True,,,,0.112,0.112,0.112,True,0.7271630375458815,True
383,0.15758000000000003,False,0.000333995558321476,0.0037089994293637574,0.0002090018824674189,0.00012500095181167126,0.00012500095181167126,0.0,0.004875000740867108,False,0.999999338164,,True,,,,0.15758000000000003,0.15758000000000003,0.15758000000000003,True,0.9861036484909566,False
17378,0.08733,False,0.000166997779160738,0.0022079984773881733,8.299684850499034e-05,8.300412446260452e-05,0.00012500095181167126,0.0,0.002958004188258201,False,0.999999633214,,True,,,,0.08733,0.08733,0.08733,True,0.9521710874375483,False
9480,0.083,False,0.00016599369700998068,0.0022079984773881733,8.299684850499034e-05,0.00012500095181167126,8.299684850499034e-05,0.0,0.002958004188258201,False,0.9999996514,,True,,,,0.083,0.083,0.083,True,0.9406394828668915,False
3463,0.036289999999999996,False,0.0002079978003166616,0.00224999530473724,8.299684850499034e-05,0.00016600097296759486,4.1996827349066734e-05,0.0,0.003083994670305401,False,0.999999847582,,True,,,,0.036289999999999996,0.036289999999999996,0.036289999999999996,True,1.0,False
11196,0.117,False,0.0002079978003166616,0.0026659981813281775,0.00012500095181167126,0.00016599369700998068,4.1996827349066734e-05,0.0,0.0035420016502030194,False,0.9999995086,,True,,,,0.117,0.117,0.117,True,0.8692972910184038,True
11866,0.17238,False,0.0002079978003166616,0.0022909953258931637,8.299684850499034e-05,0.000166997779160738,8.400093065574765e-05,0.0,0.003125001967418939,False,0.999999276004,,True,,,,0.17238,0.17238,0.17238,True,1.0,False
16499,0.246,False,0.00016600097296759486,0.002291999408043921,8.299684850499034e-05,0.00012500095181167126,0.00012500095181167126,0.0,0.003083005140069872,False,0.9999989668,,True,,,,0.246,0.246,0.246,True,1.0,False
6196,0.047380000000000005,False,0.00012500095181167126,0.001957996573764831,0.00012500095181167126,8.400093065574765e-05,8.400093065574765e-05,0.0,0.0026670022634789348,False,0.999999801004,,True,,,,0.047380000000000005,0.047380000000000005,0.047380000000000005,True,0.9827122340942187,False
14753,0.091,False,8.400093065574765e-05,0.0021669984562322497,8.299684850499034e-05,8.300412446260452e-05,4.1996827349066734e-05,0.0,0.002624998160172254,False,0.9999996178,,True,,,,0.091,0.091,0.091,True,0.9915997661627133,False
4002,0.18367,False,0.00024999462766572833,0.0027080022846348584,0.00012500095181167126,0.00012500095181167126,8.400093065574765e-05,0.0,0.0036249984987080097,False,0.999999228586,,True,,,,0.18367,0.18367,0.18367,True,0.9598528085035513,False
14393,0.05625,False,0.0004159956006333232,0.004624998837243766,0.00024999462766572833,0.0002079978003166616,8.300412446260452e-05,0.0,0.006083995685912669,False,0.99999976375,,True,,,,0.05625,0.05625,0.05625,True,1.0,False
20549,0.137,False,0.00016700505511835217,0.002125001628883183,8.299684850499034e-05,8.299684850499034e-05,4.1996827349066734e-05,0.0,0.002749999111983925,False,0.9999994246,,True,,,,0.137,0.137,0.137,True,0.9861052210146241,False
2526,0.014,False,0.000166997779160738,0.002040993422269821,8.299684850499034e-05,0.00012500095181167126,8.400093065574765e-05,0.0,0.0027080022846348584,False,0.9999999412,,True,,,,0.014,0.014,0.014,True,1.0,False
18313,0.031,False,0.00024999462766572833,0.0028340000426396728,0.00016700505511835217,0.000166997779160738,0.00012500095181167126,0.0,0.003749999450519681,False,0.9999998698,,True,,,,0.031,0.031,0.031,True,0.9827135396357823,False
20375,0.22,False,0.00012500095181167126,0.002291999408043921,8.299684850499034e-05,0.00012500095181167126,8.399365469813347e-05,0.0,0.0030000010156072676,False,0.999999076,,True,,,,0.22,0.22,0.22,True,1.0,False
1878,0.07475,False,0.0002500019036233425,0.0030000010156072676,0.00016600097296759486,0.000166997779160738,0.00012500095181167126,0.0,0.004125002305954695,False,0.99999968605,,True,,,,0.07475,0.07475,0.07475,True,1.0,False
1535,0.035,False,0.000166997779160738,0.00224999530473724,8.299684850499034e-05,0.00012500095181167126,0.00012500095181167126,0.0,0.0031249946914613247,False,0.999999853,,True,,,,0.035,0.035,0.035,True,1.0,False
5489,0.06739,False,0.0002079978003166616,0.0026669949875213206,0.00012500095181167126,0.000166997779160738,8.299684850499034e-05,0.0,0.0035420016502030194,False,0.999999716962,,True,,,,0.06739,0.06739,0.06739,True,0.8693129778367412,True
15098,0.024,False,0.0002079978003166616,0.0028329959604889154,0.00012499367585405707,0.00016600097296759486,8.400093065574765e-05,0.0,0.003749999450519681,False,0.9999998992,,True,,,,0.024,0.024,0.024,True,0.8505526237813373,True
9180,0.07,False,0.00016700505511835217,0.0027080022846348584,8.300412446260452e-05,0.00012500095181167126,8.300412446260452e-05,0.0,0.0035420016502030194,False,0.999999706,,True,,,,0.07,0.07,0.07,True,0.9754916154582045,False
16123,0.243,False,0.00012500095181167126,0.0018749997252598405,0.00012500095181167126,8.400093065574765e-05,4.1996827349066734e-05,0.0,0.0025410045054741204,False,0.9999989794,,True,,,,0.243,0.243,0.243,True,0.9754765757875182,False
14665,0.193,False,0.0030419978429563344,0.004540997906588018,0.00029199873097240925,0.000166997779160738,0.00016600097296759486,0.0,0.008583003364037722,False,0.9999991894,,True,,,,0.193,0.193,0.193,True,0.94062190678106,False
5253,0.049,False,0.0004159956006333232,0.0049579975893720984,0.0002910019247792661,0.0002079978003166616,0.00012500095181167126,0.0,0.0064589985413476825,False,0.9999997942,,True,,,,0.049,0.049,0.049,True,1.0,False
15920,0.212,False,0.0002079978003166616,0.0028750000637955964,0.00016700505511835217,0.00012500095181167126,8.299684850499034e-05,0.0,0.0038329962990246713,False,0.9999991096,,True,,,,0.212,0.212,0.212,True,1.0,False
5301,0.05,False,0.0003749955794773996,0.003459004801698029,0.000166997779160738,0.00020800507627427578,0.00012500095181167126,0.0,0.0046670029405504465,False,0.99999979,,True,,,,0.05,0.05,0.05,True,0.9754933538764069,False
19697,0.102,False,0.00012500095181167126,0.0020420047803781927,0.00012500095181167126,0.00012500095181167126,8.299684850499034e-05,0.0,0.002792003215290606,False,0.9999995716,,True,,,,0.102,0.102,0.102,True,0.952169179187619,False
15639,0.101,False,0.0002079978003166616,0.002458000381011516,0.00012499367585405707,0.000166997779160738,8.400093065574765e-05,0.0,0.003334003849886358,False,0.9999995758,,True,,,,0.101,0.101,0.101,True,0.7271878279907377,True
5353,0.12445999999999999,False,0.00012500095181167126,0.002082997525576502,0.00012500095181167126,0.00012500095181167126,8.400093065574765e-05,0.0,0.0028750000637955964,False,0.999999477268,,True,,,,0.12445999999999999,0.12445999999999999,0.12445999999999999,True,0.9437211458638206,False
9372,0.008,False,0.00016700505511835217,0.002125001628883183,4.200410330668092e-05,0.00012500095181167126,0.0014999968698248267,0.0,0.004292000085115433,False,0.9999999664,,True,,,,0.008,0.008,0.008,True,1.0,False
14322,0.11563,False,0.00020800507627427578,0.0026669949875213206,0.00016600097296759486,0.000166997779160738,0.00012500095181167126,0.0,0.0036249984987080097,False,0.999999514354,,True,,,,0.11563,0.11563,0.11563,False,,False
10145,0.204,False,0.00012499367585405707,0.0019170038285665214,8.299684850499034e-05,8.299684850499034e-05,4.1996827349066734e-05,0.0,0.002415996277704835,False,0.9999991432,,True,,,,0.204,0.204,0.204,True,0.9754799666018754,False
18447,0.167,False,0.000166997779160738,0.0023749962565489113,0.00012500095181167126,0.00012500095181167126,8.299684850499034e-05,0.0,0.0031669987947680056,False,0.9999992986,,True,,,,0.167,0.167,0.167,True,1.0,False
7478,0.11,False,0.000166997779160738,0.002125001628883183,0.00012500095181167126,0.00012500095181167126,0.00012500095181167126,0.0,0.0028340000426396728,False,0.999999538,,True,,,,0.11,0.11,0.11,True,0.8692995045926243,True
19524,0.15,False,0.00020899460650980473,0.002459004463162273,0.00012500095181167126,0.00012500095181167126,8.300412446260452e-05,0.0,0.003291999746579677,False,0.99999937,,True,,,,0.15,0.15,0.15,True,0.9406287778880477,False
6914,0.064,False,0.0002079978003166616,0.002291999408043921,4.200410330668092e-05,0.0002500019036233425,4.1996827349066734e-05,0.0,0.003083005140069872,False,0.9999997312,,True,,,,0.064,0.064,0.064,True,1.0,False
2322,0.016,False,0.0004579997039400041,0.005041998520027846,0.00033300602808594704,0.0002079978003166616,0.00012500095181167126,0.0,0.006584006769116968,False,0.9999999328,,True,,,,0.016,0.016,0.016,True,0.9521803651995066,False
6990,0.10926000000000001,False,0.00024999462766572833,0.0029170041671022773,0.00012500095181167126,0.00012500095181167126,8.300412446260452e-05,0.0,0.003792003553826362,False,0.999999541108,,True,,,,0.10926000000000001,0.10926000000000001,0.10926000000000001,True,0.9773478277869642,False
1691,0.009,False,0.0002079978003166616,0.0022500025806948543,8.299684850499034e-05,0.00016600097296759486,8.300412446260452e-05,0.0,0.0030419978429563344,False,0.9999999622,,True,,,,0.009,0.009,0.009,True,0.9521812756114536,False
19473,0.163,False,0.000166997779160738,0.001957996573764831,0.00012500095181167126,8.399365469813347e-05,8.400093065574765e-05,0.0,0.0026670022634789348,False,0.9999993154,,True,,,,0.163,0.163,0.163,True,1.0,False
7395,0.28,False,0.00029199873097240925,0.003583001671358943,0.00029199873097240925,0.00016700505511835217,8.299684850499034e-05,0.0,0.0048340007197111845,False,0.999998824,,True,,,,0.28,0.28,0.28,True,1.0,False
12465,0.015,False,0.0002079978003166616,0.0025419940357096493,8.299684850499034e-05,0.00012500095181167126,0.00012500095181167126,0.0,0.003417000698391348,False,0.999999937,,True,,,,0.015,0.015,0.015,True,1.0,False
12896,0.228,False,0.0002500019036233425,0.003374996595084667,0.00016700505511835217,0.000166997779160738,8.300412446260452e-05,0.0,0.004415996954776347,False,0.9999990424,,True,,,,0.228,0.228,0.228,True,0.8692621832476749,True
13983,0.085,False,8.400093065574765e-05,0.0018749997252598405,8.299684850499034e-05,0.00012500095181167126,4.200410330668092e-05,0.0,0.002416003553662449,False,0.999999643,,True,,,,0.085,0.085,0.085,True,1.0,False
6127,0.123,False,0.00016600097296759486,0.0022079984773881733,0.00012500095181167126,8.299684850499034e-05,0.00016600097296759486,0.0,0.0030000010156072676,False,0.9999994834,,True,,,,0.123,0.123,0.123,True,1.0,False
4764,0.27167,False,0.00033299875212833285,0.0040000013541430235,0.00033400283427909017,0.00012500095181167126,0.00012500095181167126,0.0,0.005374997272156179,False,0.999998858986,,True,,,,0.27167,0.27167,0.27167,True,0.977334014376363,False
7765,0.08,False,0.00016600097296759486,0.0021669984562322497,8.400093065574765e-05,0.00012500095181167126,0.00016700505511835217,0.0,0.0030000010156072676,False,0.999999664,,True,,,,0.08,0.08,0.08,True,0.9916003419446285,False
3283,0.031,False,0.00012500095181167126,0.0020830048015341163,8.300412446260452e-05,0.00012500095181167126,4.1996827349066734e-05,0.0,0.0027080022846348584,False,0.9999998698,,True,,,,0.031,0.031,0.031,True,0.8505499745765931,True
9112,0.30728,False,0.0004160028765909374,0.004583002009894699,0.00029199873097240925,0.0002500019036233425,0.00012499367585405707,0.0,0.006041998858563602,False,0.999998709424,,True,,,,0.30728,0.30728,0.30728,True,1.0,False
10175,0.058,False,0.0002090018824674189,0.0027089990908280015,0.000166997779160738,0.00012499367585405707,4.200410330668092e-05,0.0,0.003583001671358943,False,0.9999997564,,True,,,,0.058,0.058,0.058,True,1.0,False
14263,0.27394,False,0.0002500019036233425,0.003083005140069872,0.00016600097296759486,8.300412446260452e-05,8.300412446260452e-05,0.0,0.0040000013541430235,False,0.999998849452,,True,,,,0.27394,0.27394,0.27394,True,1.0,False
10211,0.3359,False,0.00029099464882165194,0.0025420013116672635,0.00012499367585405707,0.00016700505511835217,8.300412446260452e-05,0.0,0.0034580007195472717,False,0.99999858922,,True,,,,0.3359,0.3359,0.3359,True,1.0,False
3021,0.005,False,0.0002079978003166616,0.0029579969123005867,0.00012500095181167126,0.00012500095181167126,0.00012500095181167126,0.0,0.0040000013541430235,False,0.999999979,,True,,,,0.005,0.005,0.005,True,0.9043677643233696,False
19080,0.226,False,0.0002090018824674189,0.0021669984562322497,8.300412446260452e-05,0.00012500095181167126,8.400093065574765e-05,0.0,0.0029579969123005867,False,0.9999990508,,True,,,,0.226,0.226,0.226,True,1.0,False
10282,0.159,False,0.00020899460650980473,0.0022500025806948543,0.00012500095181167126,8.300412446260452e-05,4.200410330668092e-05,0.0,0.0029999937396496534,False,0.9999993322,,True,,,,0.159,0.159,0.159,True,0.973585777650496,False
18319,0.011,False,0.0002500019036233425,0.0023750035325065255,0.00012500095181167126,0.000166997779160738,8.299684850499034e-05,0.0,0.003291999746579677,False,0.9999999538,,True,,,,0.011,0.011,0.011,True,1.0,False
3193,0.07687999999999999,False,0.000166997779160738,0.002334003511350602,8.399365469813347e-05,0.00016700505511835217,8.300412446260452e-05,0.0,0.003082997864112258,False,0.999999677104,,True,,,,0.07687999999999999,0.07687999999999999,0.07687999999999999,True,0.9647154019062124,False
14707,0.075,False,0.0004160028765909374,0.004125002305954695,0.0002910019247792661,0.00016700505511835217,0.00012500095181167126,0.0,0.00549999822396785,False,0.999999685,,True,,,,0.075,0.075,0.075,True,1.0,False
9484,0.27286,False,0.00016700505511835217,0.002291999408043921,0.00016600097296759486,0.00012500095181167126,8.400093065574765e-05,0.0,0.0030840019462630153,False,0.999998853988,,True,,,,0.27286,0.27286,0.27286,True,0.957334975344071,False
14286,0.161,False,0.00029099464882165194,0.0028329959604889154,0.000166997779160738,0.00012500095181167126,8.300412446260452e-05,0.0,0.0038330035749822855,False,0.9999993238,,True,,,,0.161,0.161,0.161,True,0.9827031772569785,False
14819,0.06302,False,0.00012500095181167126,0.002125001628883183,8.299684850499034e-05,0.00012500095181167126,0.00012500095181167126,0.0,0.002791995939332992,False,0.999999735316,,True,,,,0.06302,0.06302,0.06302,True,1.0,False
15804,0.03125,False,0.0002079978003166616,0.0023749962565489113,0.00012500095181167126,0.007375005225185305,8.300412446260452e-05,0.0,0.010458003089297563,False,0.99999986875,,True,,,,0.03125,0.03125,0.03125,True,0.7872167932384805,True
1750,0.03,False,0.0002079978003166616,0.002791995939332992,8.400093065574765e-05,0.00012500095181167126,8.300412446260452e-05,0.0,0.003583001671358943,False,0.999999874,,True,,,,0.03,0.03,0.03,False,,False
2072,0.149,False,0.00020899460650980473,0.002291999408043921,0.00012500095181167126,8.400093065574765e-05,4.1996827349066734e-05,0.0,0.003082997864112258,False,0.9999993742,,True,,,,0.149,0.149,0.149,True,1.0,False
443,0.05057,False,0.00020800507627427578,0.002291002601850778,0.00012500095181167126,0.00016600097296759486,8.299684850499034e-05,0.0,0.003125001967418939,False,0.999999787606,,True,,,,0.05057,0.05057,0.05057,True,0.7273012332518017,True
6832,0.19188,False,0.000166997779160738,0.0023329994291998446,0.00012500095181167126,0.00012500095181167126,0.00012500095181167126,0.0,0.0031659947126172483,False,0.999999194104,,True,,,,0.19188,0.19188,0.19188,True,0.9521574866248323,False
3303,0.06,False,0.00012500095181167126,0.0023339962353929877,8.400093065574765e-05,8.400093065574765e-05,8.400093065574765e-05,0.0,0.003082997864112258,False,0.999999748,,True,,,,0.06,0.06,0.06,True,1.0,False
6546,0.053,False,0.00016700505511835217,0.0025000044843181968,0.00012500095181167126,0.00012500095181167126,8.300412446260452e-05,0.0,0.0033750038710422814,False,0.9999997774,,True,,,,0.053,0.053,0.053,True,0.9647181581786491,False
16655,0.07163,False,0.000166997779160738,0.002124994352925569,4.200410330668092e-05,0.00016600097296759486,8.400093065574765e-05,0.0,0.002749999111983925,False,0.999999699154,,True,,,,0.07163,0.07163,0.07163,True,0.9406412993769885,False
8545,0.04,False,0.00012500095181167126,0.0018749997252598405,8.400093065574765e-05,4.1996827349066734e-05,8.299684850499034e-05,0.0,0.0023750035325065255,False,0.999999832,,True,,,,0.04,0.04,0.04,True,0.9670666026810167,False
8303,0.18,False,0.00020899460650980473,0.0022500025806948543,0.00012500095181167126,0.00012500095181167126,8.300412446260452e-05,0.0,0.00295899371849373,False,0.999999244,,True,,,,0.18,0.18,0.18,True,0.9754820531502821,False
8352,0.085,False,0.00020800507627427578,0.002749999111983925,0.00012500095181167126,0.00020899460650980473,8.400093065574765e-05,0.0,0.003625005774665624,False,0.999999643,,True,,,,0.085,0.085,0.085,True,0.967061526282007,False
13621,0.166,False,0.0002079978003166616,0.0026670022634789348,0.00012500095181167126,0.00016700505511835217,0.00012500095181167126,0.0,0.003583998477552086,False,0.9999993028,,True,,,,0.166,0.166,0.166,True,0.9670523877706029,False
20330,0.02,False,0.0002500019036233425,0.003082997864112258,0.000166997779160738,0.00012500095181167126,0.00016700505511835217,0.0,0.0041249950299970806,False,0.999999916,,True,,,,0.02,0.02,0.02,True,1.0,False
16079,0.05,False,0.0002090018824674189,0.002458000381011516,8.300412446260452e-05,0.00020800507627427578,0.00016600097296759486,0.0,0.0033750038710422814,False,0.99999979,,True,,,,0.05,0.05,0.05,True,0.9043570302487728,False
10371,0.03,False,0.00012500095181167126,0.0020000006770715117,8.300412446260452e-05,8.300412446260452e-05,8.299684850499034e-05,0.0,0.002624998160172254,False,0.999999874,,True,,,,0.03,0.03,0.03,True,0.8693247989675787,True
11464,0.02445,False,0.0002079978003166616,0.002582994056865573,0.00012500095181167126,0.00016600097296759486,8.299684850499034e-05,0.0,0.003459004801698029,False,0.99999989731,,True,,,,0.02445,0.02445,0.02445,True,1.0,False
2512,0.223,False,0.0002079978003166616,0.00224999530473724,8.400093065574765e-05,8.400093065574765e-05,4.200410330668092e-05,0.0,0.0029579969123005867,False,0.9999990634,,True,,,,0.223,0.223,0.223,True,0.9791607253370997,False
13583,0.3,False,0.00012499367585405707,0.0022909953258931637,8.299684850499034e-05,0.00012500095181167126,8.400093065574765e-05,0.0,0.0029170041671022773,False,0.99999874,,True,,,,0.3,0.3,0.3,True,1.0,False
8874,0.1875,False,0.00012500095181167126,0.0022079984773881733,8.300412446260452e-05,8.300412446260452e-05,4.1996827349066734e-05,0.0,0.0028750000637955964,False,0.9999992125,,True,,,,0.1875,0.1875,0.1875,True,0.787103088417856,True
5972,0.265,False,0.00033400283427909017,0.003291999746579677,0.00016600097296759486,0.00016700505511835217,8.400093065574765e-05,0.0,0.004416004230733961,False,0.999998887,,True,,,,0.265,0.265,0.265,True,0.9043057285319354,False
18724,0.15,False,0.00012500095181167126,0.0021660016500391066,8.399365469813347e-05,0.00012500095181167126,4.1000021155923605e-05,0.0,0.0028750000637955964,False,0.99999937,,True,,,,0.15,0.15,0.15,True,1.0,False
5715,0.1725,False,0.00016600097296759486,0.0020840016077272594,8.400093065574765e-05,8.399365469813347e-05,8.400093065574765e-05,0.0,0.002707995008677244,False,0.9999992755,,True,,,,0.1725,0.1725,0.1725,True,1.0,False
17448,0.088,False,0.00016600097296759486,0.0020830048015341163,8.299684850499034e-05,4.1996827349066734e-05,4.1996827349066734e-05,0.0,0.002749999111983925,False,0.9999996304,,True,,,,0.088,0.088,0.088,True,0.8098360064955571,True
1140,0.003,False,0.00012500095181167126,0.001957996573764831,4.200410330668092e-05,4.200410330668092e-05,4.1996827349066734e-05,0.0,0.0025000044843181968,False,0.9999999874,,True,,,,0.003,0.003,0.003,True,0.9773568635297246,False
16813,0.019,False,0.000166997779160738,0.0025000044843181968,8.300412446260452e-05,0.00012500095181167126,0.00012500095181167126,0.0,0.003291999746579677,False,0.9999999202,,True,,,,0.019,0.019,0.019,True,1.0,False
4674,0.28257,False,0.0004169996827840805,0.005375004548113793,0.000333995558321476,0.0002090018824674189,0.00016600097296759486,0.0,0.006917005521245301,False,0.999998813206,,True,,,,0.28257,0.28257,0.28257,True,1.0,False
679,0.239,False,0.000166997779160738,0.0024999972083605826,0.00012500095181167126,0.00012500095181167126,0.00012500095181167126,0.0,0.0033329997677356005,False,0.9999989962,,True,,,,0.239,0.239,0.239,True,0.7268754013854487,True
17407,0.167,False,0.0002090018824674189,0.0027089990908280015,0.00012500095181167126,0.00012500095181167126,0.00012500095181167126,0.0,0.0036249984987080097,False,0.9999992986,,True,,,,0.167,0.167,0.167,True,0.9735850665924801,False
20281,0.048,False,0.00016599369700998068,0.0023749962565489113,0.00012500095181167126,0.00012500095181167126,0.00012500095181167126,0.0,0.0031669987947680056,False,0.9999997984,,True,,,,0.048,0.048,0.048,True,1.0,False
8349,0.26154,False,0.0004579997039400041,0.0049579975893720984,0.0002910019247792661,0.00024999462766572833,0.00016700505511835217,0.0,0.006583002686966211,False,0.999998901532,,True,,,,0.26154,0.26154,0.26154,True,0.9754749637713371,False
5613,0.042,False,0.00012500095181167126,0.002082997525576502,4.1996827349066734e-05,0.00012500095181167126,8.400093065574765e-05,0.0,0.0027080022846348584,False,0.9999998236,,True,,,,0.042,0.042,0.042,True,0.9043589386170725,False
4272,0.07482,False,0.00012500095181167126,0.0020410006982274354,8.300412446260452e-05,8.300412446260452e-05,4.200410330668092e-05,0.0,0.0026670022634789348,False,0.999999685756,,True,,,,0.07482,0.07482,0.07482,True,0.9754911964909867,False
20084,0.06512000000000001,False,0.00033299875212833285,0.004624998837243766,0.00024999462766572833,0.000166997779160738,0.000166997779160738,0.0,0.006083995685912669,False,0.999999726496,,True,,,,0.06512000000000001,0.06512000000000001,0.06512000000000001,True,1.0,False
8927,0.057,False,0.0002090018824674189,0.0023339962353929877,0.00012500095181167126,0.000166997779160738,8.300412446260452e-05,0.0,0.003125001967418939,False,0.9999997606,,True,,,,0.057,0.057,0.057,True,1.0,False
7113,0.158,False,0.00012499367585405707,0.0020420047803781927,8.300412446260452e-05,0.00016600097296759486,8.400093065574765e-05,0.0,0.002749999111983925,False,0.9999993364,,True,,,,0.158,0.158,0.158,True,1.0,False
603,0.019,False,0.0002090018824674189,0.002624998160172254,0.00012500095181167126,0.00016599369700998068,0.00012500095181167126,0.0,0.0034999975468963385,False,0.9999999202,,True,,,,0.019,0.019,0.019,True,0.9827144960548675,False
12421,0.05824,False,0.00029199873097240925,0.0034999975468963385,0.00012500095181167126,0.00016600097296759486,0.00012499367585405707,0.0,0.004582994733937085,False,0.999999755392,,True,,,,0.05824,0.05824,0.05824,True,0.9623193163396647,False
6191,0.231,False,0.00016700505511835217,0.0023329994291998446,8.299684850499034e-05,0.00012500095181167126,8.400093065574765e-05,0.0,0.003125001967418939,False,0.9999990298,,True,,,,0.231,0.231,0.231,True,1.0,False
16312,0.2,False,0.0002500019036233425,0.002624998160172254,0.00012500095181167126,0.00016600097296759486,8.300412446260452e-05,0.0,0.003583001671358943,False,0.99999916,,True,,,,0.2,0.2,0.2,True,1.0,False
11522,0.09,False,0.00012500095181167126,0.0020000006770715117,8.400093065574765e-05,8.400093065574765e-05,4.1996827349066734e-05,0.0,0.002583001332823187,False,0.999999622,,True,,,,0.09,0.09,0.09,True,1.0,False
1766,0.14743,False,0.00029099464882165194,0.003916000423487276,0.000166997779160738,0.000166997779160738,0.00012500095181167126,0.0,0.00508299854118377,False,0.999999380794,,True,,,,0.14743,0.14743,0.14743,True,1.0,False
11407,0.196,False,0.00016600097296759486,0.0025000044843181968,0.00012500095181167126,0.00012500095181167126,8.400093065574765e-05,0.0,0.003249995643272996,False,0.9999991768,,True,,,,0.196,0.196,0.196,True,0.9043221958131601,False
11661,0.16190000000000002,False,0.00016600097296759486,0.0024170003598555923,0.00012500095181167126,0.00012500095181167126,4.200410330668092e-05,0.0,0.003125001967418939,False,0.99999932002,,True,,,,0.16190000000000002,0.16190000000000002,0.16190000000000002,True,1.0,False
13033,0.1,False,0.0002079978003166616,0.002334003511350602,8.399365469813347e-05,0.00016700505511835217,8.300412446260452e-05,0.0,0.0031669987947680056,False,0.99999958,,True,,,,0.1,0.1,0.1,True,0.9521694393474063,False
11844,0.1,False,0.0002079978003166616,0.0025000044843181968,0.00012500095181167126,8.300412446260452e-05,0.00012500095181167126,0.0,0.0033329997677356005,False,0.99999958,,True,,,,0.1,0.1,0.1,True,0.7271900807050052,True
15721,0.076,False,0.00012500095181167126,0.0020000006770715117,8.299684850499034e-05,0.00012499367585405707,8.300412446260452e-05,0.0,0.002624998160172254,False,0.9999996808,,True,,,,0.076,0.076,0.076,True,0.9647155034794223,False
1543,0.072,False,0.00024999462766572833,0.0028329959604889154,0.000166997779160738,0.00012500095181167126,0.00012500095181167126,0.0,0.003792003553826362,False,0.9999996976,,True,,,,0.072,0.072,0.072,True,1.0,False
11662,0.16190000000000002,False,0.00016600097296759486,0.002291999408043921,8.400093065574765e-05,8.299684850499034e-05,4.200410330668092e-05,0.0,0.0030000010156072676,False,0.99999932002,,True,,,,0.16190000000000002,0.16190000000000002,0.16190000000000002,True,0.9043303329408827,False
17462,0.05,False,0.00016700505511835217,0.002291002601850778,0.00012500095181167126,8.299684850499034e-05,0.00012500095181167126,0.0,0.003125001967418939,False,0.99999979,,True,,,,0.05,0.05,0.05,True,1.0,False
20501,0.18,False,0.0005830006557516754,0.0057919969549402595,0.0004590037860907614,0.0004579997039400041,0.00012500095181167126,0.0,0.007957998604979366,False,0.999999244,,True,,,,0.18,0.18,0.18,True,1.0,False
13462,0.119,False,0.000166997779160738,0.0022909953258931637,4.1996827349066734e-05,0.00012500095181167126,8.400093065574765e-05,0.0,0.0029579969123005867,False,0.9999995002,,True,,,,0.119,0.119,0.119,True,0.7271472516884815,True
13723,0.228,False,0.00012500095181167126,0.0020000006770715117,8.400093065574765e-05,8.400093065574765e-05,8.400093065574765e-05,0.0,0.002583001332823187,False,0.9999990424,,True,,,,0.228,0.228,0.228,True,0.9826978358082432,False
9003,0.11494,False,0.00020800507627427578,0.0023750035325065255,8.300412446260452e-05,0.00012500095181167126,4.1996827349066734e-05,0.0,0.003125001967418939,False,0.999999517252,,True,,,,0.11494,0.11494,0.11494,True,0.9827068489729867,False
2250,0.23733,False,0.00020800507627427578,0.0022500025806948543,0.00012500095181167126,0.000166997779160738,0.00012500095181167126,0.0,0.003125001967418939,False,0.999999003214,,True,,,,0.23733,0.23733,0.23733,True,1.0,False
4934,0.06294,False,0.0002500019036233425,0.0022079984773881733,8.300412446260452e-05,8.300412446260452e-05,4.1996827349066734e-05,0.0,0.0030000010156072676,False,0.999999735652,,True,,,,0.06294,0.06294,0.06294,True,0.9521742599361189,False
2798,0.23779,False,0.0002079978003166616,0.00224999530473724,0.00012500095181167126,0.00012499367585405707,0.00012500095181167126,0.0,0.003125001967418939,False,0.999999001282,,True,,,,0.23779,0.23779,0.23779,True,1.0,False
731,0.022,False,0.0012080054148100317,0.011709002137649804,0.0006659975042566657,0.000500003807246685,0.0002500019036233425,0.0,0.015208999684546143,False,0.9999999076,,True,,,,0.022,0.022,0.022,True,0.9521795848371402,False
11731,0.07,False,0.0002079978003166616,0.0023329994291998446,8.299684850499034e-05,0.000166997779160738,8.300412446260452e-05,0.0,0.00325000291923061,False,0.999999706,,True,,,,0.07,0.07,0.07,True,1.0,False
10410,0.091,False,0.00016600097296759486,0.004959001671522856,8.400093065574765e-05,0.00012500095181167126,4.200410330668092e-05,0.0,0.005583002348430455,False,0.9999996178,,True,,,,0.091,0.091,0.091,True,1.0,False
9459,0.091,False,0.00012500095181167126,0.002125001628883183,0.00012500095181167126,0.00012500095181167126,4.200410330668092e-05,0.0,0.002791995939332992,False,0.9999996178,,True,,,,0.091,0.091,0.091,True,0.9406382047350373,False
11467,0.06611,False,0.000166997779160738,0.0024579931050539017,0.00012500095181167126,0.00016700505511835217,0.00016600097296759486,0.0,0.003207998815923929,False,0.999999722338,,True,,,,0.06611,0.06611,0.06611,True,0.964716645013099,False
16062,0.114,False,0.00012500095181167126,0.00224999530473724,0.00012500095181167126,8.399365469813347e-05,0.00012500095181167126,0.0,0.002958004188258201,False,0.9999995212,,True,,,,0.114,0.114,0.114,True,1.0,False
5633,0.05706,False,0.00016600097296759486,0.0021669984562322497,8.400093065574765e-05,0.00012500095181167126,8.400093065574765e-05,0.0,0.0027909991331398487,False,0.999999760348,,True,,,,0.05706,0.05706,0.05706,True,1.0,False
14503,0.23333,False,0.0002500019036233425,0.0026670022634789348,0.0002079978003166616,0.00012500095181167126,0.00012500095181167126,0.0,0.0037909994716756046,False,0.999999020014,,True,,,,0.23333,0.23333,0.23333,True,0.9521520937129956,False
9735,0.188,False,0.00029099464882165194,0.003374996595084667,0.00016599369700998068,0.000166997779160738,0.00012500095181167126,0.0,0.004458001058083028,False,0.9999992104,,True,,,,0.188,0.188,0.188,True,0.9043241048791076,False
13669,0.20072,False,8.300412446260452e-05,0.0019170038285665214,8.400093065574765e-05,8.399365469813347e-05,4.200410330668092e-05,0.0,0.0024999972083605826,False,0.999999156976,,True,,,,0.20072,0.20072,0.20072,True,0.9647011062353218,False
16060,0.03781,False,0.00012500095181167126,0.0022079984773881733,0.00012500095181167126,8.299684850499034e-05,8.400093065574765e-05,0.0,0.0028329959604889154,False,0.999999841198,,True,,,,0.03781,0.03781,0.03781,True,0.9598704506121492,False
16184,0.241,False,0.0002500019036233425,0.0027909991331398487,0.00016700505511835217,0.00012500095181167126,0.00012500095181167126,0.0,0.0037089994293637574,False,0.9999989878,,True,,,,0.241,0.241,0.241,True,1.0,False
16381,0.19819,False,0.00016700505511835217,0.0024999972083605826,0.00012500095181167126,0.00012500095181167126,8.399365469813347e-05,0.0,0.0033329997677356005,False,0.999999167602,,True,,,,0.19819,0.19819,0.19819,True,1.0,False
142,0.056,False,0.00012500095181167126,0.001959000655915588,4.1996827349066734e-05,0.00012500095181167126,4.1996827349066734e-05,0.0,0.002583001332823187,False,0.9999997648,,True,,,,0.056,0.056,0.056,True,0.9981379274402046,False
16544,0.20469,False,0.00033400283427909017,0.0037089994293637574,0.0002090018824674189,0.00012500095181167126,0.00012500095181167126,0.0,0.004833003913518041,False,0.999999140302,,True,,,,0.20469,0.20469,0.20469,True,0.982699694218738,False
3981,0.05,False,0.00024999462766572833,0.0034580007195472717,0.00016600097296759486,0.000166997779160738,0.00012500095181167126,0.0,0.004541005182545632,False,0.99999979,,True,,,,0.05,0.05,0.05,True,0.9521759430329111,False
17059,0.078,False,0.0002079978003166616,0.0022079984773881733,8.299684850499034e-05,0.00012500095181167126,4.200410330668092e-05,0.0,0.0029579969123005867,False,0.9999996724,,True,,,,0.078,0.078,0.078,True,1.0,False
2801,0.16,False,0.0002090018824674189,0.002624998160172254,0.00012500095181167126,0.00012500095181167126,8.300412446260452e-05,0.0,0.0035410048440098763,False,0.999999328,,True,,,,0.16,0.16,0.16,True,1.0,False
13099,0.085,False,0.00016600097296759486,0.0022500025806948543,8.300412446260452e-05,8.400093065574765e-05,4.200410330668092e-05,0.0,0.0029999937396496534,False,0.999999643,,True,,,,0.085,0.085,0.085,True,0.9521713905154768,False
14047,0.17143,False,0.00016600097296759486,0.002124994352925569,8.300412446260452e-05,0.00012500095181167126,8.300412446260452e-05,0.0,0.002749999111983925,False,0.999999279994,,True,,,,0.17143,0.17143,0.17143,True,1.0,False
4812,0.126,False,0.00016600097296759486,0.0022080057533457875,8.299684850499034e-05,8.299684850499034e-05,4.1996827349066734e-05,0.0,0.002916996891144663,False,0.9999994708,,True,,,,0.126,0.126,0.126,True,0.7871478636052699,True
5891,0.0235,False,0.00012500095181167126,0.0020419975044205785,8.300412446260452e-05,8.300412446260452e-05,8.400093065574765e-05,0.0,0.002624998160172254,False,0.9999999013,,True,,,,0.0235,0.0235,0.0235,True,0.9861138926610503,False
18359,0.117,False,0.00020800507627427578,0.002458000381011516,0.00012500095181167126,0.00016700505511835217,8.399365469813347e-05,0.0,0.003291999746579677,False,0.9999995086,,True,,,,0.117,0.117,0.117,True,0.8098197812428748,True
7957,0.139,False,0.00012500095181167126,0.0020419975044205785,0.00012500095181167126,8.299684850499034e-05,8.300412446260452e-05,0.0,0.0026669949875213206,False,0.9999994162,,True,,,,0.139,0.139,0.139,True,0.9670554340829658,False
17233,0.0674,False,0.000166997779160738,0.0020000006770715117,4.200410330668092e-05,0.00012500095181167126,4.1996827349066734e-05,0.0,0.002625005436129868,False,0.99999971692,,True,,,,0.0674,0.0674,0.0674,True,1.0,False
16551,0.2,False,0.000166997779160738,0.0023749962565489113,0.00012500095181167126,0.00012500095181167126,8.300412446260452e-05,0.0,0.0032090028980746865,False,0.99999916,,True,,,,0.2,0.2,0.2,True,1.0,False
8922,0.128,False,0.000166997779160738,0.002291002601850778,0.00012500095181167126,8.299684850499034e-05,8.299684850499034e-05,0.0,0.003040993760805577,False,0.9999994624,,True,,,,0.128,0.128,0.128,True,1.0,False
17061,0.137,False,0.00016700505511835217,0.0021660016500391066,0.00012500095181167126,8.300412446260452e-05,8.399365469813347e-05,0.0,0.0028330032364465296,False,0.9999994246,,True,,,,0.137,0.137,0.137,True,1.0,False
15811,0.105,False,0.0002090018824674189,0.0025000044843181968,0.00012500095181167126,0.00016600097296759486,8.299684850499034e-05,0.0,0.003334003849886358,False,0.999999559,,True,,,,0.105,0.105,0.105,True,1.0,False
6405,0.188,False,0.0002079978003166616,0.0020419975044205785,0.00012500095181167126,8.400093065574765e-05,4.200410330668092e-05,0.0,0.002792003215290606,False,0.9999992104,,True,,,,0.188,0.188,0.188,True,1.0,False
1909,0.055,False,0.000166997779160738,0.0024170003598555923,8.399365469813347e-05,0.00016700505511835217,8.299684850499034e-05,0.0,0.0032090028980746865,False,0.999999769,,True,,,,0.055,0.055,0.055,True,1.0,False
14432,0.19818,False,0.0007499984349124134,0.0062920007621869445,0.00037500285543501377,0.0002500019036233425,0.00012499367585405707,0.0,0.008249997335951775,False,0.999999167644,,True,,,,0.19818,0.19818,0.19818,True,1.0,False
12971,0.228,False,0.00020800507627427578,0.0023329994291998446,8.299684850499034e-05,0.00016700505511835217,0.00012500095181167126,0.0,0.0032089956221170723,False,0.9999990424,,True,,,,0.228,0.228,0.228,True,0.8504753883848861,True
17073,0.181,False,0.00029199873097240925,0.00325000291923061,0.0002090018824674189,0.00012500095181167126,8.300412446260452e-05,0.0,0.004292000085115433,False,0.9999992398,,True,,,,0.181,0.181,0.181,True,0.8097839627251809,True
3199,0.14723,False,0.00012500095181167126,0.0022090025595389307,8.400093065574765e-05,8.399365469813347e-05,8.400093065574765e-05,0.0,0.0028750000637955964,False,0.999999381634,,True,,,,0.14723,0.14723,0.14723,True,0.9437176016435544,False
8963,0.10385,False,0.00012500095181167126,0.002125001628883183,0.00012499367585405707,8.400093065574765e-05,4.200410330668092e-05,0.0,0.0028330032364465296,False,0.99999956383,,True,,,,0.10385,0.10385,0.10385,True,0.9754886730569388,False
19232,0.336,False,0.00016700505511835217,0.002291999408043921,0.00012500095181167126,4.1996827349066734e-05,0.00012500095181167126,0.0,0.0030000010156072676,False,0.9999985888,,True,,,,0.336,0.336,0.336,True,0.9622864967549768,False
13784,0.086,False,0.0002500019036233425,0.0030000010156072676,0.00012500095181167126,0.000166997779160738,8.400093065574765e-05,0.0,0.0039590013329871,False,0.9999996388,,True,,,,0.086,0.086,0.086,True,1.0,False
11676,0.028,False,8.299684850499034e-05,0.0020000006770715117,8.300412446260452e-05,8.300412446260452e-05,8.300412446260452e-05,0.0,0.002624998160172254,False,0.9999998824,,True,,,,0.028,0.028,0.028,True,0.9916030636937194,False
4548,0.05,False,0.00029199873097240925,0.0030000010156072676,0.00016700505511835217,8.300412446260452e-05,0.00012500095181167126,0.0,0.0040000013541430235,False,0.99999979,,True,,,,0.05,0.05,0.05,True,0.9437327346927882,False
6785,0.1,False,0.00037500285543501377,0.004749999789055437,0.00029199873097240925,0.000166997779160738,0.00012500095181167126,0.0,0.006165995728224516,False,0.99999958,,True,,,,0.1,0.1,0.1,True,1.0,False
9845,0.07,False,0.00016700505511835217,0.00224999530473724,0.00012500095181167126,0.00012500095181167126,8.300412446260452e-05,0.0,0.0028750000637955964,False,0.999999706,,True,,,,0.07,0.07,0.07,True,0.809846075770441,True
14142,0.08,False,0.00016600097296759486,0.002082997525576502,8.299684850499034e-05,0.00012500095181167126,8.400093065574765e-05,0.0,0.002749999111983925,False,0.999999664,,True,,,,0.08,0.08,0.08,True,0.9861095761332657,False
2607,0.063,False,0.0002500019036233425,0.002625005436129868,0.000166997779160738,0.00012500095181167126,8.300412446260452e-05,0.0,0.0034999975468963385,False,0.9999997354,,True,,,,0.063,0.063,0.063,True,0.9754922239109872,False
9561,0.122,False,0.00012500095181167126,0.0020419975044205785,8.400093065574765e-05,8.400093065574765e-05,8.400093065574765e-05,0.0,0.0027080022846348584,False,0.9999994876,,True,,,,0.122,0.122,0.122,True,0.9521665775374448,False
3785,0.151,False,0.00024999462766572833,0.002583001332823187,0.00012500095181167126,0.00012500095181167126,0.00012500095181167126,0.0,0.0034999975468963385,False,0.9999993658,,True,,,,0.151,0.151,0.151,True,1.0,False
16391,0.031,False,0.0002079978003166616,0.0019170038285665214,0.00012500095181167126,0.00012499367585405707,4.1996827349066734e-05,0.0,0.0026669949875213206,False,0.9999998698,,True,,,,0.031,0.031,0.031,True,1.0,False
9713,0.128,False,0.00033299875212833285,0.004249995981808752,0.0002079978003166616,0.000166997779160738,0.00012500095181167126,0.0,0.00549999822396785,False,0.9999994624,,True,,,,0.128,0.128,0.128,True,1.0,False
1494,0.1,False,0.0002079978003166616,0.0025420013116672635,8.400093065574765e-05,0.00012499367585405707,4.1996827349066734e-05,0.0,0.003374996595084667,False,0.99999958,,True,,,,0.1,0.1,0.1,True,0.9791709613023346,False
7602,0.10962000000000001,False,0.000166997779160738,0.0022909953258931637,4.1996827349066734e-05,0.00012499367585405707,4.1000021155923605e-05,0.0,0.0030840019462630153,False,0.999999539596,,True,,,,0.10962000000000001,0.10962000000000001,0.10962000000000001,True,1.0,False
18543,0.256,False,0.00016700505511835217,0.002624998160172254,0.00012500095181167126,0.00012500095181167126,8.299684850499034e-05,0.0,0.003458997525740415,False,0.9999989248,,True,,,,0.256,0.256,0.256,True,0.9437006690890691,False
6681,0.01609,False,0.00020899460650980473,0.0024170003598555923,0.00012500095181167126,0.00012499367585405707,4.1996827349066734e-05,0.0,0.003207998815923929,False,0.999999932422,,True,,,,0.01609,0.01609,0.01609,True,0.727378538155907,True
8446,0.063,False,0.0002079978003166616,0.0023329994291998446,0.00012500095181167126,0.00012500095181167126,8.300412446260452e-05,0.0,0.003125001967418939,False,0.9999997354,,True,,,,0.063,0.063,0.063,True,1.0,False
19835,0.07632,False,0.000166997779160738,0.0026669949875213206,0.00012500095181167126,0.0002090018824674189,8.400093065574765e-05,0.0,0.003625005774665624,False,0.999999679456,,True,,,,0.07632,0.07632,0.07632,False,,False
7539,0.125,False,0.0002500019036233425,0.002749999111983925,0.000166997779160738,0.00012500095181167126,8.300412446260452e-05,0.0,0.0037080026231706142,False,0.999999475,,True,,,,0.125,0.125,0.125,True,1.0,False
15392,0.164,False,0.00024999462766572833,0.0025000044843181968,0.00012500095181167126,0.00012499367585405707,8.299684850499034e-05,0.0,0.003415996616240591,False,0.9999993112,,True,,,,0.164,0.164,0.164,True,0.9735853332403228,False
18910,0.15,False,0.000166997779160738,0.002125001628883183,8.299684850499034e-05,8.299684850499034e-05,0.00012500095181167126,0.0,0.0028329959604889154,False,0.99999937,,True,,,,0.15,0.15,0.15,True,1.0,False
14087,0.087,False,0.00029199873097240925,0.0032909956644289196,0.000166997779160738,0.000166997779160738,0.00012500095181167126,0.0,0.004333000106271356,False,0.9999996346,,True,,,,0.087,0.087,0.087,True,0.9043482035482817,False
15365,0.066,False,0.00012500095181167126,0.0020419975044205785,8.400093065574765e-05,8.400093065574765e-05,4.200410330668092e-05,0.0,0.002707995008677244,False,0.9999997228,,True,,,,0.066,0.066,0.066,True,0.9861106457513735,False
3079,0.24722,False,0.0003749955794773996,0.005084002623334527,0.00020800507627427578,0.0002079978003166616,0.00012500095181167126,0.0,0.00650000583846122,False,0.999998961676,,True,,,,0.24722,0.24722,0.24722,True,0.9521502864431457,False
11310,0.21,False,8.400093065574765e-05,0.0019170038285665214,4.1996827349066734e-05,0.00012500095181167126,8.299684850499034e-05,0.0,0.0024999972083605826,False,0.999999118,,True,,,,0.21,0.21,0.21,True,1.0,False
852,0.03,False,0.00037500285543501377,0.004208995960652828,0.0002500019036233425,0.00016700505511835217,0.00012499367585405707,0.0,0.005583999154623598,False,0.999999874,,True,,,,0.03,0.03,0.03,True,0.9735972421800824,False
10294,0.15,False,0.0002090018824674189,0.0025839981390163302,0.00012500095181167126,0.00012499367585405707,8.300412446260452e-05,0.0,0.0033750038710422814,False,0.99999937,,True,,,,0.15,0.15,0.15,True,0.7270772479639251,True
9667,0.236,False,0.0002090018824674189,0.002458000381011516,8.300412446260452e-05,0.00012500095181167126,0.00012500095181167126,0.0,0.0033750038710422814,False,0.9999990088,,True,,,,0.236,0.236,0.236,True,0.9406150350896276,False
7495,0.243,False,0.0002090018824674189,0.0024170003598555923,0.00012500095181167126,0.00012500095181167126,0.00012499367585405707,0.0,0.0032910029403865337,False,0.9999989794,,True,,,,0.243,0.243,0.243,True,1.0,False
3886,0.183,False,0.0002090018824674189,0.002792003215290606,0.00016600097296759486,0.00016700505511835217,8.400093065574765e-05,0.0,0.0038329962990246713,False,0.9999992314,,True,,,,0.183,0.183,0.183,True,0.9670504696492755,False
15694,0.092,False,0.00033299875212833285,0.0033329997677356005,0.00016600097296759486,0.00012500095181167126,0.00012500095181167126,0.0,0.004499997885432094,False,0.9999996136,,True,,,,0.092,0.092,0.092,True,1.0,False
16073,0.0214,False,0.00012499367585405707,0.002125001628883183,8.400093065574765e-05,0.00012499367585405707,8.299684850499034e-05,0.0,0.002749999111983925,False,0.99999991012,,True,,,,0.0214,0.0214,0.0214,True,0.9521796628737612,False
13985,0.071,False,8.400093065574765e-05,0.001959000655915588,8.399365469813347e-05,8.400093065574765e-05,8.400093065574765e-05,0.0,0.002540997229516506,False,0.9999997018,,True,,,,0.071,0.071,0.071,True,1.0,False
18312,0.139,False,0.0002500019036233425,0.003249995643272996,0.0002090018824674189,0.000166997779160738,0.00012499367585405707,0.0,0.0043339969124644995,False,0.9999994162,,True,,,,0.139,0.139,0.139,True,0.9406305355192212,False
9200,0.186,False,0.00012500095181167126,0.002124994352925569,8.400093065574765e-05,0.00012500095181167126,8.400093065574765e-05,0.0,0.002791995939332992,False,0.9999992188,,True,,,,0.186,0.186,0.186,True,1.0,False
19927,0.05,False,0.0002500019036233425,0.0026659981813281775,0.00012500095181167126,0.000166997779160738,8.300412446260452e-05,0.0,0.003625005774665624,False,0.99999979,,True,,,,0.05,0.05,0.05,True,0.9043570302487728,False
1322,0.037,False,8.299684850499034e-05,0.0020000006770715117,0.00012500095181167126,8.400093065574765e-05,4.1996827349066734e-05,0.0,0.0025839981390163302,False,0.9999998446,,True,,,,0.037,0.037,0.037,True,1.0,False
7312,0.131,False,0.00016600097296759486,0.0024999972083605826,0.00012500095181167126,0.00012500095181167126,8.400093065574765e-05,0.0,0.003291999746579677,False,0.9999994498,,True,,,,0.131,0.131,0.131,True,1.0,False
14470,0.055,False,0.00020800507627427578,0.002458000381011516,8.300412446260452e-05,0.00012500095181167126,0.00012500095181167126,0.0,0.003207998815923929,False,0.999999769,,True,,,,0.055,0.055,0.055,True,0.9043558374991877,False
15664,0.009,False,0.00016700505511835217,0.0023339962353929877,0.00012500095181167126,0.00012500095181167126,8.300412446260452e-05,0.0,0.0030840019462630153,False,0.9999999622,,True,,,,0.009,0.009,0.009,True,0.7273944108234898,True
3292,0.276,False,0.000166997779160738,0.0022909953258931637,8.400093065574765e-05,0.00012500095181167126,8.400093065574765e-05,0.0,0.0029579969123005867,False,0.9999988408,,True,,,,0.276,0.276,0.276,True,0.8692469975405329,True
13040,0.094,False,0.000166997779160738,0.0023750035325065255,0.00012500095181167126,0.00012500095181167126,8.399365469813347e-05,0.0,0.0029999937396496534,False,0.9999996052,,True,,,,0.094,0.094,0.094,True,0.9521702198210564,False
5660,0.038,False,0.000166997779160738,0.0025000044843181968,0.00012500095181167126,8.300412446260452e-05,0.00012500095181167126,0.0,0.0033329997677356005,False,0.9999998404,,True,,,,0.038,0.038,0.038,True,0.9521775038289817,False
17026,0.191,False,0.0002500019036233425,0.002625005436129868,0.00012500095181167126,0.000166997779160738,8.400093065574765e-05,0.0,0.0035000048228539526,False,0.9999991978,,True,,,,0.191,0.191,0.191,True,0.7269844232238993,True
17617,0.238,False,0.00029199873097240925,0.0033339965739287436,0.0002090018824674189,0.00012500095181167126,0.00012500095181167126,0.0,0.004458001058083028,False,0.9999990004,,True,,,,0.238,0.238,0.238,True,1.0,False
1245,0.03,False,0.0002079978003166616,0.0026659981813281775,0.00012500095181167126,0.00016599369700998068,4.1996827349066734e-05,0.0,0.0035000048228539526,False,0.999999874,,True,,,,0.03,0.03,0.03,True,1.0,False
18213,0.17536000000000002,False,0.00016700505511835217,0.002082997525576502,0.00012500095181167126,0.00012500095181167126,4.1996827349066734e-05,0.0,0.002916996891144663,False,0.999999263488,,True,,,,0.17536000000000002,0.17536000000000002,0.17536000000000002,True,1.0,False
11502,0.144,False,0.0002500019036233425,0.0028330032364465296,0.00016600097296759486,0.000166997779160738,0.00012500095181167126,0.0,0.0038339931052178144,False,0.9999993952,,True,,,,0.144,0.144,0.144,True,0.973587110859266,False
1807,0.042,False,0.0002079978003166616,0.0023750035325065255,0.000166997779160738,0.00016700505511835217,0.00012500095181167126,0.0,0.003291999746579677,False,0.9999998236,,True,,,,0.042,0.042,0.042,True,1.0,False
4566,0.05,False,0.00016700505511835217,0.002124994352925569,0.00012500095181167126,8.299684850499034e-05,8.300412446260452e-05,0.0,0.0027909991331398487,False,0.99999979,,True,,,,0.05,0.05,0.05,True,0.9406447549470293,False
9321,0.135,False,0.0002079978003166616,0.0024999972083605826,0.00012500095181167126,0.000166997779160738,8.300412446260452e-05,0.0,0.0033329997677356005,False,0.999999433,,True,,,,0.135,0.135,0.135,True,1.0,False
9155,0.045,False,0.0004169996827840805,0.004541005182545632,0.00029199873097240925,0.0002090018824674189,0.00012500095181167126,0.0,0.0059580052038654685,False,0.999999811,,True,,,,0.045,0.045,0.045,True,1.0,False
11307,0.216,False,0.00012500095181167126,0.001959000655915588,8.399365469813347e-05,8.400093065574765e-05,0.00012500095181167126,0.0,0.002540997229516506,False,0.9999990928,,True,,,,0.216,0.216,0.216,True,0.7870823296958281,True
16945,0.051,False,0.0002079978003166616,0.0024999972083605826,0.00012500095181167126,0.00016600097296759486,0.00012500095181167126,0.0,0.003291999746579677,False,0.9999997858,,True,,,,0.051,0.051,0.051,True,0.7872024306446794,True
8293,0.12167,False,0.00012500095181167126,0.002458000381011516,0.00012500095181167126,0.00012500095181167126,4.1996827349066734e-05,0.0,0.0031249946914613247,False,0.999999488986,,True,,,,0.12167,0.12167,0.12167,True,0.9773467724105259,False
13329,0.169,False,0.00029099464882165194,0.0037919962778687477,0.0002090018824674189,0.000166997779160738,0.00012500095181167126,0.0,0.005000001692678779,False,0.9999992902,,True,,,,0.169,0.169,0.169,True,0.904328638757481,False
16149,0.008,False,0.000166997779160738,0.001959000655915588,8.400093065574765e-05,4.1996827349066734e-05,8.299684850499034e-05,0.0,0.002583001332823187,False,0.9999999664,,True,,,,0.008,0.008,0.008,True,1.0,False
19037,0.03,False,0.00012500095181167126,0.0018749997252598405,4.1996827349066734e-05,8.400093065574765e-05,4.1996827349066734e-05,0.0,0.002334003511350602,False,0.999999874,,True,,,,0.03,0.03,0.03,True,0.9437358471725609,False
3632,0.11375,False,0.00016700505511835217,0.0021669984562322497,8.300412446260452e-05,8.300412446260452e-05,8.299684850499034e-05,0.0,0.0028340000426396728,False,0.99999952225,,True,,,,0.11375,0.11375,0.11375,True,1.0,False
7632,0.07515000000000001,False,0.00033299875212833285,0.0034999975468963385,0.0002090018824674189,0.000166997779160738,0.00012500095181167126,0.0,0.004624998837243766,False,0.99999968437,,True,,,,0.07515000000000001,0.07515000000000001,0.07515000000000001,True,1.0,False
10364,0.10267,False,0.00012500095181167126,0.0022079984773881733,8.299684850499034e-05,8.399365469813347e-05,4.200410330668092e-05,0.0,0.0028340000426396728,False,0.999999568786,,True,,,,0.10267,0.10267,0.10267,True,0.9735907841250891,False
9324,0.183,False,0.0002079978003166616,0.0022080057533457875,0.00012500095181167126,0.00012500095181167126,8.300412446260452e-05,0.0,0.0029579969123005867,False,0.9999992314,,True,,,,0.183,0.183,0.183,True,0.9670504696492755,False
17263,0.05,False,0.00012500095181167126,0.001957996573764831,8.300412446260452e-05,8.300412446260452e-05,8.300412446260452e-05,0.0,0.002583001332823187,False,0.99999979,,True,,,,0.05,0.05,0.05,True,1.0,False
2574,0.02071,False,0.0002910019247792661,0.002916996891144663,0.00012499367585405707,0.00016600097296759486,0.00012500095181167126,0.0,0.0040000013541430235,False,0.999999913018,,True,,,,0.02071,0.02071,0.02071,True,1.0,False
10628,0.06,False,0.00029200600693002343,0.0028340000426396728,0.00012499367585405707,8.299684850499034e-05,0.00012500095181167126,0.0,0.0038329962990246713,False,0.999999748,,True,,,,0.06,0.06,0.06,True,1.0,False
16250,0.162,False,0.0002079978003166616,0.0022080057533457875,8.299684850499034e-05,0.00012500095181167126,4.1000021155923605e-05,0.0,0.002959000994451344,False,0.9999993196,,True,,,,0.162,0.162,0.162,True,0.9406268604286058,False
14863,0.308,False,0.0002090018824674189,0.002624998160172254,0.00012500095181167126,0.00012500095181167126,8.300412446260452e-05,0.0,0.003417000698391348,False,0.9999987064,,True,,,,0.308,0.308,0.308,True,0.9622898059055531,False
15744,0.021,False,0.00012499367585405707,0.001957996573764831,0.00012500095181167126,8.399365469813347e-05,8.400093065574765e-05,0.0,0.002624998160172254,False,0.9999999118,,True,,,,0.021,0.021,0.021,True,1.0,False
15253,0.185,False,0.0002079978003166616,0.0024999972083605826,0.00012500095181167126,0.00016600097296759486,8.399365469813347e-05,0.0,0.00325000291923061,False,0.999999223,,True,,,,0.185,0.185,0.185,True,0.9735834666780233,False
20099,0.05059,False,0.0002079978003166616,0.0026660054572857916,0.000166997779160738,0.00012500095181167126,0.00012500095181167126,0.0,0.003583001671358943,False,0.999999787522,,True,,,,0.05059,0.05059,0.05059,True,0.9754933025938781,False
10915,0.06831,False,0.0002500019036233425,0.0024999972083605826,8.300412446260452e-05,0.00016700505511835217,0.00012499367585405707,0.0,0.003417000698391348,False,0.999999713098,,True,,,,0.06831,0.06831,0.06831,True,0.9406418297838434,False
1860,0.075,False,0.0002090018824674189,0.00224999530473724,8.400093065574765e-05,8.400093065574765e-05,8.400093065574765e-05,0.0,0.002916996891144663,False,0.999999685,,True,,,,0.075,0.075,0.075,True,0.9791730415359057,False
4032,0.102,False,0.0004169996827840805,0.005083005817141384,0.0002079978003166616,0.00012500095181167126,0.00016600097296759486,0.0,0.006334004865493625,False,0.9999995716,,True,,,,0.102,0.102,0.102,True,1.0,False
14439,0.062,False,0.000166997779160738,0.0024170003598555923,4.1000021155923605e-05,0.00012500095181167126,8.299684850499034e-05,0.0,0.0031249946914613247,False,0.9999997396,,True,,,,0.062,0.062,0.062,True,1.0,False
1679,0.113,False,0.00012500095181167126,0.0020000006770715117,8.400093065574765e-05,8.399365469813347e-05,4.200410330668092e-05,0.0,0.002583001332823187,False,0.9999995254,,True,,,,0.113,0.113,0.113,True,1.0,False
17654,0.126,False,0.00033400283427909017,0.003458997525740415,0.000166997779160738,0.00016600097296759486,0.00012500095181167126,0.0,0.004583002009894699,False,0.9999994708,,True,,,,0.126,0.126,0.126,True,0.9598597843695679,False
8925,0.15788,False,0.0002500019036233425,0.003207998815923929,0.00016600097296759486,0.000166997779160738,0.00012500095181167126,0.0,0.00429100327892229,False,0.999999336904,,True,,,,0.15788,0.15788,0.15788,True,0.9043312921694039,False
9050,0.195,False,0.00020899460650980473,0.0023750035325065255,0.00016700505511835217,0.0002079978003166616,0.00012500095181167126,0.0,0.0033750038710422814,False,0.999999181,,True,,,,0.195,0.195,0.195,True,0.982700466742306,False
13562,0.004,False,0.00016600097296759486,0.002082997525576502,8.300412446260452e-05,8.300412446260452e-05,4.200410330668092e-05,0.0,0.002749999111983925,False,0.9999999832,,True,,,,0.004,0.004,0.004,True,0.9598745393605944,False
16027,0.192,False,0.00012500095181167126,0.002082997525576502,8.299684850499034e-05,0.00012500095181167126,8.399365469813347e-05,0.0,0.002749999111983925,False,0.9999991936,,True,,,,0.192,0.192,0.192,True,1.0,False
1752,0.024,False,0.0002090018824674189,0.002458997187204659,0.00012500095181167126,0.000166997779160738,0.00012500095181167126,0.0,0.0033750038710422814,False,0.9999998992,,True,,,,0.024,0.024,0.024,True,1.0,False
